Timestamp,Account,Provider,Event,PeakEquity,CurrentEquity,DDPercent,OpenTrades,Details
2026.02.14 23:54:59,410038624,SYSTEM,EA_START,0.00,0.00,0.00,0,Initialized with 2 providers
2026.02.14 23:54:59,410038624,SYSTEM,EA_STOP,0.00,0.00,0.00,0,Reason: 9
2026.02.14 23:54:59,410038624,SYSTEM,EA_START,0.00,0.00,0.00,0,Initialized with 2 providers
2026.02.15 01:44:59,410038624,SYSTEM,EA_STOP,0.00,0.00,0.00,0,Reason: 2
2026.02.15 01:44:59,410038624,SYSTEM,EA_START,0.00,0.00,0.00,0,Initialized with 2 providers
2026.02.15 01:46:16,410038624,SYSTEM,EA_STOP,0.00,0.00,0.00,0,Reason: 5
2026.02.15 01:46:16,410038624,SYSTEM,EA_START,0.00,0.00,0.00,0,Initialized with 2 providers
2026.02.15 01:46:58,410038624,SYSTEM,EA_STOP,0.00,0.00,0.00,0,Reason: 1
2026.02.15 01:47:05,410038624,SYSTEM,EA_START,0.00,0.00,0.00,0,Initialized with 2 providers
2026.02.16 06:54:09,410038624,Magic_269106,EMERGENCY_KILLSWITCH,0.73,0.34,53.42,1,"Closed 1 trades, kill switch engaged"
2026.02.16 06:54:10,410038624,Magic_435145,EMERGENCY_KILLSWITCH,0.73,0.34,53.42,1,"Closed 1 trades, kill switch engaged"
2026.02.16 11:53:55,410038624,Magic_211115,EMERGENCY_KILLSWITCH,0.82,-1.00,221.95,1,"Closed 1 trades, kill switch engaged"
2026.02.16 11:53:57,410038624,Magic_251101,WARNING,127.53,124.15,2.65,1,Provider approaching DD threshold
2026.02.16 11:57:56,410038624,Magic_251101,CRITICAL_TRIM,127.53,122.97,3.58,1,Closed 1 worst trades
2026.02.16 12:05:04,410038624,Magic_251101,CRITICAL_TRIM,127.53,122.97,3.58,0,Closed 0 worst trades
2026.02.16 12:05:04,410038624,Magic_251101,CRITICAL_TRIM,127.53,122.97,3.58,0,Closed 0 worst trades
2026.02.16 12:05:04,410038624,Magic_251101,CRITICAL_TRIM,127.53,122.97,3.58,0,Closed 0 worst trades
2026.02.16 12:05:05,410038624,Magic_251101,CRITICAL_TRIM,127.53,122.97,3.58,0,Closed 0 worst trades
2026.02.16 12:05:05,410038624,Magic_251101,CRITICAL_TRIM,127.53,122.97,3.58,0,Closed 0 worst trades
2026.02.16 12:05:06,410038624,Magic_251101,CRITICAL_TRIM,127.53,122.97,3.58,0,Closed 0 worst trades
2026.02.16 12:05:07,410038624,Magic_251101,CRITICAL_TRIM,127.53,122.97,3.58,0,Closed 0 worst trades
2026.02.16 12:05:07,410038624,Magic_251101,CRITICAL_TRIM,127.53,122.97,3.58,0,Closed 0 worst trades
2026.02.16 12:05:07,410038624,Magic_251101,CRITICAL_TRIM,127.53,122.97,3.58,0,Closed 0 worst trades
2026.02.16 12:05:07,410038624,Magic_251101,CRITICAL_TRIM,127.53,122.97,3.58,0,Closed 0 worst trades
2026.02.16 12:05:07,410038624,Magic_251101,CRITICAL_TRIM,127.53,122.97,3.58,0,Closed 0 worst trades
2026.02.16 12:05:07,410038624,Magic_251101,CRITICAL_TRIM,127.53,122.97,3.58,0,Closed 0 worst trades
2026.02.16 12:05:07,410038624,Magic_251101,CRITICAL_TRIM,127.53,122.97,3.58,0,Closed 0 worst trades
2026.02.16 12:05:07,410038624,Magic_251101,CRITICAL_TRIM,127.53,122.97,3.58,0,Closed 0 worst trades
2026.02.16 12:05:08,410038624,Magic_251101,CRITICAL_TRIM,127.53,122.97,3.58,0,Closed 0 worst trades
2026.02.16 12:05:08,410038624,Magic_251101,CRITICAL_TRIM,127.53,122.97,3.58,0,Closed 0 worst trades
2026.02.16 12:05:09,410038624,Magic_251101,CRITICAL_TRIM,127.53,122.97,3.58,0,Closed 0 worst trades
2026.02.16 12:05:10,410038624,Magic_251101,CRITICAL_TRIM,127.53,122.97,3.58,0,Closed 0 worst trades
2026.02.16 12:05:10,410038624,Magic_251101,CRITICAL_TRIM,127.53,122.97,3.58,0,Closed 0 worst trades
2026.02.16 12:05:10,410038624,Magic_251101,CRITICAL_TRIM,127.53,122.97,3.58,0,Closed 0 worst trades
2026.02.16 12:05:10,410038624,Magic_251101,CRITICAL_TRIM,127.53,122.97,3.58,0,Closed 0 worst trades
2026.02.16 12:05:11,410038624,Magic_251101,CRITICAL_TRIM,127.53,122.97,3.58,0,Closed 0 worst trades
2026.02.16 12:05:11,410038624,Magic_251101,CRITICAL_TRIM,127.53,122.97,3.58,0,Closed 0 worst trades
2026.02.16 12:05:11,410038624,Magic_251101,CRITICAL_TRIM,127.53,122.97,3.58,0,Closed 0 worst trades
2026.02.16 12:05:11,410038624,Magic_251101,CRITICAL_TRIM,127.53,122.97,3.58,0,Closed 0 worst trades
2026.02.16 12:05:11,410038624,Magic_251101,CRITICAL_TRIM,127.53,122.97,3.58,0,Closed 0 worst trades
2026.02.16 12:05:11,410038624,Magic_251101,CRITICAL_TRIM,127.53,122.97,3.58,0,Closed 0 worst trades
2026.02.16 12:05:12,410038624,Magic_251101,CRITICAL_TRIM,127.53,122.97,3.58,0,Closed 0 worst trades
2026.02.16 12:05:12,410038624,Magic_251101,CRITICAL_TRIM,127.53,122.97,3.58,0,Closed 0 worst trades
2026.02.16 12:05:12,410038624,Magic_251101,CRITICAL_TRIM,127.53,122.97,3.58,0,Closed 0 worst trades
2026.02.16 12:05:12,410038624,Magic_251101,CRITICAL_TRIM,127.53,122.97,3.58,0,Closed 0 worst trades
2026.02.16 12:05:13,410038624,Magic_251101,CRITICAL_TRIM,127.53,122.97,3.58,0,Closed 0 worst trades
2026.02.16 12:05:13,410038624,Magic_251101,CRITICAL_TRIM,127.53,122.97,3.58,0,Closed 0 worst trades
2026.02.16 12:05:13,410038624,Magic_251101,CRITICAL_TRIM,127.53,122.97,3.58,0,Closed 0 worst trades
2026.02.16 12:05:13,410038624,Magic_251101,CRITICAL_TRIM,127.53,122.97,3.58,0,Closed 0 worst trades
2026.02.16 12:05:13,410038624,Magic_251101,CRITICAL_TRIM,127.53,122.97,3.58,0,Closed 0 worst trades
2026.02.16 12:05:14,410038624,Magic_251101,CRITICAL_TRIM,127.53,122.97,3.58,0,Closed 0 worst trades
2026.02.16 12:05:14,410038624,Magic_251101,CRITICAL_TRIM,127.53,122.97,3.58,0,Closed 0 worst trades
2026.02.16 12:05:14,410038624,Magic_251101,CRITICAL_TRIM,127.53,122.97,3.58,0,Closed 0 worst trades
2026.02.16 12:05:15,410038624,Magic_251101,CRITICAL_TRIM,127.53,122.97,3.58,0,Closed 0 worst trades
2026.02.16 12:05:15,410038624,Magic_251101,CRITICAL_TRIM,127.53,122.97,3.58,0,Closed 0 worst trades
2026.02.16 12:05:15,410038624,Magic_251101,CRITICAL_TRIM,127.53,122.97,3.58,0,Closed 0 worst trades
2026.02.16 12:05:15,410038624,Magic_251101,CRITICAL_TRIM,127.53,122.97,3.58,0,Closed 0 worst trades
2026.02.16 12:05:16,410038624,Magic_251101,CRITICAL_TRIM,127.53,122.97,3.58,0,Closed 0 worst trades
2026.02.16 12:05:16,410038624,Magic_251101,CRITICAL_TRIM,127.53,122.97,3.58,0,Closed 0 worst trades
2026.02.16 12:05:16,410038624,Magic_251101,CRITICAL_TRIM,127.53,122.97,3.58,0,Closed 0 worst trades
2026.02.16 12:05:17,410038624,Magic_251101,CRITICAL_TRIM,127.53,122.97,3.58,0,Closed 0 worst trades
2026.02.16 12:05:17,410038624,Magic_251101,CRITICAL_TRIM,127.53,122.97,3.58,0,Closed 0 worst trades
2026.02.16 12:05:18,410038624,Magic_251101,CRITICAL_TRIM,127.53,122.97,3.58,0,Closed 0 worst trades
2026.02.16 12:05:19,410038624,Magic_251101,CRITICAL_TRIM,127.53,122.97,3.58,0,Closed 0 worst trades
2026.02.16 12:05:19,410038624,Magic_251101,CRITICAL_TRIM,127.53,122.97,3.58,0,Closed 0 worst trades
2026.02.16 12:05:19,410038624,Magic_251101,CRITICAL_TRIM,127.53,122.97,3.58,0,Closed 0 worst trades
2026.02.16 12:05:19,410038624,Magic_251101,CRITICAL_TRIM,127.53,122.97,3.58,0,Closed 0 worst trades
2026.02.16 12:05:19,410038624,Magic_251101,CRITICAL_TRIM,127.53,122.97,3.58,0,Closed 0 worst trades
2026.02.16 12:05:19,410038624,Magic_251101,CRITICAL_TRIM,127.53,122.97,3.58,0,Closed 0 worst trades
2026.02.16 12:05:20,410038624,Magic_251101,CRITICAL_TRIM,127.53,122.97,3.58,0,Closed 0 worst trades
2026.02.16 12:05:20,410038624,Magic_251101,CRITICAL_TRIM,127.53,122.97,3.58,0,Closed 0 worst trades
2026.02.16 12:05:20,410038624,Magic_251101,CRITICAL_TRIM,127.53,122.97,3.58,0,Closed 0 worst trades
2026.02.16 12:05:21,410038624,Magic_251101,CRITICAL_TRIM,127.53,122.97,3.58,0,Closed 0 worst trades
2026.02.16 12:05:21,410038624,Magic_251101,CRITICAL_TRIM,127.53,122.97,3.58,0,Closed 0 worst trades
2026.02.16 12:05:22,410038624,Magic_251101,CRITICAL_TRIM,127.53,122.97,3.58,0,Closed 0 worst trades
2026.02.16 12:05:22,410038624,Magic_251101,CRITICAL_TRIM,127.53,122.97,3.58,0,Closed 0 worst trades
2026.02.16 12:05:22,410038624,Magic_251101,CRITICAL_TRIM,127.53,122.97,3.58,0,Closed 0 worst trades
2026.02.16 12:05:23,410038624,Magic_251101,CRITICAL_TRIM,127.53,122.97,3.58,0,Closed 0 worst trades
2026.02.16 12:05:23,410038624,Magic_251101,CRITICAL_TRIM,127.53,122.97,3.58,0,Closed 0 worst trades
2026.02.16 12:05:24,410038624,Magic_251101,CRITICAL_TRIM,127.53,122.97,3.58,0,Closed 0 worst trades
2026.02.16 12:05:24,410038624,Magic_251101,CRITICAL_TRIM,127.53,122.97,3.58,0,Closed 0 worst trades
2026.02.16 12:05:24,410038624,Magic_251101,CRITICAL_TRIM,127.53,122.97,3.58,0,Closed 0 worst trades
2026.02.16 12:05:25,410038624,Magic_251101,CRITICAL_TRIM,127.53,122.97,3.58,0,Closed 0 worst trades
2026.02.16 12:05:25,410038624,Magic_251101,CRITICAL_TRIM,127.53,122.97,3.58,0,Closed 0 worst trades
2026.02.16 12:05:26,410038624,Magic_251101,CRITICAL_TRIM,127.53,122.97,3.58,0,Closed 0 worst trades
2026.02.16 12:05:26,410038624,Magic_251101,CRITICAL_TRIM,127.53,122.97,3.58,0,Closed 0 worst trades
2026.02.16 12:05:27,410038624,Magic_251101,CRITICAL_TRIM,127.53,122.97,3.58,0,Closed 0 worst trades
2026.02.16 12:05:28,410038624,Magic_251101,CRITICAL_TRIM,127.53,122.97,3.58,0,Closed 0 worst trades
2026.02.16 12:05:28,410038624,Magic_251101,CRITICAL_TRIM,127.53,122.97,3.58,0,Closed 0 worst trades
2026.02.16 12:05:28,410038624,Magic_251101,CRITICAL_TRIM,127.53,122.97,3.58,0,Closed 0 worst trades
2026.02.16 12:05:28,410038624,Magic_251101,CRITICAL_TRIM,127.53,122.97,3.58,0,Closed 0 worst trades
2026.02.16 12:05:28,410038624,Magic_251101,CRITICAL_TRIM,127.53,122.97,3.58,0,Closed 0 worst trades
2026.02.16 12:05:29,410038624,Magic_251101,CRITICAL_TRIM,127.53,122.97,3.58,0,Closed 0 worst trades
2026.02.16 12:05:29,410038624,Magic_251101,CRITICAL_TRIM,127.53,122.97,3.58,0,Closed 0 worst trades
2026.02.16 12:05:29,410038624,Magic_251101,CRITICAL_TRIM,127.53,122.97,3.58,0,Closed 0 worst trades
2026.02.16 12:05:29,410038624,Magic_251101,CRITICAL_TRIM,127.53,122.97,3.58,0,Closed 0 worst trades
2026.02.16 12:05:29,410038624,Magic_251101,CRITICAL_TRIM,127.53,122.97,3.58,0,Closed 0 worst trades
2026.02.16 12:05:30,410038624,Magic_251101,CRITICAL_TRIM,127.53,122.97,3.58,0,Closed 0 worst trades
2026.02.16 12:05:30,410038624,Magic_251101,CRITICAL_TRIM,127.53,122.97,3.58,0,Closed 0 worst trades
2026.02.16 12:05:30,410038624,Magic_251101,CRITICAL_TRIM,127.53,122.97,3.58,0,Closed 0 worst trades
2026.02.16 12:05:30,410038624,Magic_251101,CRITICAL_TRIM,127.53,122.97,3.58,0,Closed 0 worst trades
2026.02.16 12:05:31,410038624,Magic_251101,CRITICAL_TRIM,127.53,122.97,3.58,0,Closed 0 worst trades
2026.02.16 12:05:31,410038624,Magic_251101,CRITICAL_TRIM,127.53,122.97,3.58,0,Closed 0 worst trades
2026.02.16 12:05:32,410038624,Magic_251101,CRITICAL_TRIM,127.53,122.97,3.58,0,Closed 0 worst trades
2026.02.16 12:05:33,410038624,Magic_251101,CRITICAL_TRIM,127.53,122.97,3.58,0,Closed 0 worst trades
2026.02.16 12:05:33,410038624,Magic_251101,CRITICAL_TRIM,127.53,122.97,3.58,0,Closed 0 worst trades
2026.02.16 12:05:33,410038624,Magic_251101,CRITICAL_TRIM,127.53,122.97,3.58,0,Closed 0 worst trades
2026.02.16 12:05:34,410038624,Magic_251101,CRITICAL_TRIM,127.53,122.97,3.58,0,Closed 0 worst trades
2026.02.16 12:05:34,410038624,Magic_251101,CRITICAL_TRIM,127.53,122.97,3.58,0,Closed 0 worst trades
2026.02.16 12:05:34,410038624,Magic_251101,CRITICAL_TRIM,127.53,122.97,3.58,0,Closed 0 worst trades
2026.02.16 12:05:34,410038624,Magic_251101,CRITICAL_TRIM,127.53,122.97,3.58,0,Closed 0 worst trades
2026.02.16 12:05:34,410038624,Magic_251101,CRITICAL_TRIM,127.53,122.97,3.58,0,Closed 0 worst trades
2026.02.16 12:05:35,410038624,Magic_251101,CRITICAL_TRIM,127.53,122.97,3.58,0,Closed 0 worst trades
2026.02.16 12:05:36,410038624,Magic_251101,CRITICAL_TRIM,127.53,122.97,3.58,0,Closed 0 worst trades
2026.02.16 12:05:36,410038624,Magic_251101,CRITICAL_TRIM,127.53,122.97,3.58,0,Closed 0 worst trades
2026.02.16 12:05:37,410038624,Magic_251101,CRITICAL_TRIM,127.53,122.97,3.58,0,Closed 0 worst trades
2026.02.16 12:05:37,410038624,Magic_251101,CRITICAL_TRIM,127.53,122.97,3.58,0,Closed 0 worst trades
2026.02.16 12:05:42,410038624,Magic_251101,CRITICAL_TRIM,127.53,122.97,3.58,0,Closed 0 worst trades
2026.02.16 12:05:44,410038624,Magic_251101,CRITICAL_TRIM,127.53,122.97,3.58,0,Closed 0 worst trades
2026.02.16 12:05:44,410038624,Magic_251101,CRITICAL_TRIM,127.53,122.97,3.58,0,Closed 0 worst trades
2026.02.16 12:05:44,410038624,Magic_251101,CRITICAL_TRIM,127.53,122.97,3.58,0,Closed 0 worst trades
2026.02.16 12:05:44,410038624,Magic_251101,CRITICAL_TRIM,127.53,122.97,3.58,0,Closed 0 worst trades
2026.02.16 12:05:45,410038624,Magic_251101,CRITICAL_TRIM,127.53,122.97,3.58,0,Closed 0 worst trades
2026.02.16 12:05:45,410038624,Magic_251101,CRITICAL_TRIM,127.53,122.97,3.58,0,Closed 0 worst trades
2026.02.16 12:05:46,410038624,Magic_251101,CRITICAL_TRIM,127.53,122.97,3.58,0,Closed 0 worst trades
2026.02.16 12:05:46,410038624,Magic_251101,CRITICAL_TRIM,127.53,122.97,3.58,0,Closed 0 worst trades
2026.02.16 12:05:46,410038624,Magic_251101,CRITICAL_TRIM,127.53,122.97,3.58,0,Closed 0 worst trades
2026.02.16 12:05:47,410038624,Magic_251101,CRITICAL_TRIM,127.53,122.97,3.58,0,Closed 0 worst trades
2026.02.16 12:05:47,410038624,Magic_251101,CRITICAL_TRIM,127.53,122.97,3.58,0,Closed 0 worst trades
2026.02.16 12:05:47,410038624,Magic_251101,CRITICAL_TRIM,127.53,122.97,3.58,0,Closed 0 worst trades
2026.02.16 12:05:47,410038624,Magic_251101,CRITICAL_TRIM,127.53,122.97,3.58,0,Closed 0 worst trades
2026.02.16 12:05:48,410038624,Magic_251101,CRITICAL_TRIM,127.53,122.97,3.58,0,Closed 0 worst trades
2026.02.16 12:05:49,410038624,Magic_251101,CRITICAL_TRIM,127.53,122.97,3.58,0,Closed 0 worst trades
2026.02.16 12:05:49,410038624,Magic_251101,CRITICAL_TRIM,127.53,122.97,3.58,0,Closed 0 worst trades
2026.02.16 12:05:49,410038624,Magic_251101,CRITICAL_TRIM,127.53,122.97,3.58,0,Closed 0 worst trades
2026.02.16 12:05:50,410038624,Magic_251101,CRITICAL_TRIM,127.53,122.97,3.58,0,Closed 0 worst trades
2026.02.16 12:05:50,410038624,Magic_251101,CRITICAL_TRIM,127.53,122.97,3.58,0,Closed 0 worst trades
2026.02.16 12:05:51,410038624,Magic_251101,CRITICAL_TRIM,127.53,122.97,3.58,0,Closed 0 worst trades
2026.02.16 12:05:51,410038624,Magic_251101,CRITICAL_TRIM,127.53,122.97,3.58,0,Closed 0 worst trades
2026.02.16 12:05:51,410038624,Magic_251101,CRITICAL_TRIM,127.53,122.97,3.58,0,Closed 0 worst trades
2026.02.16 12:05:52,410038624,Magic_251101,CRITICAL_TRIM,127.53,122.97,3.58,0,Closed 0 worst trades
2026.02.16 12:05:52,410038624,Magic_251101,CRITICAL_TRIM,127.53,122.97,3.58,0,Closed 0 worst trades
2026.02.16 12:05:52,410038624,Magic_251101,CRITICAL_TRIM,127.53,122.97,3.58,0,Closed 0 worst trades
2026.02.16 12:05:55,410038624,Magic_251101,CRITICAL_TRIM,127.53,122.97,3.58,0,Closed 0 worst trades
2026.02.16 12:05:55,410038624,Magic_251101,CRITICAL_TRIM,127.53,122.97,3.58,0,Closed 0 worst trades
2026.02.16 12:05:56,410038624,Magic_251101,CRITICAL_TRIM,127.53,122.97,3.58,0,Closed 0 worst trades
2026.02.16 12:05:56,410038624,Magic_251101,CRITICAL_TRIM,127.53,122.97,3.58,0,Closed 0 worst trades
2026.02.16 12:05:56,410038624,Magic_251101,CRITICAL_TRIM,127.53,122.97,3.58,0,Closed 0 worst trades
2026.02.16 12:05:56,410038624,Magic_251101,CRITICAL_TRIM,127.53,122.97,3.58,0,Closed 0 worst trades
2026.02.16 12:05:57,410038624,Magic_251101,CRITICAL_TRIM,127.53,122.97,3.58,0,Closed 0 worst trades
2026.02.16 12:05:57,410038624,Magic_251101,CRITICAL_TRIM,127.53,122.97,3.58,0,Closed 0 worst trades
2026.02.16 12:05:58,410038624,Magic_251101,CRITICAL_TRIM,127.53,122.97,3.58,0,Closed 0 worst trades
2026.02.16 12:05:58,410038624,Magic_251101,CRITICAL_TRIM,127.53,122.97,3.58,0,Closed 0 worst trades
2026.02.16 12:06:00,410038624,Magic_251101,CRITICAL_TRIM,127.53,122.97,3.58,0,Closed 0 worst trades
2026.02.16 12:06:00,410038624,Magic_251101,CRITICAL_TRIM,127.53,122.97,3.58,0,Closed 0 worst trades
2026.02.16 12:06:00,410038624,Magic_251101,CRITICAL_TRIM,127.53,122.97,3.58,0,Closed 0 worst trades
2026.02.16 12:06:00,410038624,Magic_251101,CRITICAL_TRIM,127.53,122.97,3.58,0,Closed 0 worst trades
2026.02.16 12:06:01,410038624,Magic_251101,CRITICAL_TRIM,127.53,122.97,3.58,0,Closed 0 worst trades
2026.02.16 12:06:01,410038624,Magic_251101,CRITICAL_TRIM,127.53,122.97,3.58,0,Closed 0 worst trades
2026.02.16 12:06:01,410038624,Magic_251101,CRITICAL_TRIM,127.53,122.97,3.58,0,Closed 0 worst trades
2026.02.16 12:06:01,410038624,Magic_251101,CRITICAL_TRIM,127.53,122.97,3.58,0,Closed 0 worst trades
2026.02.16 12:06:01,410038624,Magic_251101,CRITICAL_TRIM,127.53,122.97,3.58,0,Closed 0 worst trades
2026.02.16 12:06:01,410038624,Magic_251101,CRITICAL_TRIM,127.53,122.97,3.58,0,Closed 0 worst trades
2026.02.16 12:06:01,410038624,Magic_251101,CRITICAL_TRIM,127.53,122.97,3.58,0,Closed 0 worst trades
2026.02.16 12:06:01,410038624,Magic_251101,CRITICAL_TRIM,127.53,122.97,3.58,0,Closed 0 worst trades
2026.02.16 12:06:02,410038624,Magic_251101,CRITICAL_TRIM,127.53,122.97,3.58,0,Closed 0 worst trades
2026.02.16 12:06:02,410038624,Magic_251101,CRITICAL_TRIM,127.53,122.97,3.58,0,Closed 0 worst trades
2026.02.16 12:06:02,410038624,Magic_251101,CRITICAL_TRIM,127.53,122.97,3.58,0,Closed 0 worst trades
2026.02.16 12:06:02,410038624,Magic_251101,CRITICAL_TRIM,127.53,122.97,3.58,0,Closed 0 worst trades
2026.02.16 12:06:02,410038624,Magic_251101,CRITICAL_TRIM,127.53,122.97,3.58,0,Closed 0 worst trades
2026.02.16 12:06:03,410038624,Magic_251101,CRITICAL_TRIM,127.53,122.97,3.58,0,Closed 0 worst trades
2026.02.16 12:06:03,410038624,Magic_251101,CRITICAL_TRIM,127.53,122.97,3.58,0,Closed 0 worst trades
2026.02.16 12:06:03,410038624,Magic_251101,CRITICAL_TRIM,127.53,122.97,3.58,0,Closed 0 worst trades
2026.02.16 12:06:03,410038624,Magic_251101,CRITICAL_TRIM,127.53,122.97,3.58,0,Closed 0 worst trades
2026.02.16 12:06:03,410038624,Magic_251101,CRITICAL_TRIM,127.53,122.97,3.58,0,Closed 0 worst trades
2026.02.16 12:06:03,410038624,Magic_251101,CRITICAL_TRIM,127.53,122.97,3.58,0,Closed 0 worst trades
2026.02.16 12:06:04,410038624,Magic_251101,CRITICAL_TRIM,127.53,122.97,3.58,0,Closed 0 worst trades
2026.02.16 12:06:04,410038624,Magic_251101,CRITICAL_TRIM,127.53,122.97,3.58,0,Closed 0 worst trades
2026.02.16 12:06:04,410038624,Magic_251101,CRITICAL_TRIM,127.53,122.97,3.58,0,Closed 0 worst trades
2026.02.16 12:06:05,410038624,Magic_251101,CRITICAL_TRIM,127.53,122.97,3.58,0,Closed 0 worst trades
2026.02.16 12:06:05,410038624,Magic_251101,CRITICAL_TRIM,127.53,122.97,3.58,0,Closed 0 worst trades
2026.02.16 12:06:05,410038624,Magic_251101,CRITICAL_TRIM,127.53,122.97,3.58,0,Closed 0 worst trades
2026.02.16 12:06:06,410038624,Magic_251101,CRITICAL_TRIM,127.53,122.97,3.58,0,Closed 0 worst trades
2026.02.16 12:06:06,410038624,Magic_251101,CRITICAL_TRIM,127.53,122.97,3.58,0,Closed 0 worst trades
2026.02.16 12:06:06,410038624,Magic_251101,CRITICAL_TRIM,127.53,122.97,3.58,0,Closed 0 worst trades
2026.02.16 12:06:06,410038624,Magic_251101,CRITICAL_TRIM,127.53,122.97,3.58,0,Closed 0 worst trades
2026.02.16 12:06:06,410038624,Magic_251101,CRITICAL_TRIM,127.53,122.97,3.58,0,Closed 0 worst trades
2026.02.16 12:06:06,410038624,Magic_251101,CRITICAL_TRIM,127.53,122.97,3.58,0,Closed 0 worst trades
2026.02.16 12:06:06,410038624,Magic_251101,CRITICAL_TRIM,127.53,122.97,3.58,0,Closed 0 worst trades
2026.02.16 12:06:07,410038624,Magic_251101,CRITICAL_TRIM,127.53,122.97,3.58,0,Closed 0 worst trades
2026.02.16 12:06:07,410038624,Magic_251101,CRITICAL_TRIM,127.53,122.97,3.58,0,Closed 0 worst trades
2026.02.16 12:06:08,410038624,Magic_251101,CRITICAL_TRIM,127.53,122.97,3.58,0,Closed 0 worst trades
2026.02.16 12:06:08,410038624,Magic_251101,CRITICAL_TRIM,127.53,122.97,3.58,0,Closed 0 worst trades
2026.02.16 12:06:08,410038624,Magic_251101,CRITICAL_TRIM,127.53,122.97,3.58,0,Closed 0 worst trades
2026.02.16 12:06:09,410038624,Magic_251101,CRITICAL_TRIM,127.53,122.97,3.58,0,Closed 0 worst trades
2026.02.16 12:06:09,410038624,Magic_251101,CRITICAL_TRIM,127.53,122.97,3.58,0,Closed 0 worst trades
2026.02.16 12:06:09,410038624,Magic_251101,CRITICAL_TRIM,127.53,122.97,3.58,0,Closed 0 worst trades
2026.02.16 12:06:09,410038624,Magic_251101,CRITICAL_TRIM,127.53,122.97,3.58,0,Closed 0 worst trades
2026.02.16 12:06:09,410038624,Magic_251101,CRITICAL_TRIM,127.53,122.97,3.58,0,Closed 0 worst trades
2026.02.16 12:06:10,410038624,Magic_251101,CRITICAL_TRIM,127.53,122.97,3.58,0,Closed 0 worst trades
2026.02.16 12:06:10,410038624,Magic_251101,CRITICAL_TRIM,127.53,122.97,3.58,0,Closed 0 worst trades
2026.02.16 12:06:10,410038624,Magic_251101,CRITICAL_TRIM,127.53,122.97,3.58,0,Closed 0 worst trades
2026.02.16 12:06:11,410038624,Magic_251101,CRITICAL_TRIM,127.53,122.97,3.58,0,Closed 0 worst trades
2026.02.16 12:06:11,410038624,Magic_251101,CRITICAL_TRIM,127.53,122.97,3.58,0,Closed 0 worst trades
2026.02.16 12:06:12,410038624,Magic_251101,CRITICAL_TRIM,127.53,122.97,3.58,0,Closed 0 worst trades
2026.02.16 12:06:12,410038624,Magic_251101,CRITICAL_TRIM,127.53,122.97,3.58,0,Closed 0 worst trades
2026.02.16 12:06:12,410038624,Magic_251101,CRITICAL_TRIM,127.53,122.97,3.58,0,Closed 0 worst trades
2026.02.16 12:06:12,410038624,Magic_251101,CRITICAL_TRIM,127.53,122.97,3.58,0,Closed 0 worst trades
2026.02.16 12:06:12,410038624,Magic_251101,CRITICAL_TRIM,127.53,122.97,3.58,0,Closed 0 worst trades
2026.02.16 12:06:12,410038624,Magic_251101,CRITICAL_TRIM,127.53,122.97,3.58,0,Closed 0 worst trades
2026.02.16 12:06:12,410038624,Magic_251101,CRITICAL_TRIM,127.53,122.97,3.58,0,Closed 0 worst trades
2026.02.16 12:06:13,410038624,Magic_251101,CRITICAL_TRIM,127.53,122.97,3.58,0,Closed 0 worst trades
2026.02.16 12:06:13,410038624,Magic_251101,CRITICAL_TRIM,127.53,122.97,3.58,0,Closed 0 worst trades
2026.02.16 12:06:13,410038624,Magic_251101,CRITICAL_TRIM,127.53,122.97,3.58,0,Closed 0 worst trades
2026.02.16 12:06:14,410038624,Magic_251101,CRITICAL_TRIM,127.53,122.97,3.58,0,Closed 0 worst trades
2026.02.16 12:06:14,410038624,Magic_251101,CRITICAL_TRIM,127.53,122.97,3.58,0,Closed 0 worst trades
2026.02.16 12:06:14,410038624,Magic_251101,CRITICAL_TRIM,127.53,122.97,3.58,0,Closed 0 worst trades
2026.02.16 12:06:14,410038624,Magic_251101,CRITICAL_TRIM,127.53,122.97,3.58,0,Closed 0 worst trades
2026.02.16 12:06:15,410038624,Magic_251101,CRITICAL_TRIM,127.53,122.97,3.58,0,Closed 0 worst trades
2026.02.16 12:06:15,410038624,Magic_251101,CRITICAL_TRIM,127.53,122.97,3.58,0,Closed 0 worst trades
2026.02.16 12:06:15,410038624,Magic_251101,CRITICAL_TRIM,127.53,122.97,3.58,0,Closed 0 worst trades
2026.02.16 12:06:16,410038624,Magic_251101,CRITICAL_TRIM,127.53,122.97,3.58,0,Closed 0 worst trades
2026.02.16 12:06:16,410038624,Magic_251101,CRITICAL_TRIM,127.53,122.97,3.58,0,Closed 0 worst trades
2026.02.16 12:06:17,410038624,Magic_251101,CRITICAL_TRIM,127.53,122.97,3.58,0,Closed 0 worst trades
2026.02.16 12:06:17,410038624,Magic_251101,CRITICAL_TRIM,127.53,122.97,3.58,0,Closed 0 worst trades
2026.02.16 12:06:17,410038624,Magic_251101,CRITICAL_TRIM,127.53,122.97,3.58,0,Closed 0 worst trades
2026.02.16 12:06:17,410038624,Magic_251101,CRITICAL_TRIM,127.53,122.97,3.58,0,Closed 0 worst trades
2026.02.16 12:06:17,410038624,Magic_251101,CRITICAL_TRIM,127.53,122.97,3.58,0,Closed 0 worst trades
2026.02.16 12:06:17,410038624,Magic_251101,CRITICAL_TRIM,127.53,122.97,3.58,0,Closed 0 worst trades
2026.02.16 12:06:18,410038624,Magic_251101,CRITICAL_TRIM,127.53,122.97,3.58,0,Closed 0 worst trades
2026.02.16 12:06:18,410038624,Magic_251101,CRITICAL_TRIM,127.53,122.97,3.58,0,Closed 0 worst trades
2026.02.16 12:06:18,410038624,Magic_251101,CRITICAL_TRIM,127.53,122.97,3.58,0,Closed 0 worst trades
2026.02.16 12:06:18,410038624,Magic_251101,CRITICAL_TRIM,127.53,122.97,3.58,0,Closed 0 worst trades
2026.02.16 12:06:18,410038624,Magic_251101,CRITICAL_TRIM,127.53,122.97,3.58,0,Closed 0 worst trades
2026.02.16 12:06:18,410038624,Magic_251101,CRITICAL_TRIM,127.53,122.97,3.58,0,Closed 0 worst trades
2026.02.16 12:06:18,410038624,Magic_251101,CRITICAL_TRIM,127.53,122.97,3.58,0,Closed 0 worst trades
2026.02.16 12:06:18,410038624,Magic_251101,CRITICAL_TRIM,127.53,122.97,3.58,0,Closed 0 worst trades
2026.02.16 12:06:19,410038624,Magic_251101,CRITICAL_TRIM,127.53,122.97,3.58,0,Closed 0 worst trades
2026.02.16 12:06:19,410038624,Magic_251101,CRITICAL_TRIM,127.53,122.97,3.58,0,Closed 0 worst trades
2026.02.16 12:06:19,410038624,Magic_251101,CRITICAL_TRIM,127.53,122.97,3.58,0,Closed 0 worst trades
2026.02.16 12:06:19,410038624,Magic_251101,CRITICAL_TRIM,127.53,122.97,3.58,0,Closed 0 worst trades
2026.02.16 12:06:19,410038624,Magic_251101,CRITICAL_TRIM,127.53,122.97,3.58,0,Closed 0 worst trades
2026.02.16 12:06:19,410038624,Magic_251101,CRITICAL_TRIM,127.53,122.97,3.58,0,Closed 0 worst trades
2026.02.16 12:06:19,410038624,Magic_251101,CRITICAL_TRIM,127.53,122.97,3.58,0,Closed 0 worst trades
2026.02.16 12:06:19,410038624,Magic_251101,CRITICAL_TRIM,127.53,122.97,3.58,0,Closed 0 worst trades
2026.02.16 12:06:20,410038624,Magic_251101,CRITICAL_TRIM,127.53,122.97,3.58,0,Closed 0 worst trades
2026.02.16 12:06:20,410038624,Magic_251101,CRITICAL_TRIM,127.53,122.97,3.58,0,Closed 0 worst trades
2026.02.16 12:06:20,410038624,Magic_251101,CRITICAL_TRIM,127.53,122.97,3.58,0,Closed 0 worst trades
2026.02.16 12:06:20,410038624,Magic_251101,CRITICAL_TRIM,127.53,122.97,3.58,0,Closed 0 worst trades
2026.02.16 12:06:20,410038624,Magic_251101,CRITICAL_TRIM,127.53,122.97,3.58,0,Closed 0 worst trades
2026.02.16 12:06:20,410038624,Magic_251101,CRITICAL_TRIM,127.53,122.97,3.58,0,Closed 0 worst trades
2026.02.16 12:06:20,410038624,Magic_251101,CRITICAL_TRIM,127.53,122.97,3.58,0,Closed 0 worst trades
2026.02.16 12:06:21,410038624,Magic_251101,CRITICAL_TRIM,127.53,122.97,3.58,0,Closed 0 worst trades
2026.02.16 12:06:21,410038624,Magic_251101,CRITICAL_TRIM,127.53,122.97,3.58,0,Closed 0 worst trades
2026.02.16 12:06:21,410038624,Magic_251101,CRITICAL_TRIM,127.53,122.97,3.58,0,Closed 0 worst trades
2026.02.16 12:06:21,410038624,Magic_251101,CRITICAL_TRIM,127.53,122.97,3.58,0,Closed 0 worst trades
2026.02.16 12:06:21,410038624,Magic_251101,CRITICAL_TRIM,127.53,122.97,3.58,0,Closed 0 worst trades
2026.02.16 12:06:21,410038624,Magic_251101,CRITICAL_TRIM,127.53,122.97,3.58,0,Closed 0 worst trades
2026.02.16 12:06:21,410038624,Magic_251101,CRITICAL_TRIM,127.53,122.97,3.58,0,Closed 0 worst trades
2026.02.16 12:06:22,410038624,Magic_251101,CRITICAL_TRIM,127.53,122.97,3.58,0,Closed 0 worst trades
2026.02.16 12:06:22,410038624,Magic_251101,CRITICAL_TRIM,127.53,122.97,3.58,0,Closed 0 worst trades
2026.02.16 12:06:22,410038624,Magic_251101,CRITICAL_TRIM,127.53,122.97,3.58,0,Closed 0 worst trades
2026.02.16 12:06:22,410038624,Magic_251101,CRITICAL_TRIM,127.53,122.97,3.58,0,Closed 0 worst trades
2026.02.16 12:06:23,410038624,Magic_251101,CRITICAL_TRIM,127.53,122.97,3.58,0,Closed 0 worst trades
2026.02.16 12:06:23,410038624,Magic_251101,CRITICAL_TRIM,127.53,122.97,3.58,0,Closed 0 worst trades
2026.02.16 12:06:23,410038624,Magic_251101,CRITICAL_TRIM,127.53,122.97,3.58,0,Closed 0 worst trades
2026.02.16 12:06:23,410038624,Magic_251101,CRITICAL_TRIM,127.53,122.97,3.58,0,Closed 0 worst trades
2026.02.16 12:06:23,410038624,Magic_251101,CRITICAL_TRIM,127.53,122.97,3.58,0,Closed 0 worst trades
2026.02.16 12:06:24,410038624,Magic_251101,CRITICAL_TRIM,127.53,122.97,3.58,0,Closed 0 worst trades
2026.02.16 12:06:24,410038624,Magic_251101,CRITICAL_TRIM,127.53,122.97,3.58,0,Closed 0 worst trades
2026.02.16 12:06:24,410038624,Magic_251101,CRITICAL_TRIM,127.53,122.97,3.58,0,Closed 0 worst trades
2026.02.16 12:06:24,410038624,Magic_251101,CRITICAL_TRIM,127.53,122.97,3.58,0,Closed 0 worst trades
2026.02.16 12:06:24,410038624,Magic_251101,CRITICAL_TRIM,127.53,122.97,3.58,0,Closed 0 worst trades
2026.02.16 12:06:24,410038624,Magic_251101,CRITICAL_TRIM,127.53,122.97,3.58,0,Closed 0 worst trades
2026.02.16 12:06:25,410038624,Magic_251101,CRITICAL_TRIM,127.53,122.97,3.58,0,Closed 0 worst trades
2026.02.16 12:06:25,410038624,Magic_251101,CRITICAL_TRIM,127.53,122.97,3.58,0,Closed 0 worst trades
2026.02.16 12:06:25,410038624,Magic_251101,CRITICAL_TRIM,127.53,122.97,3.58,0,Closed 0 worst trades
2026.02.16 12:06:25,410038624,Magic_251101,CRITICAL_TRIM,127.53,122.97,3.58,0,Closed 0 worst trades
2026.02.16 12:06:25,410038624,Magic_251101,CRITICAL_TRIM,127.53,122.97,3.58,0,Closed 0 worst trades
2026.02.16 12:06:25,410038624,Magic_251101,CRITICAL_TRIM,127.53,122.97,3.58,0,Closed 0 worst trades
2026.02.16 12:06:26,410038624,Magic_251101,CRITICAL_TRIM,127.53,122.97,3.58,0,Closed 0 worst trades
2026.02.16 12:06:26,410038624,Magic_251101,CRITICAL_TRIM,127.53,122.97,3.58,0,Closed 0 worst trades
2026.02.16 12:06:26,410038624,Magic_251101,CRITICAL_TRIM,127.53,122.97,3.58,0,Closed 0 worst trades
2026.02.16 12:06:26,410038624,Magic_251101,CRITICAL_TRIM,127.53,122.97,3.58,0,Closed 0 worst trades
2026.02.16 12:06:26,410038624,Magic_251101,CRITICAL_TRIM,127.53,122.97,3.58,0,Closed 0 worst trades
2026.02.16 12:06:26,410038624,Magic_251101,CRITICAL_TRIM,127.53,122.97,3.58,0,Closed 0 worst trades
2026.02.16 12:06:26,410038624,Magic_251101,CRITICAL_TRIM,127.53,122.97,3.58,0,Closed 0 worst trades
2026.02.16 12:06:27,410038624,Magic_251101,CRITICAL_TRIM,127.53,122.97,3.58,0,Closed 0 worst trades
2026.02.16 12:06:27,410038624,Magic_251101,CRITICAL_TRIM,127.53,122.97,3.58,0,Closed 0 worst trades
2026.02.16 12:06:27,410038624,Magic_251101,CRITICAL_TRIM,127.53,122.97,3.58,0,Closed 0 worst trades
2026.02.16 12:06:28,410038624,Magic_251101,CRITICAL_TRIM,127.53,122.97,3.58,0,Closed 0 worst trades
2026.02.16 12:06:28,410038624,Magic_251101,CRITICAL_TRIM,127.53,122.97,3.58,0,Closed 0 worst trades
2026.02.16 12:06:28,410038624,Magic_251101,CRITICAL_TRIM,127.53,122.97,3.58,0,Closed 0 worst trades
2026.02.16 12:06:28,410038624,Magic_251101,CRITICAL_TRIM,127.53,122.97,3.58,0,Closed 0 worst trades
2026.02.16 12:06:28,410038624,Magic_251101,CRITICAL_TRIM,127.53,122.97,3.58,0,Closed 0 worst trades
2026.02.16 12:06:28,410038624,Magic_251101,CRITICAL_TRIM,127.53,122.97,3.58,0,Closed 0 worst trades
2026.02.16 12:06:28,410038624,Magic_251101,CRITICAL_TRIM,127.53,122.97,3.58,0,Closed 0 worst trades
2026.02.16 12:06:28,410038624,Magic_251101,CRITICAL_TRIM,127.53,122.97,3.58,0,Closed 0 worst trades
2026.02.16 12:06:29,410038624,Magic_251101,CRITICAL_TRIM,127.53,122.97,3.58,0,Closed 0 worst trades
2026.02.16 12:06:29,410038624,Magic_251101,CRITICAL_TRIM,127.53,122.97,3.58,0,Closed 0 worst trades
2026.02.16 12:06:29,410038624,Magic_251101,CRITICAL_TRIM,127.53,122.97,3.58,0,Closed 0 worst trades
2026.02.16 12:06:29,410038624,Magic_251101,CRITICAL_TRIM,127.53,122.97,3.58,0,Closed 0 worst trades
2026.02.16 12:06:29,410038624,Magic_251101,CRITICAL_TRIM,127.53,122.97,3.58,0,Closed 0 worst trades
2026.02.16 12:06:29,410038624,Magic_251101,CRITICAL_TRIM,127.53,122.97,3.58,0,Closed 0 worst trades
2026.02.16 12:06:30,410038624,Magic_251101,CRITICAL_TRIM,127.53,122.97,3.58,0,Closed 0 worst trades
2026.02.16 12:06:30,410038624,Magic_251101,CRITICAL_TRIM,127.53,122.97,3.58,0,Closed 0 worst trades
2026.02.16 12:06:30,410038624,Magic_251101,CRITICAL_TRIM,127.53,122.97,3.58,0,Closed 0 worst trades
2026.02.16 12:06:30,410038624,Magic_251101,CRITICAL_TRIM,127.53,122.97,3.58,0,Closed 0 worst trades
2026.02.16 12:06:30,410038624,Magic_251101,CRITICAL_TRIM,127.53,122.97,3.58,0,Closed 0 worst trades
2026.02.16 12:06:31,410038624,Magic_251101,CRITICAL_TRIM,127.53,122.97,3.58,0,Closed 0 worst trades
2026.02.16 12:06:31,410038624,Magic_251101,CRITICAL_TRIM,127.53,122.97,3.58,0,Closed 0 worst trades
2026.02.16 12:06:31,410038624,Magic_251101,CRITICAL_TRIM,127.53,122.97,3.58,0,Closed 0 worst trades
2026.02.16 12:06:32,410038624,Magic_251101,CRITICAL_TRIM,127.53,122.97,3.58,0,Closed 0 worst trades
2026.02.16 12:06:32,410038624,Magic_251101,CRITICAL_TRIM,127.53,122.97,3.58,0,Closed 0 worst trades
2026.02.16 12:06:32,410038624,Magic_251101,CRITICAL_TRIM,127.53,122.97,3.58,0,Closed 0 worst trades
2026.02.16 12:06:32,410038624,Magic_251101,CRITICAL_TRIM,127.53,122.97,3.58,0,Closed 0 worst trades
2026.02.16 12:06:32,410038624,Magic_251101,CRITICAL_TRIM,127.53,122.97,3.58,0,Closed 0 worst trades
2026.02.16 12:06:33,410038624,Magic_251101,CRITICAL_TRIM,127.53,122.97,3.58,0,Closed 0 worst trades
2026.02.16 12:06:33,410038624,Magic_251101,CRITICAL_TRIM,127.53,122.97,3.58,0,Closed 0 worst trades
2026.02.16 12:06:33,410038624,Magic_251101,CRITICAL_TRIM,127.53,122.97,3.58,0,Closed 0 worst trades
2026.02.16 12:06:33,410038624,Magic_251101,CRITICAL_TRIM,127.53,122.97,3.58,0,Closed 0 worst trades
2026.02.16 12:06:33,410038624,Magic_251101,CRITICAL_TRIM,127.53,122.97,3.58,0,Closed 0 worst trades
2026.02.16 12:06:33,410038624,Magic_251101,CRITICAL_TRIM,127.53,122.97,3.58,0,Closed 0 worst trades
2026.02.16 12:06:33,410038624,Magic_251101,CRITICAL_TRIM,127.53,122.97,3.58,0,Closed 0 worst trades
2026.02.16 12:06:33,410038624,Magic_251101,CRITICAL_TRIM,127.53,122.97,3.58,0,Closed 0 worst trades
2026.02.16 12:06:34,410038624,Magic_251101,CRITICAL_TRIM,127.53,122.97,3.58,0,Closed 0 worst trades
2026.02.16 12:06:34,410038624,Magic_251101,CRITICAL_TRIM,127.53,122.97,3.58,0,Closed 0 worst trades
2026.02.16 12:06:34,410038624,Magic_251101,CRITICAL_TRIM,127.53,122.97,3.58,0,Closed 0 worst trades
2026.02.16 12:06:34,410038624,Magic_251101,CRITICAL_TRIM,127.53,122.97,3.58,0,Closed 0 worst trades
2026.02.16 12:06:34,410038624,Magic_251101,CRITICAL_TRIM,127.53,122.97,3.58,0,Closed 0 worst trades
2026.02.16 12:06:35,410038624,Magic_251101,CRITICAL_TRIM,127.53,122.97,3.58,0,Closed 0 worst trades
2026.02.16 12:06:35,410038624,Magic_251101,CRITICAL_TRIM,127.53,122.97,3.58,0,Closed 0 worst trades
2026.02.16 12:06:35,410038624,Magic_251101,CRITICAL_TRIM,127.53,122.97,3.58,0,Closed 0 worst trades
2026.02.16 12:06:35,410038624,Magic_251101,CRITICAL_TRIM,127.53,122.97,3.58,0,Closed 0 worst trades
2026.02.16 12:06:36,410038624,Magic_251101,CRITICAL_TRIM,127.53,122.97,3.58,0,Closed 0 worst trades
2026.02.16 12:06:36,410038624,Magic_251101,CRITICAL_TRIM,127.53,122.97,3.58,0,Closed 0 worst trades
2026.02.16 12:06:36,410038624,Magic_251101,CRITICAL_TRIM,127.53,122.97,3.58,0,Closed 0 worst trades
2026.02.16 12:06:36,410038624,Magic_251101,CRITICAL_TRIM,127.53,122.97,3.58,0,Closed 0 worst trades
2026.02.16 12:06:36,410038624,Magic_251101,CRITICAL_TRIM,127.53,122.97,3.58,0,Closed 0 worst trades
2026.02.16 12:06:36,410038624,Magic_251101,CRITICAL_TRIM,127.53,122.97,3.58,0,Closed 0 worst trades
2026.02.16 12:06:37,410038624,Magic_251101,CRITICAL_TRIM,127.53,122.97,3.58,0,Closed 0 worst trades
2026.02.16 12:06:37,410038624,Magic_251101,CRITICAL_TRIM,127.53,122.97,3.58,0,Closed 0 worst trades
2026.02.16 12:06:37,410038624,Magic_251101,CRITICAL_TRIM,127.53,122.97,3.58,0,Closed 0 worst trades
2026.02.16 12:06:38,410038624,Magic_251101,CRITICAL_TRIM,127.53,122.97,3.58,0,Closed 0 worst trades
2026.02.16 12:06:38,410038624,Magic_251101,CRITICAL_TRIM,127.53,122.97,3.58,0,Closed 0 worst trades
2026.02.16 12:06:38,410038624,Magic_251101,CRITICAL_TRIM,127.53,122.97,3.58,0,Closed 0 worst trades
2026.02.16 12:06:38,410038624,Magic_251101,CRITICAL_TRIM,127.53,122.97,3.58,0,Closed 0 worst trades
2026.02.16 12:06:38,410038624,Magic_251101,CRITICAL_TRIM,127.53,122.97,3.58,0,Closed 0 worst trades
2026.02.16 12:06:39,410038624,Magic_251101,CRITICAL_TRIM,127.53,122.97,3.58,0,Closed 0 worst trades
2026.02.16 12:06:39,410038624,Magic_251101,CRITICAL_TRIM,127.53,122.97,3.58,0,Closed 0 worst trades
2026.02.16 12:06:39,410038624,Magic_251101,CRITICAL_TRIM,127.53,122.97,3.58,0,Closed 0 worst trades
2026.02.16 12:06:40,410038624,Magic_251101,CRITICAL_TRIM,127.53,122.97,3.58,0,Closed 0 worst trades
2026.02.16 12:06:40,410038624,Magic_251101,CRITICAL_TRIM,127.53,122.97,3.58,0,Closed 0 worst trades
2026.02.16 12:06:40,410038624,Magic_251101,CRITICAL_TRIM,127.53,122.97,3.58,0,Closed 0 worst trades
2026.02.16 12:06:40,410038624,Magic_251101,CRITICAL_TRIM,127.53,122.97,3.58,0,Closed 0 worst trades
2026.02.16 12:06:40,410038624,Magic_251101,CRITICAL_TRIM,127.53,122.97,3.58,0,Closed 0 worst trades
2026.02.16 12:06:41,410038624,Magic_251101,CRITICAL_TRIM,127.53,122.97,3.58,0,Closed 0 worst trades
2026.02.16 12:06:41,410038624,Magic_251101,CRITICAL_TRIM,127.53,122.97,3.58,0,Closed 0 worst trades
2026.02.16 12:06:41,410038624,Magic_251101,CRITICAL_TRIM,127.53,122.97,3.58,0,Closed 0 worst trades
2026.02.16 12:06:41,410038624,Magic_251101,CRITICAL_TRIM,127.53,122.97,3.58,0,Closed 0 worst trades
2026.02.16 12:06:41,410038624,Magic_251101,CRITICAL_TRIM,127.53,122.97,3.58,0,Closed 0 worst trades
2026.02.16 12:06:41,410038624,Magic_251101,CRITICAL_TRIM,127.53,122.97,3.58,0,Closed 0 worst trades
2026.02.16 12:06:41,410038624,Magic_251101,CRITICAL_TRIM,127.53,122.97,3.58,0,Closed 0 worst trades
2026.02.16 12:06:42,410038624,Magic_251101,CRITICAL_TRIM,127.53,122.97,3.58,0,Closed 0 worst trades
2026.02.16 12:06:42,410038624,Magic_251101,CRITICAL_TRIM,127.53,122.97,3.58,0,Closed 0 worst trades
2026.02.16 12:06:42,410038624,Magic_251101,CRITICAL_TRIM,127.53,122.97,3.58,0,Closed 0 worst trades
2026.02.16 12:06:42,410038624,Magic_251101,CRITICAL_TRIM,127.53,122.97,3.58,0,Closed 0 worst trades
2026.02.16 12:06:43,410038624,Magic_251101,CRITICAL_TRIM,127.53,122.97,3.58,0,Closed 0 worst trades
2026.02.16 12:06:43,410038624,Magic_251101,CRITICAL_TRIM,127.53,122.97,3.58,0,Closed 0 worst trades
2026.02.16 12:06:43,410038624,Magic_251101,CRITICAL_TRIM,127.53,122.97,3.58,0,Closed 0 worst trades
2026.02.16 12:06:43,410038624,Magic_251101,CRITICAL_TRIM,127.53,122.97,3.58,0,Closed 0 worst trades
2026.02.16 12:06:43,410038624,Magic_251101,CRITICAL_TRIM,127.53,122.97,3.58,0,Closed 0 worst trades
2026.02.16 12:06:43,410038624,Magic_251101,CRITICAL_TRIM,127.53,122.97,3.58,0,Closed 0 worst trades
2026.02.16 12:06:43,410038624,Magic_251101,CRITICAL_TRIM,127.53,122.97,3.58,0,Closed 0 worst trades
2026.02.16 12:06:44,410038624,Magic_251101,CRITICAL_TRIM,127.53,122.97,3.58,0,Closed 0 worst trades
2026.02.16 12:06:44,410038624,Magic_251101,CRITICAL_TRIM,127.53,122.97,3.58,0,Closed 0 worst trades
2026.02.16 12:06:44,410038624,Magic_251101,CRITICAL_TRIM,127.53,122.97,3.58,0,Closed 0 worst trades
2026.02.16 12:06:44,410038624,Magic_251101,CRITICAL_TRIM,127.53,122.97,3.58,0,Closed 0 worst trades
2026.02.16 12:06:44,410038624,Magic_251101,CRITICAL_TRIM,127.53,122.97,3.58,0,Closed 0 worst trades
2026.02.16 12:06:44,410038624,Magic_251101,CRITICAL_TRIM,127.53,122.97,3.58,0,Closed 0 worst trades
2026.02.16 12:06:44,410038624,Magic_251101,CRITICAL_TRIM,127.53,122.97,3.58,0,Closed 0 worst trades
2026.02.16 12:06:44,410038624,Magic_251101,CRITICAL_TRIM,127.53,122.97,3.58,0,Closed 0 worst trades
2026.02.16 12:06:44,410038624,Magic_251101,CRITICAL_TRIM,127.53,122.97,3.58,0,Closed 0 worst trades
2026.02.16 12:06:45,410038624,Magic_251101,CRITICAL_TRIM,127.53,122.97,3.58,0,Closed 0 worst trades
2026.02.16 12:06:45,410038624,Magic_251101,CRITICAL_TRIM,127.53,122.97,3.58,0,Closed 0 worst trades
2026.02.16 12:06:45,410038624,Magic_251101,CRITICAL_TRIM,127.53,122.97,3.58,0,Closed 0 worst trades
2026.02.16 12:06:45,410038624,Magic_251101,CRITICAL_TRIM,127.53,122.97,3.58,0,Closed 0 worst trades
2026.02.16 12:06:46,410038624,Magic_251101,CRITICAL_TRIM,127.53,122.97,3.58,0,Closed 0 worst trades
2026.02.16 12:06:46,410038624,Magic_251101,CRITICAL_TRIM,127.53,122.97,3.58,0,Closed 0 worst trades
2026.02.16 12:06:46,410038624,Magic_251101,CRITICAL_TRIM,127.53,122.97,3.58,0,Closed 0 worst trades
2026.02.16 12:06:46,410038624,Magic_251101,CRITICAL_TRIM,127.53,122.97,3.58,0,Closed 0 worst trades
2026.02.16 12:06:46,410038624,Magic_251101,CRITICAL_TRIM,127.53,122.97,3.58,0,Closed 0 worst trades
2026.02.16 12:06:47,410038624,Magic_251101,CRITICAL_TRIM,127.53,122.97,3.58,0,Closed 0 worst trades
2026.02.16 12:06:47,410038624,Magic_251101,CRITICAL_TRIM,127.53,122.97,3.58,0,Closed 0 worst trades
2026.02.16 12:06:47,410038624,Magic_251101,CRITICAL_TRIM,127.53,122.97,3.58,0,Closed 0 worst trades
2026.02.16 12:06:47,410038624,Magic_251101,CRITICAL_TRIM,127.53,122.97,3.58,0,Closed 0 worst trades
2026.02.16 12:06:47,410038624,Magic_251101,CRITICAL_TRIM,127.53,122.97,3.58,0,Closed 0 worst trades
2026.02.16 12:06:48,410038624,Magic_251101,CRITICAL_TRIM,127.53,122.97,3.58,0,Closed 0 worst trades
2026.02.16 12:06:48,410038624,Magic_251101,CRITICAL_TRIM,127.53,122.97,3.58,0,Closed 0 worst trades
2026.02.16 12:06:48,410038624,Magic_251101,CRITICAL_TRIM,127.53,122.97,3.58,0,Closed 0 worst trades
2026.02.16 12:06:50,410038624,Magic_251101,CRITICAL_TRIM,127.53,122.97,3.58,0,Closed 0 worst trades
2026.02.16 12:06:50,410038624,Magic_251101,CRITICAL_TRIM,127.53,122.97,3.58,0,Closed 0 worst trades
2026.02.16 12:06:50,410038624,Magic_251101,CRITICAL_TRIM,127.53,122.97,3.58,0,Closed 0 worst trades
2026.02.16 12:06:50,410038624,Magic_251101,CRITICAL_TRIM,127.53,122.97,3.58,0,Closed 0 worst trades
2026.02.16 12:06:50,410038624,Magic_251101,CRITICAL_TRIM,127.53,122.97,3.58,0,Closed 0 worst trades
2026.02.16 12:06:51,410038624,Magic_251101,CRITICAL_TRIM,127.53,122.97,3.58,0,Closed 0 worst trades
2026.02.16 12:06:51,410038624,Magic_251101,CRITICAL_TRIM,127.53,122.97,3.58,0,Closed 0 worst trades
2026.02.16 12:06:51,410038624,Magic_251101,CRITICAL_TRIM,127.53,122.97,3.58,0,Closed 0 worst trades
2026.02.16 12:06:51,410038624,Magic_251101,CRITICAL_TRIM,127.53,122.97,3.58,0,Closed 0 worst trades
2026.02.16 12:06:51,410038624,Magic_251101,CRITICAL_TRIM,127.53,122.97,3.58,0,Closed 0 worst trades
2026.02.16 12:06:51,410038624,Magic_251101,CRITICAL_TRIM,127.53,122.97,3.58,0,Closed 0 worst trades
2026.02.16 12:06:52,410038624,Magic_251101,CRITICAL_TRIM,127.53,122.97,3.58,0,Closed 0 worst trades
2026.02.16 12:06:54,410038624,Magic_251101,CRITICAL_TRIM,127.53,122.97,3.58,0,Closed 0 worst trades
2026.02.16 12:06:54,410038624,Magic_251101,CRITICAL_TRIM,127.53,122.97,3.58,0,Closed 0 worst trades
2026.02.16 12:06:54,410038624,Magic_251101,CRITICAL_TRIM,127.53,122.97,3.58,0,Closed 0 worst trades
2026.02.16 12:06:55,410038624,Magic_251101,CRITICAL_TRIM,127.53,122.97,3.58,0,Closed 0 worst trades
2026.02.16 12:06:55,410038624,Magic_251101,CRITICAL_TRIM,127.53,122.97,3.58,0,Closed 0 worst trades
2026.02.16 12:06:55,410038624,Magic_251101,CRITICAL_TRIM,127.53,122.97,3.58,0,Closed 0 worst trades
2026.02.16 12:06:55,410038624,Magic_251101,CRITICAL_TRIM,127.53,122.97,3.58,0,Closed 0 worst trades
2026.02.16 12:06:55,410038624,Magic_251101,CRITICAL_TRIM,127.53,122.97,3.58,0,Closed 0 worst trades
2026.02.16 12:06:56,410038624,Magic_251101,CRITICAL_TRIM,127.53,122.97,3.58,0,Closed 0 worst trades
2026.02.16 12:06:56,410038624,Magic_251101,CRITICAL_TRIM,127.53,122.97,3.58,0,Closed 0 worst trades
2026.02.16 12:06:56,410038624,Magic_251101,CRITICAL_TRIM,127.53,122.97,3.58,0,Closed 0 worst trades
2026.02.16 12:06:56,410038624,Magic_251101,CRITICAL_TRIM,127.53,122.97,3.58,0,Closed 0 worst trades
2026.02.16 12:06:57,410038624,Magic_251101,CRITICAL_TRIM,127.53,122.97,3.58,0,Closed 0 worst trades
2026.02.16 12:06:57,410038624,Magic_251101,CRITICAL_TRIM,127.53,122.97,3.58,0,Closed 0 worst trades
2026.02.16 12:06:58,410038624,Magic_251101,CRITICAL_TRIM,127.53,122.97,3.58,0,Closed 0 worst trades
2026.02.16 12:06:59,410038624,Magic_251101,CRITICAL_TRIM,127.53,122.97,3.58,0,Closed 0 worst trades
2026.02.16 12:06:59,410038624,Magic_251101,CRITICAL_TRIM,127.53,122.97,3.58,0,Closed 0 worst trades
2026.02.16 12:06:59,410038624,Magic_251101,CRITICAL_TRIM,127.53,122.97,3.58,0,Closed 0 worst trades
2026.02.16 12:07:00,410038624,Magic_251101,CRITICAL_TRIM,127.53,122.97,3.58,0,Closed 0 worst trades
2026.02.16 12:07:00,410038624,Magic_251101,CRITICAL_TRIM,127.53,122.97,3.58,0,Closed 0 worst trades
2026.02.16 12:07:00,410038624,Magic_251101,CRITICAL_TRIM,127.53,122.97,3.58,0,Closed 0 worst trades
2026.02.16 12:07:00,410038624,Magic_251101,CRITICAL_TRIM,127.53,122.97,3.58,0,Closed 0 worst trades
2026.02.16 12:07:00,410038624,Magic_251101,CRITICAL_TRIM,127.53,122.97,3.58,0,Closed 0 worst trades
2026.02.16 12:07:00,410038624,Magic_251101,CRITICAL_TRIM,127.53,122.97,3.58,0,Closed 0 worst trades
2026.02.16 12:07:01,410038624,Magic_251101,CRITICAL_TRIM,127.53,122.97,3.58,0,Closed 0 worst trades
2026.02.16 12:07:02,410038624,Magic_251101,CRITICAL_TRIM,127.53,122.97,3.58,0,Closed 0 worst trades
2026.02.16 12:07:02,410038624,Magic_251101,CRITICAL_TRIM,127.53,122.97,3.58,0,Closed 0 worst trades
2026.02.16 12:07:02,410038624,Magic_251101,CRITICAL_TRIM,127.53,122.97,3.58,0,Closed 0 worst trades
2026.02.16 12:07:02,410038624,Magic_251101,CRITICAL_TRIM,127.53,122.97,3.58,0,Closed 0 worst trades
2026.02.16 12:07:02,410038624,Magic_251101,CRITICAL_TRIM,127.53,122.97,3.58,0,Closed 0 worst trades
2026.02.16 12:07:03,410038624,Magic_251101,CRITICAL_TRIM,127.53,122.97,3.58,0,Closed 0 worst trades
2026.02.16 12:07:03,410038624,Magic_251101,CRITICAL_TRIM,127.53,122.97,3.58,0,Closed 0 worst trades
2026.02.16 12:07:03,410038624,Magic_251101,CRITICAL_TRIM,127.53,122.97,3.58,0,Closed 0 worst trades
2026.02.16 12:07:03,410038624,Magic_251101,CRITICAL_TRIM,127.53,122.97,3.58,0,Closed 0 worst trades
2026.02.16 12:07:03,410038624,Magic_251101,CRITICAL_TRIM,127.53,122.97,3.58,0,Closed 0 worst trades
2026.02.16 12:07:03,410038624,Magic_251101,CRITICAL_TRIM,127.53,122.97,3.58,0,Closed 0 worst trades
2026.02.16 12:07:03,410038624,Magic_251101,CRITICAL_TRIM,127.53,122.97,3.58,0,Closed 0 worst trades
2026.02.16 12:07:04,410038624,Magic_251101,CRITICAL_TRIM,127.53,122.97,3.58,0,Closed 0 worst trades
2026.02.16 12:07:04,410038624,Magic_251101,CRITICAL_TRIM,127.53,122.97,3.58,0,Closed 0 worst trades
2026.02.16 12:07:04,410038624,Magic_251101,CRITICAL_TRIM,127.53,122.97,3.58,0,Closed 0 worst trades
2026.02.16 12:07:04,410038624,Magic_251101,CRITICAL_TRIM,127.53,122.97,3.58,0,Closed 0 worst trades
2026.02.16 12:07:04,410038624,Magic_251101,CRITICAL_TRIM,127.53,122.97,3.58,0,Closed 0 worst trades
2026.02.16 12:07:04,410038624,Magic_251101,CRITICAL_TRIM,127.53,122.97,3.58,0,Closed 0 worst trades
2026.02.16 12:07:04,410038624,Magic_251101,CRITICAL_TRIM,127.53,122.97,3.58,0,Closed 0 worst trades
2026.02.16 12:07:05,410038624,Magic_251101,CRITICAL_TRIM,127.53,122.97,3.58,0,Closed 0 worst trades
2026.02.16 12:07:05,410038624,Magic_251101,CRITICAL_TRIM,127.53,122.97,3.58,0,Closed 0 worst trades
2026.02.16 12:07:05,410038624,Magic_251101,CRITICAL_TRIM,127.53,122.97,3.58,0,Closed 0 worst trades
2026.02.16 12:07:05,410038624,Magic_251101,CRITICAL_TRIM,127.53,122.97,3.58,0,Closed 0 worst trades
2026.02.16 12:07:05,410038624,Magic_251101,CRITICAL_TRIM,127.53,122.97,3.58,0,Closed 0 worst trades
2026.02.16 12:07:05,410038624,Magic_251101,CRITICAL_TRIM,127.53,122.97,3.58,0,Closed 0 worst trades
2026.02.16 12:07:06,410038624,Magic_251101,CRITICAL_TRIM,127.53,122.97,3.58,0,Closed 0 worst trades
2026.02.16 12:07:06,410038624,Magic_251101,CRITICAL_TRIM,127.53,122.97,3.58,0,Closed 0 worst trades
2026.02.16 12:07:06,410038624,Magic_251101,CRITICAL_TRIM,127.53,122.97,3.58,0,Closed 0 worst trades
2026.02.16 12:07:06,410038624,Magic_251101,CRITICAL_TRIM,127.53,122.97,3.58,0,Closed 0 worst trades
2026.02.16 12:07:07,410038624,Magic_251101,CRITICAL_TRIM,127.53,122.97,3.58,0,Closed 0 worst trades
2026.02.16 12:07:07,410038624,Magic_251101,CRITICAL_TRIM,127.53,122.97,3.58,0,Closed 0 worst trades
2026.02.16 12:07:07,410038624,Magic_251101,CRITICAL_TRIM,127.53,122.97,3.58,0,Closed 0 worst trades
2026.02.16 12:07:07,410038624,Magic_251101,CRITICAL_TRIM,127.53,122.97,3.58,0,Closed 0 worst trades
2026.02.16 12:07:07,410038624,Magic_251101,CRITICAL_TRIM,127.53,122.97,3.58,0,Closed 0 worst trades
2026.02.16 12:07:08,410038624,Magic_251101,CRITICAL_TRIM,127.53,122.97,3.58,0,Closed 0 worst trades
2026.02.16 12:07:08,410038624,Magic_251101,CRITICAL_TRIM,127.53,122.97,3.58,0,Closed 0 worst trades
2026.02.16 12:07:08,410038624,Magic_251101,CRITICAL_TRIM,127.53,122.97,3.58,0,Closed 0 worst trades
2026.02.16 12:07:08,410038624,Magic_251101,CRITICAL_TRIM,127.53,122.97,3.58,0,Closed 0 worst trades
2026.02.16 12:07:08,410038624,Magic_251101,CRITICAL_TRIM,127.53,122.97,3.58,0,Closed 0 worst trades
2026.02.16 12:07:08,410038624,Magic_251101,CRITICAL_TRIM,127.53,122.97,3.58,0,Closed 0 worst trades
2026.02.16 12:07:09,410038624,Magic_251101,CRITICAL_TRIM,127.53,122.97,3.58,0,Closed 0 worst trades
2026.02.16 12:07:09,410038624,Magic_251101,CRITICAL_TRIM,127.53,122.97,3.58,0,Closed 0 worst trades
2026.02.16 12:07:09,410038624,Magic_251101,CRITICAL_TRIM,127.53,122.97,3.58,0,Closed 0 worst trades
2026.02.16 12:07:09,410038624,Magic_251101,CRITICAL_TRIM,127.53,122.97,3.58,0,Closed 0 worst trades
2026.02.16 12:07:10,410038624,Magic_251101,CRITICAL_TRIM,127.53,122.97,3.58,0,Closed 0 worst trades
2026.02.16 12:07:10,410038624,Magic_251101,CRITICAL_TRIM,127.53,122.97,3.58,0,Closed 0 worst trades
2026.02.16 12:07:10,410038624,Magic_251101,CRITICAL_TRIM,127.53,122.97,3.58,0,Closed 0 worst trades
2026.02.16 12:07:10,410038624,Magic_251101,CRITICAL_TRIM,127.53,122.97,3.58,0,Closed 0 worst trades
2026.02.16 12:07:10,410038624,Magic_251101,CRITICAL_TRIM,127.53,122.97,3.58,0,Closed 0 worst trades
2026.02.16 12:07:10,410038624,Magic_251101,CRITICAL_TRIM,127.53,122.97,3.58,0,Closed 0 worst trades
2026.02.16 12:07:11,410038624,Magic_251101,CRITICAL_TRIM,127.53,122.97,3.58,0,Closed 0 worst trades
2026.02.16 12:07:11,410038624,Magic_251101,CRITICAL_TRIM,127.53,122.97,3.58,0,Closed 0 worst trades
2026.02.16 12:07:11,410038624,Magic_251101,CRITICAL_TRIM,127.53,122.97,3.58,0,Closed 0 worst trades
2026.02.16 12:07:11,410038624,Magic_251101,CRITICAL_TRIM,127.53,122.97,3.58,0,Closed 0 worst trades
2026.02.16 12:07:11,410038624,Magic_251101,CRITICAL_TRIM,127.53,122.97,3.58,0,Closed 0 worst trades
2026.02.16 12:07:11,410038624,Magic_251101,CRITICAL_TRIM,127.53,122.97,3.58,0,Closed 0 worst trades
2026.02.16 12:07:11,410038624,Magic_251101,CRITICAL_TRIM,127.53,122.97,3.58,0,Closed 0 worst trades
2026.02.16 12:07:11,410038624,Magic_251101,CRITICAL_TRIM,127.53,122.97,3.58,0,Closed 0 worst trades
2026.02.16 12:07:11,410038624,Magic_251101,CRITICAL_TRIM,127.53,122.97,3.58,0,Closed 0 worst trades
2026.02.16 12:07:12,410038624,Magic_251101,CRITICAL_TRIM,127.53,122.97,3.58,0,Closed 0 worst trades
2026.02.16 12:07:12,410038624,Magic_251101,CRITICAL_TRIM,127.53,122.97,3.58,0,Closed 0 worst trades
2026.02.16 12:07:12,410038624,Magic_251101,CRITICAL_TRIM,127.53,122.97,3.58,0,Closed 0 worst trades
2026.02.16 12:07:13,410038624,Magic_251101,CRITICAL_TRIM,127.53,122.97,3.58,0,Closed 0 worst trades
2026.02.16 12:07:13,410038624,Magic_251101,CRITICAL_TRIM,127.53,122.97,3.58,0,Closed 0 worst trades
2026.02.16 12:07:13,410038624,Magic_251101,CRITICAL_TRIM,127.53,122.97,3.58,0,Closed 0 worst trades
2026.02.16 12:07:13,410038624,Magic_251101,CRITICAL_TRIM,127.53,122.97,3.58,0,Closed 0 worst trades
2026.02.16 12:07:13,410038624,Magic_251101,CRITICAL_TRIM,127.53,122.97,3.58,0,Closed 0 worst trades
2026.02.16 12:07:13,410038624,Magic_251101,CRITICAL_TRIM,127.53,122.97,3.58,0,Closed 0 worst trades
2026.02.16 12:07:13,410038624,Magic_251101,CRITICAL_TRIM,127.53,122.97,3.58,0,Closed 0 worst trades
2026.02.16 12:07:13,410038624,Magic_251101,CRITICAL_TRIM,127.53,122.97,3.58,0,Closed 0 worst trades
2026.02.16 12:07:13,410038624,Magic_251101,CRITICAL_TRIM,127.53,122.97,3.58,0,Closed 0 worst trades
2026.02.16 12:07:14,410038624,Magic_251101,CRITICAL_TRIM,127.53,122.97,3.58,0,Closed 0 worst trades
2026.02.16 12:07:14,410038624,Magic_251101,CRITICAL_TRIM,127.53,122.97,3.58,0,Closed 0 worst trades
2026.02.16 12:07:14,410038624,Magic_251101,CRITICAL_TRIM,127.53,122.97,3.58,0,Closed 0 worst trades
2026.02.16 12:07:17,410038624,Magic_251101,CRITICAL_TRIM,127.53,122.97,3.58,0,Closed 0 worst trades
2026.02.16 12:07:18,410038624,Magic_251101,CRITICAL_TRIM,127.53,122.97,3.58,0,Closed 0 worst trades
2026.02.16 12:07:18,410038624,Magic_251101,CRITICAL_TRIM,127.53,122.97,3.58,0,Closed 0 worst trades
2026.02.16 12:07:18,410038624,Magic_251101,CRITICAL_TRIM,127.53,122.97,3.58,0,Closed 0 worst trades
2026.02.16 12:07:18,410038624,Magic_251101,CRITICAL_TRIM,127.53,122.97,3.58,0,Closed 0 worst trades
2026.02.16 12:07:19,410038624,Magic_251101,CRITICAL_TRIM,127.53,122.97,3.58,0,Closed 0 worst trades
2026.02.16 12:07:19,410038624,Magic_251101,CRITICAL_TRIM,127.53,122.97,3.58,0,Closed 0 worst trades
2026.02.16 12:07:19,410038624,Magic_251101,CRITICAL_TRIM,127.53,122.97,3.58,0,Closed 0 worst trades
2026.02.16 12:07:20,410038624,Magic_251101,CRITICAL_TRIM,127.53,122.97,3.58,0,Closed 0 worst trades
2026.02.16 12:07:20,410038624,Magic_251101,CRITICAL_TRIM,127.53,122.97,3.58,0,Closed 0 worst trades
2026.02.16 12:07:20,410038624,Magic_251101,CRITICAL_TRIM,127.53,122.97,3.58,0,Closed 0 worst trades
2026.02.16 12:07:21,410038624,Magic_251101,CRITICAL_TRIM,127.53,122.97,3.58,0,Closed 0 worst trades
2026.02.16 12:07:21,410038624,Magic_251101,CRITICAL_TRIM,127.53,122.97,3.58,0,Closed 0 worst trades
2026.02.16 12:07:21,410038624,Magic_251101,CRITICAL_TRIM,127.53,122.97,3.58,0,Closed 0 worst trades
2026.02.16 12:07:21,410038624,Magic_251101,CRITICAL_TRIM,127.53,122.97,3.58,0,Closed 0 worst trades
2026.02.16 12:07:21,410038624,Magic_251101,CRITICAL_TRIM,127.53,122.97,3.58,0,Closed 0 worst trades
2026.02.16 12:07:22,410038624,Magic_251101,CRITICAL_TRIM,127.53,122.97,3.58,0,Closed 0 worst trades
2026.02.16 12:07:24,410038624,Magic_251101,CRITICAL_TRIM,127.53,122.97,3.58,0,Closed 0 worst trades
2026.02.16 12:07:24,410038624,Magic_251101,CRITICAL_TRIM,127.53,122.97,3.58,0,Closed 0 worst trades
2026.02.16 12:07:24,410038624,Magic_251101,CRITICAL_TRIM,127.53,122.97,3.58,0,Closed 0 worst trades
2026.02.16 12:07:24,410038624,Magic_251101,CRITICAL_TRIM,127.53,122.97,3.58,0,Closed 0 worst trades
2026.02.16 12:07:24,410038624,Magic_251101,CRITICAL_TRIM,127.53,122.97,3.58,0,Closed 0 worst trades
2026.02.16 12:07:24,410038624,Magic_251101,CRITICAL_TRIM,127.53,122.97,3.58,0,Closed 0 worst trades
2026.02.16 12:07:24,410038624,Magic_251101,CRITICAL_TRIM,127.53,122.97,3.58,0,Closed 0 worst trades
2026.02.16 12:07:25,410038624,Magic_251101,CRITICAL_TRIM,127.53,122.97,3.58,0,Closed 0 worst trades
2026.02.16 12:07:25,410038624,Magic_251101,CRITICAL_TRIM,127.53,122.97,3.58,0,Closed 0 worst trades
2026.02.16 12:07:25,410038624,Magic_251101,CRITICAL_TRIM,127.53,122.97,3.58,0,Closed 0 worst trades
2026.02.16 12:07:25,410038624,Magic_251101,CRITICAL_TRIM,127.53,122.97,3.58,0,Closed 0 worst trades
2026.02.16 12:07:25,410038624,Magic_251101,CRITICAL_TRIM,127.53,122.97,3.58,0,Closed 0 worst trades
2026.02.16 12:07:26,410038624,Magic_251101,CRITICAL_TRIM,127.53,122.97,3.58,0,Closed 0 worst trades
2026.02.16 12:07:26,410038624,Magic_251101,CRITICAL_TRIM,127.53,122.97,3.58,0,Closed 0 worst trades
2026.02.16 12:07:26,410038624,Magic_251101,CRITICAL_TRIM,127.53,122.97,3.58,0,Closed 0 worst trades
2026.02.16 12:07:26,410038624,Magic_251101,CRITICAL_TRIM,127.53,122.97,3.58,0,Closed 0 worst trades
2026.02.16 12:07:26,410038624,Magic_251101,CRITICAL_TRIM,127.53,122.97,3.58,0,Closed 0 worst trades
2026.02.16 12:07:26,410038624,Magic_251101,CRITICAL_TRIM,127.53,122.97,3.58,0,Closed 0 worst trades
2026.02.16 12:07:28,410038624,Magic_251101,CRITICAL_TRIM,127.53,122.97,3.58,0,Closed 0 worst trades
2026.02.16 12:07:28,410038624,Magic_251101,CRITICAL_TRIM,127.53,122.97,3.58,0,Closed 0 worst trades
2026.02.16 12:07:29,410038624,Magic_251101,CRITICAL_TRIM,127.53,122.97,3.58,0,Closed 0 worst trades
2026.02.16 12:07:29,410038624,Magic_251101,CRITICAL_TRIM,127.53,122.97,3.58,0,Closed 0 worst trades
2026.02.16 12:07:29,410038624,Magic_251101,CRITICAL_TRIM,127.53,122.97,3.58,0,Closed 0 worst trades
2026.02.16 12:07:29,410038624,Magic_251101,CRITICAL_TRIM,127.53,122.97,3.58,0,Closed 0 worst trades
2026.02.16 12:07:30,410038624,Magic_251101,CRITICAL_TRIM,127.53,122.97,3.58,0,Closed 0 worst trades
2026.02.16 12:07:30,410038624,Magic_251101,CRITICAL_TRIM,127.53,122.97,3.58,0,Closed 0 worst trades
2026.02.16 12:07:31,410038624,Magic_251101,CRITICAL_TRIM,127.53,122.97,3.58,0,Closed 0 worst trades
2026.02.16 12:07:31,410038624,Magic_251101,CRITICAL_TRIM,127.53,122.97,3.58,0,Closed 0 worst trades
2026.02.16 12:07:31,410038624,Magic_251101,CRITICAL_TRIM,127.53,122.97,3.58,0,Closed 0 worst trades
2026.02.16 12:07:31,410038624,Magic_251101,CRITICAL_TRIM,127.53,122.97,3.58,0,Closed 0 worst trades
2026.02.16 12:07:32,410038624,Magic_251101,CRITICAL_TRIM,127.53,122.97,3.58,0,Closed 0 worst trades
2026.02.16 12:07:32,410038624,Magic_251101,CRITICAL_TRIM,127.53,122.97,3.58,0,Closed 0 worst trades
2026.02.16 12:07:32,410038624,Magic_251101,CRITICAL_TRIM,127.53,122.97,3.58,0,Closed 0 worst trades
2026.02.16 12:07:32,410038624,Magic_251101,CRITICAL_TRIM,127.53,122.97,3.58,0,Closed 0 worst trades
2026.02.16 12:07:32,410038624,Magic_251101,CRITICAL_TRIM,127.53,122.97,3.58,0,Closed 0 worst trades
2026.02.16 12:07:33,410038624,Magic_251101,CRITICAL_TRIM,127.53,122.97,3.58,0,Closed 0 worst trades
2026.02.16 12:07:33,410038624,Magic_251101,CRITICAL_TRIM,127.53,122.97,3.58,0,Closed 0 worst trades
2026.02.16 12:07:33,410038624,Magic_251101,CRITICAL_TRIM,127.53,122.97,3.58,0,Closed 0 worst trades
2026.02.16 12:07:33,410038624,Magic_251101,CRITICAL_TRIM,127.53,122.97,3.58,0,Closed 0 worst trades
2026.02.16 12:07:33,410038624,Magic_251101,CRITICAL_TRIM,127.53,122.97,3.58,0,Closed 0 worst trades
2026.02.16 12:07:33,410038624,Magic_251101,CRITICAL_TRIM,127.53,122.97,3.58,0,Closed 0 worst trades
2026.02.16 12:07:33,410038624,Magic_251101,CRITICAL_TRIM,127.53,122.97,3.58,0,Closed 0 worst trades
2026.02.16 12:07:34,410038624,Magic_251101,CRITICAL_TRIM,127.53,122.97,3.58,0,Closed 0 worst trades
2026.02.16 12:07:34,410038624,Magic_251101,CRITICAL_TRIM,127.53,122.97,3.58,0,Closed 0 worst trades
2026.02.16 12:07:34,410038624,Magic_251101,CRITICAL_TRIM,127.53,122.97,3.58,0,Closed 0 worst trades
2026.02.16 12:07:35,410038624,Magic_251101,CRITICAL_TRIM,127.53,122.97,3.58,0,Closed 0 worst trades
2026.02.16 12:07:35,410038624,Magic_251101,CRITICAL_TRIM,127.53,122.97,3.58,0,Closed 0 worst trades
2026.02.16 12:07:35,410038624,Magic_251101,CRITICAL_TRIM,127.53,122.97,3.58,0,Closed 0 worst trades
2026.02.16 12:07:35,410038624,Magic_251101,CRITICAL_TRIM,127.53,122.97,3.58,0,Closed 0 worst trades
2026.02.16 12:07:36,410038624,Magic_251101,CRITICAL_TRIM,127.53,122.97,3.58,0,Closed 0 worst trades
2026.02.16 12:07:36,410038624,Magic_251101,CRITICAL_TRIM,127.53,122.97,3.58,0,Closed 0 worst trades
2026.02.16 12:07:36,410038624,Magic_251101,CRITICAL_TRIM,127.53,122.97,3.58,0,Closed 0 worst trades
2026.02.16 12:07:36,410038624,Magic_251101,CRITICAL_TRIM,127.53,122.97,3.58,0,Closed 0 worst trades
2026.02.16 12:07:36,410038624,Magic_251101,CRITICAL_TRIM,127.53,122.97,3.58,0,Closed 0 worst trades
2026.02.16 12:07:36,410038624,Magic_251101,CRITICAL_TRIM,127.53,122.97,3.58,0,Closed 0 worst trades
2026.02.16 12:07:36,410038624,Magic_251101,CRITICAL_TRIM,127.53,122.97,3.58,0,Closed 0 worst trades
2026.02.16 12:07:37,410038624,Magic_251101,CRITICAL_TRIM,127.53,122.97,3.58,0,Closed 0 worst trades
2026.02.16 12:07:37,410038624,Magic_251101,CRITICAL_TRIM,127.53,122.97,3.58,0,Closed 0 worst trades
2026.02.16 12:07:38,410038624,Magic_251101,CRITICAL_TRIM,127.53,122.97,3.58,0,Closed 0 worst trades
2026.02.16 12:07:38,410038624,Magic_251101,CRITICAL_TRIM,127.53,122.97,3.58,0,Closed 0 worst trades
2026.02.16 12:07:38,410038624,Magic_251101,CRITICAL_TRIM,127.53,122.97,3.58,0,Closed 0 worst trades
2026.02.16 12:07:38,410038624,Magic_251101,CRITICAL_TRIM,127.53,122.97,3.58,0,Closed 0 worst trades
2026.02.16 12:07:38,410038624,Magic_251101,CRITICAL_TRIM,127.53,122.97,3.58,0,Closed 0 worst trades
2026.02.16 12:07:39,410038624,Magic_251101,CRITICAL_TRIM,127.53,122.97,3.58,0,Closed 0 worst trades
2026.02.16 12:07:39,410038624,Magic_251101,CRITICAL_TRIM,127.53,122.97,3.58,0,Closed 0 worst trades
2026.02.16 12:07:40,410038624,Magic_251101,CRITICAL_TRIM,127.53,122.97,3.58,0,Closed 0 worst trades
2026.02.16 12:07:40,410038624,Magic_251101,CRITICAL_TRIM,127.53,122.97,3.58,0,Closed 0 worst trades
2026.02.16 12:07:40,410038624,Magic_251101,CRITICAL_TRIM,127.53,122.97,3.58,0,Closed 0 worst trades
2026.02.16 12:07:41,410038624,Magic_251101,CRITICAL_TRIM,127.53,122.97,3.58,0,Closed 0 worst trades
2026.02.16 12:07:41,410038624,Magic_251101,CRITICAL_TRIM,127.53,122.97,3.58,0,Closed 0 worst trades
2026.02.16 12:07:41,410038624,Magic_251101,CRITICAL_TRIM,127.53,122.97,3.58,0,Closed 0 worst trades
2026.02.16 12:07:43,410038624,Magic_251101,CRITICAL_TRIM,127.53,122.97,3.58,0,Closed 0 worst trades
2026.02.16 12:07:43,410038624,Magic_251101,CRITICAL_TRIM,127.53,122.97,3.58,0,Closed 0 worst trades
2026.02.16 12:07:43,410038624,Magic_251101,CRITICAL_TRIM,127.53,122.97,3.58,0,Closed 0 worst trades
2026.02.16 12:07:43,410038624,Magic_251101,CRITICAL_TRIM,127.53,122.97,3.58,0,Closed 0 worst trades
2026.02.16 12:07:43,410038624,Magic_251101,CRITICAL_TRIM,127.53,122.97,3.58,0,Closed 0 worst trades
2026.02.16 12:07:43,410038624,Magic_251101,CRITICAL_TRIM,127.53,122.97,3.58,0,Closed 0 worst trades
2026.02.16 12:07:43,410038624,Magic_251101,CRITICAL_TRIM,127.53,122.97,3.58,0,Closed 0 worst trades
2026.02.16 12:07:44,410038624,Magic_251101,CRITICAL_TRIM,127.53,122.97,3.58,0,Closed 0 worst trades
2026.02.16 12:07:44,410038624,Magic_251101,CRITICAL_TRIM,127.53,122.97,3.58,0,Closed 0 worst trades
2026.02.16 12:07:44,410038624,Magic_251101,CRITICAL_TRIM,127.53,122.97,3.58,0,Closed 0 worst trades
2026.02.16 12:07:44,410038624,Magic_251101,CRITICAL_TRIM,127.53,122.97,3.58,0,Closed 0 worst trades
2026.02.16 12:07:44,410038624,Magic_251101,CRITICAL_TRIM,127.53,122.97,3.58,0,Closed 0 worst trades
2026.02.16 12:07:44,410038624,Magic_251101,CRITICAL_TRIM,127.53,122.97,3.58,0,Closed 0 worst trades
2026.02.16 12:07:44,410038624,Magic_251101,CRITICAL_TRIM,127.53,122.97,3.58,0,Closed 0 worst trades
2026.02.16 12:07:44,410038624,Magic_251101,CRITICAL_TRIM,127.53,122.97,3.58,0,Closed 0 worst trades
2026.02.16 12:07:44,410038624,Magic_251101,CRITICAL_TRIM,127.53,122.97,3.58,0,Closed 0 worst trades
2026.02.16 12:07:45,410038624,Magic_251101,CRITICAL_TRIM,127.53,122.97,3.58,0,Closed 0 worst trades
2026.02.16 12:07:45,410038624,Magic_251101,CRITICAL_TRIM,127.53,122.97,3.58,0,Closed 0 worst trades
2026.02.16 12:07:45,410038624,Magic_251101,CRITICAL_TRIM,127.53,122.97,3.58,0,Closed 0 worst trades
2026.02.16 12:07:45,410038624,Magic_251101,CRITICAL_TRIM,127.53,122.97,3.58,0,Closed 0 worst trades
2026.02.16 12:07:45,410038624,Magic_251101,CRITICAL_TRIM,127.53,122.97,3.58,0,Closed 0 worst trades
2026.02.16 12:07:45,410038624,Magic_251101,CRITICAL_TRIM,127.53,122.97,3.58,0,Closed 0 worst trades
2026.02.16 12:07:46,410038624,Magic_251101,CRITICAL_TRIM,127.53,122.97,3.58,0,Closed 0 worst trades
2026.02.16 12:07:46,410038624,Magic_251101,CRITICAL_TRIM,127.53,122.97,3.58,0,Closed 0 worst trades
2026.02.16 12:07:46,410038624,Magic_251101,CRITICAL_TRIM,127.53,122.97,3.58,0,Closed 0 worst trades
2026.02.16 12:07:46,410038624,Magic_251101,CRITICAL_TRIM,127.53,122.97,3.58,0,Closed 0 worst trades
2026.02.16 12:07:46,410038624,Magic_251101,CRITICAL_TRIM,127.53,122.97,3.58,0,Closed 0 worst trades
2026.02.16 12:07:46,410038624,Magic_251101,CRITICAL_TRIM,127.53,122.97,3.58,0,Closed 0 worst trades
2026.02.16 12:07:46,410038624,Magic_251101,CRITICAL_TRIM,127.53,122.97,3.58,0,Closed 0 worst trades
2026.02.16 12:07:46,410038624,Magic_251101,CRITICAL_TRIM,127.53,122.97,3.58,0,Closed 0 worst trades
2026.02.16 12:07:47,410038624,Magic_251101,CRITICAL_TRIM,127.53,122.97,3.58,0,Closed 0 worst trades
2026.02.16 12:07:47,410038624,Magic_251101,CRITICAL_TRIM,127.53,122.97,3.58,0,Closed 0 worst trades
2026.02.16 12:07:47,410038624,Magic_251101,CRITICAL_TRIM,127.53,122.97,3.58,0,Closed 0 worst trades
2026.02.16 12:07:47,410038624,Magic_251101,CRITICAL_TRIM,127.53,122.97,3.58,0,Closed 0 worst trades
2026.02.16 12:07:48,410038624,Magic_251101,CRITICAL_TRIM,127.53,122.97,3.58,0,Closed 0 worst trades
2026.02.16 12:07:48,410038624,Magic_251101,CRITICAL_TRIM,127.53,122.97,3.58,0,Closed 0 worst trades
2026.02.16 12:07:49,410038624,Magic_251101,CRITICAL_TRIM,127.53,122.97,3.58,0,Closed 0 worst trades
2026.02.16 12:07:49,410038624,Magic_251101,CRITICAL_TRIM,127.53,122.97,3.58,0,Closed 0 worst trades
2026.02.16 12:07:49,410038624,Magic_251101,CRITICAL_TRIM,127.53,122.97,3.58,0,Closed 0 worst trades
2026.02.16 12:07:49,410038624,Magic_251101,CRITICAL_TRIM,127.53,122.97,3.58,0,Closed 0 worst trades
2026.02.16 12:07:49,410038624,Magic_251101,CRITICAL_TRIM,127.53,122.97,3.58,0,Closed 0 worst trades
2026.02.16 12:07:49,410038624,Magic_251101,CRITICAL_TRIM,127.53,122.97,3.58,0,Closed 0 worst trades
2026.02.16 12:07:50,410038624,Magic_251101,CRITICAL_TRIM,127.53,122.97,3.58,0,Closed 0 worst trades
2026.02.16 12:07:50,410038624,Magic_251101,CRITICAL_TRIM,127.53,122.97,3.58,0,Closed 0 worst trades
2026.02.16 12:07:50,410038624,Magic_251101,CRITICAL_TRIM,127.53,122.97,3.58,0,Closed 0 worst trades
2026.02.16 12:07:50,410038624,Magic_251101,CRITICAL_TRIM,127.53,122.97,3.58,0,Closed 0 worst trades
2026.02.16 12:07:50,410038624,Magic_251101,CRITICAL_TRIM,127.53,122.97,3.58,0,Closed 0 worst trades
2026.02.16 12:07:51,410038624,Magic_251101,CRITICAL_TRIM,127.53,122.97,3.58,0,Closed 0 worst trades
2026.02.16 12:07:51,410038624,Magic_251101,CRITICAL_TRIM,127.53,122.97,3.58,0,Closed 0 worst trades
2026.02.16 12:07:53,410038624,Magic_251101,CRITICAL_TRIM,127.53,122.97,3.58,0,Closed 0 worst trades
2026.02.16 12:07:53,410038624,Magic_251101,CRITICAL_TRIM,127.53,122.97,3.58,0,Closed 0 worst trades
2026.02.16 12:07:54,410038624,Magic_251101,CRITICAL_TRIM,127.53,122.97,3.58,0,Closed 0 worst trades
2026.02.16 12:07:54,410038624,Magic_251101,CRITICAL_TRIM,127.53,122.97,3.58,0,Closed 0 worst trades
2026.02.16 12:07:54,410038624,Magic_251101,CRITICAL_TRIM,127.53,122.97,3.58,0,Closed 0 worst trades
2026.02.16 12:07:54,410038624,Magic_251101,CRITICAL_TRIM,127.53,122.97,3.58,0,Closed 0 worst trades
2026.02.16 12:07:54,410038624,Magic_251101,CRITICAL_TRIM,127.53,122.97,3.58,0,Closed 0 worst trades
2026.02.16 12:07:54,410038624,Magic_251101,CRITICAL_TRIM,127.53,122.97,3.58,0,Closed 0 worst trades
2026.02.16 12:07:55,410038624,Magic_251101,CRITICAL_TRIM,127.53,122.97,3.58,0,Closed 0 worst trades
2026.02.16 12:07:55,410038624,Magic_251101,CRITICAL_TRIM,127.53,122.97,3.58,0,Closed 0 worst trades
2026.02.16 12:07:55,410038624,Magic_251101,CRITICAL_TRIM,127.53,122.97,3.58,0,Closed 0 worst trades
2026.02.16 12:07:55,410038624,Magic_251101,CRITICAL_TRIM,127.53,122.97,3.58,0,Closed 0 worst trades
2026.02.16 12:07:55,410038624,Magic_251101,CRITICAL_TRIM,127.53,122.97,3.58,0,Closed 0 worst trades
2026.02.16 12:07:55,410038624,Magic_251101,CRITICAL_TRIM,127.53,122.97,3.58,0,Closed 0 worst trades
2026.02.16 12:07:55,410038624,Magic_251101,CRITICAL_TRIM,127.53,122.97,3.58,0,Closed 0 worst trades
2026.02.16 12:07:56,410038624,Magic_251101,CRITICAL_TRIM,127.53,122.97,3.58,0,Closed 0 worst trades
2026.02.16 12:07:56,410038624,Magic_251101,CRITICAL_TRIM,127.53,122.97,3.58,0,Closed 0 worst trades
2026.02.16 12:07:57,410038624,Magic_251101,CRITICAL_TRIM,127.53,122.97,3.58,0,Closed 0 worst trades
2026.02.16 12:07:57,410038624,Magic_251101,CRITICAL_TRIM,127.53,122.97,3.58,0,Closed 0 worst trades
2026.02.16 12:07:57,410038624,Magic_251101,CRITICAL_TRIM,127.53,122.97,3.58,0,Closed 0 worst trades
2026.02.16 12:07:57,410038624,Magic_251101,CRITICAL_TRIM,127.53,122.97,3.58,0,Closed 0 worst trades
2026.02.16 12:07:57,410038624,Magic_251101,CRITICAL_TRIM,127.53,122.97,3.58,0,Closed 0 worst trades
2026.02.16 12:07:58,410038624,Magic_251101,CRITICAL_TRIM,127.53,122.97,3.58,0,Closed 0 worst trades
2026.02.16 12:07:59,410038624,Magic_251101,CRITICAL_TRIM,127.53,122.97,3.58,0,Closed 0 worst trades
2026.02.16 12:07:59,410038624,Magic_251101,CRITICAL_TRIM,127.53,122.97,3.58,0,Closed 0 worst trades
2026.02.16 12:07:59,410038624,Magic_251101,CRITICAL_TRIM,127.53,122.97,3.58,0,Closed 0 worst trades
2026.02.16 12:07:59,410038624,Magic_251101,CRITICAL_TRIM,127.53,122.97,3.58,0,Closed 0 worst trades
2026.02.16 12:08:00,410038624,Magic_251101,CRITICAL_TRIM,127.53,122.97,3.58,0,Closed 0 worst trades
2026.02.16 12:08:00,410038624,Magic_251101,CRITICAL_TRIM,127.53,122.97,3.58,0,Closed 0 worst trades
2026.02.16 12:08:01,410038624,Magic_251101,CRITICAL_TRIM,127.53,122.97,3.58,0,Closed 0 worst trades
2026.02.16 12:08:01,410038624,Magic_251101,CRITICAL_TRIM,127.53,122.97,3.58,0,Closed 0 worst trades
2026.02.16 12:08:01,410038624,Magic_251101,CRITICAL_TRIM,127.53,122.97,3.58,0,Closed 0 worst trades
2026.02.16 12:08:01,410038624,Magic_251101,CRITICAL_TRIM,127.53,122.97,3.58,0,Closed 0 worst trades
2026.02.16 12:08:01,410038624,Magic_251101,CRITICAL_TRIM,127.53,122.97,3.58,0,Closed 0 worst trades
2026.02.16 12:08:02,410038624,Magic_251101,CRITICAL_TRIM,127.53,122.97,3.58,0,Closed 0 worst trades
2026.02.16 12:08:02,410038624,Magic_251101,CRITICAL_TRIM,127.53,122.97,3.58,0,Closed 0 worst trades
2026.02.16 12:08:02,410038624,Magic_251101,CRITICAL_TRIM,127.53,122.97,3.58,0,Closed 0 worst trades
2026.02.16 12:08:02,410038624,Magic_251101,CRITICAL_TRIM,127.53,122.97,3.58,0,Closed 0 worst trades
2026.02.16 12:08:02,410038624,Magic_251101,CRITICAL_TRIM,127.53,122.97,3.58,0,Closed 0 worst trades
2026.02.16 12:08:02,410038624,Magic_251101,CRITICAL_TRIM,127.53,122.97,3.58,0,Closed 0 worst trades
2026.02.16 12:08:02,410038624,Magic_251101,CRITICAL_TRIM,127.53,122.97,3.58,0,Closed 0 worst trades
2026.02.16 12:08:03,410038624,Magic_251101,CRITICAL_TRIM,127.53,122.97,3.58,0,Closed 0 worst trades
2026.02.16 12:08:03,410038624,Magic_251101,CRITICAL_TRIM,127.53,122.97,3.58,0,Closed 0 worst trades
2026.02.16 12:08:03,410038624,Magic_251101,CRITICAL_TRIM,127.53,122.97,3.58,0,Closed 0 worst trades
2026.02.16 12:08:03,410038624,Magic_251101,CRITICAL_TRIM,127.53,122.97,3.58,0,Closed 0 worst trades
2026.02.16 12:08:04,410038624,Magic_251101,CRITICAL_TRIM,127.53,122.97,3.58,0,Closed 0 worst trades
2026.02.16 12:08:04,410038624,Magic_251101,CRITICAL_TRIM,127.53,122.97,3.58,0,Closed 0 worst trades
2026.02.16 12:08:04,410038624,Magic_251101,CRITICAL_TRIM,127.53,122.97,3.58,0,Closed 0 worst trades
2026.02.16 12:08:04,410038624,Magic_251101,CRITICAL_TRIM,127.53,122.97,3.58,0,Closed 0 worst trades
2026.02.16 12:08:04,410038624,Magic_251101,CRITICAL_TRIM,127.53,122.97,3.58,0,Closed 0 worst trades
2026.02.16 12:08:05,410038624,Magic_251101,CRITICAL_TRIM,127.53,122.97,3.58,0,Closed 0 worst trades
2026.02.16 12:08:05,410038624,Magic_251101,CRITICAL_TRIM,127.53,122.97,3.58,0,Closed 0 worst trades
2026.02.16 12:08:05,410038624,Magic_251101,CRITICAL_TRIM,127.53,122.97,3.58,0,Closed 0 worst trades
2026.02.16 12:08:06,410038624,Magic_251101,CRITICAL_TRIM,127.53,122.97,3.58,0,Closed 0 worst trades
2026.02.16 12:08:06,410038624,Magic_251101,CRITICAL_TRIM,127.53,122.97,3.58,0,Closed 0 worst trades
2026.02.16 12:08:06,410038624,Magic_251101,CRITICAL_TRIM,127.53,122.97,3.58,0,Closed 0 worst trades
2026.02.16 12:08:07,410038624,Magic_251101,CRITICAL_TRIM,127.53,122.97,3.58,0,Closed 0 worst trades
2026.02.16 12:08:07,410038624,Magic_251101,CRITICAL_TRIM,127.53,122.97,3.58,0,Closed 0 worst trades
2026.02.16 12:08:07,410038624,Magic_251101,CRITICAL_TRIM,127.53,122.97,3.58,0,Closed 0 worst trades
2026.02.16 12:08:07,410038624,Magic_251101,CRITICAL_TRIM,127.53,122.97,3.58,0,Closed 0 worst trades
2026.02.16 12:08:07,410038624,Magic_251101,CRITICAL_TRIM,127.53,122.97,3.58,0,Closed 0 worst trades
2026.02.16 12:08:07,410038624,Magic_251101,CRITICAL_TRIM,127.53,122.97,3.58,0,Closed 0 worst trades
2026.02.16 12:08:08,410038624,Magic_251101,CRITICAL_TRIM,127.53,122.97,3.58,0,Closed 0 worst trades
2026.02.16 12:08:08,410038624,Magic_251101,CRITICAL_TRIM,127.53,122.97,3.58,0,Closed 0 worst trades
2026.02.16 12:08:08,410038624,Magic_251101,CRITICAL_TRIM,127.53,122.97,3.58,0,Closed 0 worst trades
2026.02.16 12:08:08,410038624,Magic_251101,CRITICAL_TRIM,127.53,122.97,3.58,0,Closed 0 worst trades
2026.02.16 12:08:08,410038624,Magic_251101,CRITICAL_TRIM,127.53,122.97,3.58,0,Closed 0 worst trades
2026.02.16 12:08:08,410038624,Magic_251101,CRITICAL_TRIM,127.53,122.97,3.58,0,Closed 0 worst trades
2026.02.16 12:08:08,410038624,Magic_251101,CRITICAL_TRIM,127.53,122.97,3.58,0,Closed 0 worst trades
2026.02.16 12:08:09,410038624,Magic_251101,CRITICAL_TRIM,127.53,122.97,3.58,0,Closed 0 worst trades
2026.02.16 12:08:09,410038624,Magic_251101,CRITICAL_TRIM,127.53,122.97,3.58,0,Closed 0 worst trades
2026.02.16 12:08:09,410038624,Magic_251101,CRITICAL_TRIM,127.53,122.97,3.58,0,Closed 0 worst trades
2026.02.16 12:08:09,410038624,Magic_251101,CRITICAL_TRIM,127.53,122.97,3.58,0,Closed 0 worst trades
2026.02.16 12:08:09,410038624,Magic_251101,CRITICAL_TRIM,127.53,122.97,3.58,0,Closed 0 worst trades
2026.02.16 12:08:09,410038624,Magic_251101,CRITICAL_TRIM,127.53,122.97,3.58,0,Closed 0 worst trades
2026.02.16 12:08:09,410038624,Magic_251101,CRITICAL_TRIM,127.53,122.97,3.58,0,Closed 0 worst trades
2026.02.16 12:08:10,410038624,Magic_251101,CRITICAL_TRIM,127.53,122.97,3.58,0,Closed 0 worst trades
2026.02.16 12:08:10,410038624,Magic_251101,CRITICAL_TRIM,127.53,122.97,3.58,0,Closed 0 worst trades
2026.02.16 12:08:10,410038624,Magic_251101,CRITICAL_TRIM,127.53,122.97,3.58,0,Closed 0 worst trades
2026.02.16 12:08:10,410038624,Magic_251101,CRITICAL_TRIM,127.53,122.97,3.58,0,Closed 0 worst trades
2026.02.16 12:08:10,410038624,Magic_251101,CRITICAL_TRIM,127.53,122.97,3.58,0,Closed 0 worst trades
2026.02.16 12:08:10,410038624,Magic_251101,CRITICAL_TRIM,127.53,122.97,3.58,0,Closed 0 worst trades
2026.02.16 12:08:11,410038624,Magic_251101,CRITICAL_TRIM,127.53,122.97,3.58,0,Closed 0 worst trades
2026.02.16 12:08:11,410038624,Magic_251101,CRITICAL_TRIM,127.53,122.97,3.58,0,Closed 0 worst trades
2026.02.16 12:08:11,410038624,Magic_251101,CRITICAL_TRIM,127.53,122.97,3.58,0,Closed 0 worst trades
2026.02.16 12:08:11,410038624,Magic_251101,CRITICAL_TRIM,127.53,122.97,3.58,0,Closed 0 worst trades
2026.02.16 12:08:11,410038624,Magic_251101,CRITICAL_TRIM,127.53,122.97,3.58,0,Closed 0 worst trades
2026.02.16 12:08:11,410038624,Magic_251101,CRITICAL_TRIM,127.53,122.97,3.58,0,Closed 0 worst trades
2026.02.16 12:08:12,410038624,Magic_251101,CRITICAL_TRIM,127.53,122.97,3.58,0,Closed 0 worst trades
2026.02.16 12:08:12,410038624,Magic_251101,CRITICAL_TRIM,127.53,122.97,3.58,0,Closed 0 worst trades
2026.02.16 12:08:12,410038624,Magic_251101,CRITICAL_TRIM,127.53,122.97,3.58,0,Closed 0 worst trades
2026.02.16 12:08:12,410038624,Magic_251101,CRITICAL_TRIM,127.53,122.97,3.58,0,Closed 0 worst trades
2026.02.16 12:08:12,410038624,Magic_251101,CRITICAL_TRIM,127.53,122.97,3.58,0,Closed 0 worst trades
2026.02.16 12:08:12,410038624,Magic_251101,CRITICAL_TRIM,127.53,122.97,3.58,0,Closed 0 worst trades
2026.02.16 12:08:12,410038624,Magic_251101,CRITICAL_TRIM,127.53,122.97,3.58,0,Closed 0 worst trades
2026.02.16 12:08:12,410038624,Magic_251101,CRITICAL_TRIM,127.53,122.97,3.58,0,Closed 0 worst trades
2026.02.16 12:08:13,410038624,Magic_251101,CRITICAL_TRIM,127.53,122.97,3.58,0,Closed 0 worst trades
2026.02.16 12:08:14,410038624,Magic_251101,CRITICAL_TRIM,127.53,122.97,3.58,0,Closed 0 worst trades
2026.02.16 12:08:14,410038624,Magic_251101,CRITICAL_TRIM,127.53,122.97,3.58,0,Closed 0 worst trades
2026.02.16 12:08:14,410038624,Magic_251101,CRITICAL_TRIM,127.53,122.97,3.58,0,Closed 0 worst trades
2026.02.16 12:08:15,410038624,Magic_251101,CRITICAL_TRIM,127.53,122.97,3.58,0,Closed 0 worst trades
2026.02.16 12:08:15,410038624,Magic_251101,CRITICAL_TRIM,127.53,122.97,3.58,0,Closed 0 worst trades
2026.02.16 12:08:16,410038624,Magic_251101,CRITICAL_TRIM,127.53,122.97,3.58,0,Closed 0 worst trades
2026.02.16 12:08:17,410038624,Magic_251101,CRITICAL_TRIM,127.53,122.97,3.58,0,Closed 0 worst trades
2026.02.16 12:08:17,410038624,Magic_251101,CRITICAL_TRIM,127.53,122.97,3.58,0,Closed 0 worst trades
2026.02.16 12:08:17,410038624,Magic_251101,CRITICAL_TRIM,127.53,122.97,3.58,0,Closed 0 worst trades
2026.02.16 12:08:17,410038624,Magic_251101,CRITICAL_TRIM,127.53,122.97,3.58,0,Closed 0 worst trades
2026.02.16 12:08:18,410038624,Magic_251101,CRITICAL_TRIM,127.53,122.97,3.58,0,Closed 0 worst trades
2026.02.16 12:08:18,410038624,Magic_251101,CRITICAL_TRIM,127.53,122.97,3.58,0,Closed 0 worst trades
2026.02.16 12:08:18,410038624,Magic_251101,CRITICAL_TRIM,127.53,122.97,3.58,0,Closed 0 worst trades
2026.02.16 12:08:19,410038624,Magic_251101,CRITICAL_TRIM,127.53,122.97,3.58,0,Closed 0 worst trades
2026.02.16 12:08:19,410038624,Magic_251101,CRITICAL_TRIM,127.53,122.97,3.58,0,Closed 0 worst trades
2026.02.16 12:08:19,410038624,Magic_251101,CRITICAL_TRIM,127.53,122.97,3.58,0,Closed 0 worst trades
2026.02.16 12:08:21,410038624,Magic_251101,CRITICAL_TRIM,127.53,122.97,3.58,0,Closed 0 worst trades
2026.02.16 12:08:21,410038624,Magic_251101,CRITICAL_TRIM,127.53,122.97,3.58,0,Closed 0 worst trades
2026.02.16 12:08:22,410038624,Magic_251101,CRITICAL_TRIM,127.53,122.97,3.58,0,Closed 0 worst trades
2026.02.16 12:08:22,410038624,Magic_251101,CRITICAL_TRIM,127.53,122.97,3.58,0,Closed 0 worst trades
2026.02.16 12:08:23,410038624,Magic_251101,CRITICAL_TRIM,127.53,122.97,3.58,0,Closed 0 worst trades
2026.02.16 12:08:23,410038624,Magic_251101,CRITICAL_TRIM,127.53,122.97,3.58,0,Closed 0 worst trades
2026.02.16 12:08:24,410038624,Magic_251101,CRITICAL_TRIM,127.53,122.97,3.58,0,Closed 0 worst trades
2026.02.16 12:08:24,410038624,Magic_251101,CRITICAL_TRIM,127.53,122.97,3.58,0,Closed 0 worst trades
2026.02.16 12:08:25,410038624,Magic_251101,CRITICAL_TRIM,127.53,122.97,3.58,0,Closed 0 worst trades
2026.02.16 12:08:25,410038624,Magic_251101,CRITICAL_TRIM,127.53,122.97,3.58,0,Closed 0 worst trades
2026.02.16 12:08:25,410038624,Magic_251101,CRITICAL_TRIM,127.53,122.97,3.58,0,Closed 0 worst trades
2026.02.16 12:08:25,410038624,Magic_251101,CRITICAL_TRIM,127.53,122.97,3.58,0,Closed 0 worst trades
2026.02.16 12:08:25,410038624,Magic_251101,CRITICAL_TRIM,127.53,122.97,3.58,0,Closed 0 worst trades
2026.02.16 12:08:26,410038624,Magic_251101,CRITICAL_TRIM,127.53,122.97,3.58,0,Closed 0 worst trades
2026.02.16 12:08:26,410038624,Magic_251101,CRITICAL_TRIM,127.53,122.97,3.58,0,Closed 0 worst trades
2026.02.16 12:08:27,410038624,Magic_251101,CRITICAL_TRIM,127.53,122.97,3.58,0,Closed 0 worst trades
2026.02.16 12:08:27,410038624,Magic_251101,CRITICAL_TRIM,127.53,122.97,3.58,0,Closed 0 worst trades
2026.02.16 12:08:27,410038624,Magic_251101,CRITICAL_TRIM,127.53,122.97,3.58,0,Closed 0 worst trades
2026.02.16 12:08:27,410038624,Magic_251101,CRITICAL_TRIM,127.53,122.97,3.58,0,Closed 0 worst trades
2026.02.16 12:08:28,410038624,Magic_251101,CRITICAL_TRIM,127.53,122.97,3.58,0,Closed 0 worst trades
2026.02.16 12:08:30,410038624,Magic_251101,CRITICAL_TRIM,127.53,122.97,3.58,0,Closed 0 worst trades
2026.02.16 12:08:30,410038624,Magic_251101,CRITICAL_TRIM,127.53,122.97,3.58,0,Closed 0 worst trades
2026.02.16 12:08:31,410038624,Magic_251101,CRITICAL_TRIM,127.53,122.97,3.58,0,Closed 0 worst trades
2026.02.16 12:08:31,410038624,Magic_251101,CRITICAL_TRIM,127.53,122.97,3.58,0,Closed 0 worst trades
2026.02.16 12:08:31,410038624,Magic_251101,CRITICAL_TRIM,127.53,122.97,3.58,0,Closed 0 worst trades
2026.02.16 12:08:31,410038624,Magic_251101,CRITICAL_TRIM,127.53,122.97,3.58,0,Closed 0 worst trades
2026.02.16 12:08:31,410038624,Magic_251101,CRITICAL_TRIM,127.53,122.97,3.58,0,Closed 0 worst trades
2026.02.16 12:08:31,410038624,Magic_251101,CRITICAL_TRIM,127.53,122.97,3.58,0,Closed 0 worst trades
2026.02.16 12:08:32,410038624,Magic_251101,CRITICAL_TRIM,127.53,122.97,3.58,0,Closed 0 worst trades
2026.02.16 12:08:32,410038624,Magic_251101,CRITICAL_TRIM,127.53,122.97,3.58,0,Closed 0 worst trades
2026.02.16 12:08:32,410038624,Magic_251101,CRITICAL_TRIM,127.53,122.97,3.58,0,Closed 0 worst trades
2026.02.16 12:08:33,410038624,Magic_251101,CRITICAL_TRIM,127.53,122.97,3.58,0,Closed 0 worst trades
2026.02.16 12:08:33,410038624,Magic_251101,CRITICAL_TRIM,127.53,122.97,3.58,0,Closed 0 worst trades
2026.02.16 12:08:33,410038624,Magic_251101,CRITICAL_TRIM,127.53,122.97,3.58,0,Closed 0 worst trades
2026.02.16 12:08:34,410038624,Magic_251101,CRITICAL_TRIM,127.53,122.97,3.58,0,Closed 0 worst trades
2026.02.16 12:08:34,410038624,Magic_251101,CRITICAL_TRIM,127.53,122.97,3.58,0,Closed 0 worst trades
2026.02.16 12:08:34,410038624,Magic_251101,CRITICAL_TRIM,127.53,122.97,3.58,0,Closed 0 worst trades
2026.02.16 12:08:34,410038624,Magic_251101,CRITICAL_TRIM,127.53,122.97,3.58,0,Closed 0 worst trades
2026.02.16 12:08:35,410038624,Magic_251101,CRITICAL_TRIM,127.53,122.97,3.58,0,Closed 0 worst trades
2026.02.16 12:08:35,410038624,Magic_251101,CRITICAL_TRIM,127.53,122.97,3.58,0,Closed 0 worst trades
2026.02.16 12:08:35,410038624,Magic_251101,CRITICAL_TRIM,127.53,122.97,3.58,0,Closed 0 worst trades
2026.02.16 12:08:35,410038624,Magic_251101,CRITICAL_TRIM,127.53,122.97,3.58,0,Closed 0 worst trades
2026.02.16 12:08:35,410038624,Magic_251101,CRITICAL_TRIM,127.53,122.97,3.58,0,Closed 0 worst trades
2026.02.16 12:08:35,410038624,Magic_251101,CRITICAL_TRIM,127.53,122.97,3.58,0,Closed 0 worst trades
2026.02.16 12:08:36,410038624,Magic_251101,CRITICAL_TRIM,127.53,122.97,3.58,0,Closed 0 worst trades
2026.02.16 12:08:36,410038624,Magic_251101,CRITICAL_TRIM,127.53,122.97,3.58,0,Closed 0 worst trades
2026.02.16 12:08:37,410038624,Magic_251101,CRITICAL_TRIM,127.53,122.97,3.58,0,Closed 0 worst trades
2026.02.16 12:08:37,410038624,Magic_251101,CRITICAL_TRIM,127.53,122.97,3.58,0,Closed 0 worst trades
2026.02.16 12:08:37,410038624,Magic_251101,CRITICAL_TRIM,127.53,122.97,3.58,0,Closed 0 worst trades
2026.02.16 12:08:37,410038624,Magic_251101,CRITICAL_TRIM,127.53,122.97,3.58,0,Closed 0 worst trades
2026.02.16 12:08:37,410038624,Magic_251101,CRITICAL_TRIM,127.53,122.97,3.58,0,Closed 0 worst trades
2026.02.16 12:08:37,410038624,Magic_251101,CRITICAL_TRIM,127.53,122.97,3.58,0,Closed 0 worst trades
2026.02.16 12:08:37,410038624,Magic_251101,CRITICAL_TRIM,127.53,122.97,3.58,0,Closed 0 worst trades
2026.02.16 12:08:37,410038624,Magic_251101,CRITICAL_TRIM,127.53,122.97,3.58,0,Closed 0 worst trades
2026.02.16 12:08:38,410038624,Magic_251101,CRITICAL_TRIM,127.53,122.97,3.58,0,Closed 0 worst trades
2026.02.16 12:08:38,410038624,Magic_251101,CRITICAL_TRIM,127.53,122.97,3.58,0,Closed 0 worst trades
2026.02.16 12:08:38,410038624,Magic_251101,CRITICAL_TRIM,127.53,122.97,3.58,0,Closed 0 worst trades
2026.02.16 12:08:39,410038624,Magic_251101,CRITICAL_TRIM,127.53,122.97,3.58,0,Closed 0 worst trades
2026.02.16 12:08:39,410038624,Magic_251101,CRITICAL_TRIM,127.53,122.97,3.58,0,Closed 0 worst trades
2026.02.16 12:08:39,410038624,Magic_251101,CRITICAL_TRIM,127.53,122.97,3.58,0,Closed 0 worst trades
2026.02.16 12:08:39,410038624,Magic_251101,CRITICAL_TRIM,127.53,122.97,3.58,0,Closed 0 worst trades
2026.02.16 12:08:39,410038624,Magic_251101,CRITICAL_TRIM,127.53,122.97,3.58,0,Closed 0 worst trades
2026.02.16 12:08:39,410038624,Magic_251101,CRITICAL_TRIM,127.53,122.97,3.58,0,Closed 0 worst trades
2026.02.16 12:08:39,410038624,Magic_251101,CRITICAL_TRIM,127.53,122.97,3.58,0,Closed 0 worst trades
2026.02.16 12:08:40,410038624,Magic_251101,CRITICAL_TRIM,127.53,122.97,3.58,0,Closed 0 worst trades
2026.02.16 12:08:41,410038624,Magic_251101,CRITICAL_TRIM,127.53,122.97,3.58,0,Closed 0 worst trades
2026.02.16 12:08:42,410038624,Magic_251101,CRITICAL_TRIM,127.53,122.97,3.58,0,Closed 0 worst trades
2026.02.16 12:08:42,410038624,Magic_251101,CRITICAL_TRIM,127.53,122.97,3.58,0,Closed 0 worst trades
2026.02.16 12:08:42,410038624,Magic_251101,CRITICAL_TRIM,127.53,122.97,3.58,0,Closed 0 worst trades
2026.02.16 12:08:42,410038624,Magic_251101,CRITICAL_TRIM,127.53,122.97,3.58,0,Closed 0 worst trades
2026.02.16 12:08:43,410038624,Magic_251101,CRITICAL_TRIM,127.53,122.97,3.58,0,Closed 0 worst trades
2026.02.16 12:08:43,410038624,Magic_251101,CRITICAL_TRIM,127.53,122.97,3.58,0,Closed 0 worst trades
2026.02.16 12:08:45,410038624,Magic_251101,CRITICAL_TRIM,127.53,122.97,3.58,0,Closed 0 worst trades
2026.02.16 12:08:45,410038624,Magic_251101,CRITICAL_TRIM,127.53,122.97,3.58,0,Closed 0 worst trades
2026.02.16 12:08:45,410038624,Magic_251101,CRITICAL_TRIM,127.53,122.97,3.58,0,Closed 0 worst trades
2026.02.16 12:08:45,410038624,Magic_251101,CRITICAL_TRIM,127.53,122.97,3.58,0,Closed 0 worst trades
2026.02.16 12:08:45,410038624,Magic_251101,CRITICAL_TRIM,127.53,122.97,3.58,0,Closed 0 worst trades
2026.02.16 12:08:45,410038624,Magic_251101,CRITICAL_TRIM,127.53,122.97,3.58,0,Closed 0 worst trades
2026.02.16 12:08:46,410038624,Magic_251101,CRITICAL_TRIM,127.53,122.97,3.58,0,Closed 0 worst trades
2026.02.16 12:08:46,410038624,Magic_251101,CRITICAL_TRIM,127.53,122.97,3.58,0,Closed 0 worst trades
2026.02.16 12:08:46,410038624,Magic_251101,CRITICAL_TRIM,127.53,122.97,3.58,0,Closed 0 worst trades
2026.02.16 12:08:48,410038624,Magic_251101,CRITICAL_TRIM,127.53,122.97,3.58,0,Closed 0 worst trades
2026.02.16 12:08:48,410038624,Magic_251101,CRITICAL_TRIM,127.53,122.97,3.58,0,Closed 0 worst trades
2026.02.16 12:08:48,410038624,Magic_251101,CRITICAL_TRIM,127.53,122.97,3.58,0,Closed 0 worst trades
2026.02.16 12:08:48,410038624,Magic_251101,CRITICAL_TRIM,127.53,122.97,3.58,0,Closed 0 worst trades
2026.02.16 12:08:48,410038624,Magic_251101,CRITICAL_TRIM,127.53,122.97,3.58,0,Closed 0 worst trades
2026.02.16 12:08:49,410038624,Magic_251101,CRITICAL_TRIM,127.53,122.97,3.58,0,Closed 0 worst trades
2026.02.16 12:08:50,410038624,Magic_251101,CRITICAL_TRIM,127.53,122.97,3.58,0,Closed 0 worst trades
2026.02.16 12:08:50,410038624,Magic_251101,CRITICAL_TRIM,127.53,122.97,3.58,0,Closed 0 worst trades
2026.02.16 12:08:50,410038624,Magic_251101,CRITICAL_TRIM,127.53,122.97,3.58,0,Closed 0 worst trades
2026.02.16 12:08:50,410038624,Magic_251101,CRITICAL_TRIM,127.53,122.97,3.58,0,Closed 0 worst trades
2026.02.16 12:08:50,410038624,Magic_251101,CRITICAL_TRIM,127.53,122.97,3.58,0,Closed 0 worst trades
2026.02.16 12:08:50,410038624,Magic_251101,CRITICAL_TRIM,127.53,122.97,3.58,0,Closed 0 worst trades
2026.02.16 12:08:51,410038624,Magic_251101,CRITICAL_TRIM,127.53,122.97,3.58,0,Closed 0 worst trades
2026.02.16 12:08:51,410038624,Magic_251101,CRITICAL_TRIM,127.53,122.97,3.58,0,Closed 0 worst trades
2026.02.16 12:08:51,410038624,Magic_251101,CRITICAL_TRIM,127.53,122.97,3.58,0,Closed 0 worst trades
2026.02.16 12:08:52,410038624,Magic_251101,CRITICAL_TRIM,127.53,122.97,3.58,0,Closed 0 worst trades
2026.02.16 12:08:53,410038624,Magic_251101,CRITICAL_TRIM,127.53,122.97,3.58,0,Closed 0 worst trades
2026.02.16 12:08:53,410038624,Magic_251101,CRITICAL_TRIM,127.53,122.97,3.58,0,Closed 0 worst trades
2026.02.16 12:08:53,410038624,Magic_251101,CRITICAL_TRIM,127.53,122.97,3.58,0,Closed 0 worst trades
2026.02.16 12:08:53,410038624,Magic_251101,CRITICAL_TRIM,127.53,122.97,3.58,0,Closed 0 worst trades
2026.02.16 12:08:53,410038624,Magic_251101,CRITICAL_TRIM,127.53,122.97,3.58,0,Closed 0 worst trades
2026.02.16 12:08:53,410038624,Magic_251101,CRITICAL_TRIM,127.53,122.97,3.58,0,Closed 0 worst trades
2026.02.16 12:08:53,410038624,Magic_251101,CRITICAL_TRIM,127.53,122.97,3.58,0,Closed 0 worst trades
2026.02.16 12:08:54,410038624,Magic_251101,CRITICAL_TRIM,127.53,122.97,3.58,0,Closed 0 worst trades
2026.02.16 12:08:54,410038624,Magic_251101,CRITICAL_TRIM,127.53,122.97,3.58,0,Closed 0 worst trades
2026.02.16 12:08:54,410038624,Magic_251101,CRITICAL_TRIM,127.53,122.97,3.58,0,Closed 0 worst trades
2026.02.16 12:08:55,410038624,Magic_251101,CRITICAL_TRIM,127.53,122.97,3.58,0,Closed 0 worst trades
2026.02.16 12:08:55,410038624,Magic_251101,CRITICAL_TRIM,127.53,122.97,3.58,0,Closed 0 worst trades
2026.02.16 12:08:55,410038624,Magic_251101,CRITICAL_TRIM,127.53,122.97,3.58,0,Closed 0 worst trades
2026.02.16 12:08:55,410038624,Magic_251101,CRITICAL_TRIM,127.53,122.97,3.58,0,Closed 0 worst trades
2026.02.16 12:08:56,410038624,Magic_251101,CRITICAL_TRIM,127.53,122.97,3.58,0,Closed 0 worst trades
2026.02.16 12:08:57,410038624,Magic_251101,CRITICAL_TRIM,127.53,122.97,3.58,0,Closed 0 worst trades
2026.02.16 12:08:57,410038624,Magic_251101,CRITICAL_TRIM,127.53,122.97,3.58,0,Closed 0 worst trades
2026.02.16 12:08:57,410038624,Magic_251101,CRITICAL_TRIM,127.53,122.97,3.58,0,Closed 0 worst trades
2026.02.16 12:08:57,410038624,Magic_251101,CRITICAL_TRIM,127.53,122.97,3.58,0,Closed 0 worst trades
2026.02.16 12:08:57,410038624,Magic_251101,CRITICAL_TRIM,127.53,122.97,3.58,0,Closed 0 worst trades
2026.02.16 12:08:57,410038624,Magic_251101,CRITICAL_TRIM,127.53,122.97,3.58,0,Closed 0 worst trades
2026.02.16 12:08:58,410038624,Magic_251101,CRITICAL_TRIM,127.53,122.97,3.58,0,Closed 0 worst trades
2026.02.16 12:08:58,410038624,Magic_251101,CRITICAL_TRIM,127.53,122.97,3.58,0,Closed 0 worst trades
2026.02.16 12:08:58,410038624,Magic_251101,CRITICAL_TRIM,127.53,122.97,3.58,0,Closed 0 worst trades
2026.02.16 12:08:58,410038624,Magic_251101,CRITICAL_TRIM,127.53,122.97,3.58,0,Closed 0 worst trades
2026.02.16 12:08:58,410038624,Magic_251101,CRITICAL_TRIM,127.53,122.97,3.58,0,Closed 0 worst trades
2026.02.16 12:08:59,410038624,Magic_251101,CRITICAL_TRIM,127.53,122.97,3.58,0,Closed 0 worst trades
2026.02.16 12:08:59,410038624,Magic_251101,CRITICAL_TRIM,127.53,122.97,3.58,0,Closed 0 worst trades
2026.02.16 12:08:59,410038624,Magic_251101,CRITICAL_TRIM,127.53,122.97,3.58,0,Closed 0 worst trades
2026.02.16 12:08:59,410038624,Magic_251101,CRITICAL_TRIM,127.53,122.97,3.58,0,Closed 0 worst trades
2026.02.16 12:08:59,410038624,Magic_251101,CRITICAL_TRIM,127.53,122.97,3.58,0,Closed 0 worst trades
2026.02.16 12:08:59,410038624,Magic_251101,CRITICAL_TRIM,127.53,122.97,3.58,0,Closed 0 worst trades
2026.02.16 12:09:00,410038624,Magic_251101,CRITICAL_TRIM,127.53,122.97,3.58,0,Closed 0 worst trades
2026.02.16 12:09:00,410038624,Magic_251101,CRITICAL_TRIM,127.53,122.97,3.58,0,Closed 0 worst trades
2026.02.16 12:09:00,410038624,Magic_251101,CRITICAL_TRIM,127.53,122.97,3.58,0,Closed 0 worst trades
2026.02.16 12:09:01,410038624,Magic_251101,CRITICAL_TRIM,127.53,122.97,3.58,0,Closed 0 worst trades
2026.02.16 12:09:01,410038624,Magic_251101,CRITICAL_TRIM,127.53,122.97,3.58,0,Closed 0 worst trades
2026.02.16 12:09:01,410038624,Magic_251101,CRITICAL_TRIM,127.53,122.97,3.58,0,Closed 0 worst trades
2026.02.16 12:09:01,410038624,Magic_251101,CRITICAL_TRIM,127.53,122.97,3.58,0,Closed 0 worst trades
2026.02.16 12:09:01,410038624,Magic_251101,CRITICAL_TRIM,127.53,122.97,3.58,0,Closed 0 worst trades
2026.02.16 12:09:01,410038624,Magic_251101,CRITICAL_TRIM,127.53,122.97,3.58,0,Closed 0 worst trades
2026.02.16 12:09:02,410038624,Magic_251101,CRITICAL_TRIM,127.53,122.97,3.58,0,Closed 0 worst trades
2026.02.16 12:09:02,410038624,Magic_251101,CRITICAL_TRIM,127.53,122.97,3.58,0,Closed 0 worst trades
2026.02.16 12:09:02,410038624,Magic_251101,CRITICAL_TRIM,127.53,122.97,3.58,0,Closed 0 worst trades
2026.02.16 12:09:02,410038624,Magic_251101,CRITICAL_TRIM,127.53,122.97,3.58,0,Closed 0 worst trades
2026.02.16 12:09:02,410038624,Magic_251101,CRITICAL_TRIM,127.53,122.97,3.58,0,Closed 0 worst trades
2026.02.16 12:09:02,410038624,Magic_251101,CRITICAL_TRIM,127.53,122.97,3.58,0,Closed 0 worst trades
2026.02.16 12:09:03,410038624,Magic_251101,CRITICAL_TRIM,127.53,122.97,3.58,0,Closed 0 worst trades
2026.02.16 12:09:03,410038624,Magic_251101,CRITICAL_TRIM,127.53,122.97,3.58,0,Closed 0 worst trades
2026.02.16 12:09:03,410038624,Magic_251101,CRITICAL_TRIM,127.53,122.97,3.58,0,Closed 0 worst trades
2026.02.16 12:09:04,410038624,Magic_251101,CRITICAL_TRIM,127.53,122.97,3.58,0,Closed 0 worst trades
2026.02.16 12:09:08,410038624,Magic_251101,CRITICAL_TRIM,127.53,122.97,3.58,0,Closed 0 worst trades
2026.02.16 12:09:08,410038624,Magic_251101,CRITICAL_TRIM,127.53,122.97,3.58,0,Closed 0 worst trades
2026.02.16 12:09:08,410038624,Magic_251101,CRITICAL_TRIM,127.53,122.97,3.58,0,Closed 0 worst trades
2026.02.16 12:09:08,410038624,Magic_251101,CRITICAL_TRIM,127.53,122.97,3.58,0,Closed 0 worst trades
2026.02.16 12:09:08,410038624,Magic_251101,CRITICAL_TRIM,127.53,122.97,3.58,0,Closed 0 worst trades
2026.02.16 12:09:09,410038624,Magic_251101,CRITICAL_TRIM,127.53,122.97,3.58,0,Closed 0 worst trades
2026.02.16 12:09:09,410038624,Magic_251101,CRITICAL_TRIM,127.53,122.97,3.58,0,Closed 0 worst trades
2026.02.16 12:09:09,410038624,Magic_251101,CRITICAL_TRIM,127.53,122.97,3.58,0,Closed 0 worst trades
2026.02.16 12:09:09,410038624,Magic_251101,CRITICAL_TRIM,127.53,122.97,3.58,0,Closed 0 worst trades
2026.02.16 12:09:09,410038624,Magic_251101,CRITICAL_TRIM,127.53,122.97,3.58,0,Closed 0 worst trades
2026.02.16 12:09:09,410038624,Magic_251101,CRITICAL_TRIM,127.53,122.97,3.58,0,Closed 0 worst trades
2026.02.16 12:09:10,410038624,Magic_251101,CRITICAL_TRIM,127.53,122.97,3.58,0,Closed 0 worst trades
2026.02.16 12:09:10,410038624,Magic_251101,CRITICAL_TRIM,127.53,122.97,3.58,0,Closed 0 worst trades
2026.02.16 12:09:11,410038624,Magic_251101,CRITICAL_TRIM,127.53,122.97,3.58,0,Closed 0 worst trades
2026.02.16 12:09:12,410038624,Magic_251101,CRITICAL_TRIM,127.53,122.97,3.58,0,Closed 0 worst trades
2026.02.16 12:09:12,410038624,Magic_251101,CRITICAL_TRIM,127.53,122.97,3.58,0,Closed 0 worst trades
2026.02.16 12:09:13,410038624,Magic_251101,CRITICAL_TRIM,127.53,122.97,3.58,0,Closed 0 worst trades
2026.02.16 12:09:13,410038624,Magic_251101,CRITICAL_TRIM,127.53,122.97,3.58,0,Closed 0 worst trades
2026.02.16 12:09:13,410038624,Magic_251101,CRITICAL_TRIM,127.53,122.97,3.58,0,Closed 0 worst trades
2026.02.16 12:09:13,410038624,Magic_251101,CRITICAL_TRIM,127.53,122.97,3.58,0,Closed 0 worst trades
2026.02.16 12:09:13,410038624,Magic_251101,CRITICAL_TRIM,127.53,122.97,3.58,0,Closed 0 worst trades
2026.02.16 12:09:14,410038624,Magic_251101,CRITICAL_TRIM,127.53,122.97,3.58,0,Closed 0 worst trades
2026.02.16 12:09:14,410038624,Magic_251101,CRITICAL_TRIM,127.53,122.97,3.58,0,Closed 0 worst trades
2026.02.16 12:09:14,410038624,Magic_251101,CRITICAL_TRIM,127.53,122.97,3.58,0,Closed 0 worst trades
2026.02.16 12:09:14,410038624,Magic_251101,CRITICAL_TRIM,127.53,122.97,3.58,0,Closed 0 worst trades
2026.02.16 12:09:15,410038624,Magic_251101,CRITICAL_TRIM,127.53,122.97,3.58,0,Closed 0 worst trades
2026.02.16 12:09:15,410038624,Magic_251101,CRITICAL_TRIM,127.53,122.97,3.58,0,Closed 0 worst trades
2026.02.16 12:09:15,410038624,Magic_251101,CRITICAL_TRIM,127.53,122.97,3.58,0,Closed 0 worst trades
2026.02.16 12:09:15,410038624,Magic_251101,CRITICAL_TRIM,127.53,122.97,3.58,0,Closed 0 worst trades
2026.02.16 12:09:15,410038624,Magic_251101,CRITICAL_TRIM,127.53,122.97,3.58,0,Closed 0 worst trades
2026.02.16 12:09:16,410038624,Magic_251101,CRITICAL_TRIM,127.53,122.97,3.58,0,Closed 0 worst trades
2026.02.16 12:09:16,410038624,Magic_251101,CRITICAL_TRIM,127.53,122.97,3.58,0,Closed 0 worst trades
2026.02.16 12:09:16,410038624,Magic_251101,CRITICAL_TRIM,127.53,122.97,3.58,0,Closed 0 worst trades
2026.02.16 12:09:16,410038624,Magic_251101,CRITICAL_TRIM,127.53,122.97,3.58,0,Closed 0 worst trades
2026.02.16 12:09:16,410038624,Magic_251101,CRITICAL_TRIM,127.53,122.97,3.58,0,Closed 0 worst trades
2026.02.16 12:09:17,410038624,Magic_251101,CRITICAL_TRIM,127.53,122.97,3.58,0,Closed 0 worst trades
2026.02.16 12:09:17,410038624,Magic_251101,CRITICAL_TRIM,127.53,122.97,3.58,0,Closed 0 worst trades
2026.02.16 12:09:18,410038624,Magic_251101,CRITICAL_TRIM,127.53,122.97,3.58,0,Closed 0 worst trades
2026.02.16 12:09:18,410038624,Magic_251101,CRITICAL_TRIM,127.53,122.97,3.58,0,Closed 0 worst trades
2026.02.16 12:09:18,410038624,Magic_251101,CRITICAL_TRIM,127.53,122.97,3.58,0,Closed 0 worst trades
2026.02.16 12:09:19,410038624,Magic_251101,CRITICAL_TRIM,127.53,122.97,3.58,0,Closed 0 worst trades
2026.02.16 12:09:19,410038624,Magic_251101,CRITICAL_TRIM,127.53,122.97,3.58,0,Closed 0 worst trades
2026.02.16 12:09:19,410038624,Magic_251101,CRITICAL_TRIM,127.53,122.97,3.58,0,Closed 0 worst trades
2026.02.16 12:09:19,410038624,Magic_251101,CRITICAL_TRIM,127.53,122.97,3.58,0,Closed 0 worst trades
2026.02.16 12:09:19,410038624,Magic_251101,CRITICAL_TRIM,127.53,122.97,3.58,0,Closed 0 worst trades
2026.02.16 12:09:20,410038624,Magic_251101,CRITICAL_TRIM,127.53,122.97,3.58,0,Closed 0 worst trades
2026.02.16 12:09:20,410038624,Magic_251101,CRITICAL_TRIM,127.53,122.97,3.58,0,Closed 0 worst trades
2026.02.16 12:09:20,410038624,Magic_251101,CRITICAL_TRIM,127.53,122.97,3.58,0,Closed 0 worst trades
2026.02.16 12:09:20,410038624,Magic_251101,CRITICAL_TRIM,127.53,122.97,3.58,0,Closed 0 worst trades
2026.02.16 12:09:20,410038624,Magic_251101,CRITICAL_TRIM,127.53,122.97,3.58,0,Closed 0 worst trades
2026.02.16 12:09:21,410038624,Magic_251101,CRITICAL_TRIM,127.53,122.97,3.58,0,Closed 0 worst trades
2026.02.16 12:09:21,410038624,Magic_251101,CRITICAL_TRIM,127.53,122.97,3.58,0,Closed 0 worst trades
2026.02.16 12:09:21,410038624,Magic_251101,CRITICAL_TRIM,127.53,122.97,3.58,0,Closed 0 worst trades
2026.02.16 12:09:21,410038624,Magic_251101,CRITICAL_TRIM,127.53,122.97,3.58,0,Closed 0 worst trades
2026.02.16 12:09:21,410038624,Magic_251101,CRITICAL_TRIM,127.53,122.97,3.58,0,Closed 0 worst trades
2026.02.16 12:09:21,410038624,Magic_251101,CRITICAL_TRIM,127.53,122.97,3.58,0,Closed 0 worst trades
2026.02.16 12:09:21,410038624,Magic_251101,CRITICAL_TRIM,127.53,122.97,3.58,0,Closed 0 worst trades
2026.02.16 12:09:22,410038624,Magic_251101,CRITICAL_TRIM,127.53,122.97,3.58,0,Closed 0 worst trades
2026.02.16 12:09:22,410038624,Magic_251101,CRITICAL_TRIM,127.53,122.97,3.58,0,Closed 0 worst trades
2026.02.16 12:09:22,410038624,Magic_251101,CRITICAL_TRIM,127.53,122.97,3.58,0,Closed 0 worst trades
2026.02.16 12:09:22,410038624,Magic_251101,CRITICAL_TRIM,127.53,122.97,3.58,0,Closed 0 worst trades
2026.02.16 12:09:22,410038624,Magic_251101,CRITICAL_TRIM,127.53,122.97,3.58,0,Closed 0 worst trades
2026.02.16 12:09:22,410038624,Magic_251101,CRITICAL_TRIM,127.53,122.97,3.58,0,Closed 0 worst trades
2026.02.16 12:09:23,410038624,Magic_251101,CRITICAL_TRIM,127.53,122.97,3.58,0,Closed 0 worst trades
2026.02.16 12:09:23,410038624,Magic_251101,CRITICAL_TRIM,127.53,122.97,3.58,0,Closed 0 worst trades
2026.02.16 12:09:23,410038624,Magic_251101,CRITICAL_TRIM,127.53,122.97,3.58,0,Closed 0 worst trades
2026.02.16 12:09:23,410038624,Magic_251101,CRITICAL_TRIM,127.53,122.97,3.58,0,Closed 0 worst trades
2026.02.16 12:09:23,410038624,Magic_251101,CRITICAL_TRIM,127.53,122.97,3.58,0,Closed 0 worst trades
2026.02.16 12:09:23,410038624,Magic_251101,CRITICAL_TRIM,127.53,122.97,3.58,0,Closed 0 worst trades
2026.02.16 12:09:23,410038624,Magic_251101,CRITICAL_TRIM,127.53,122.97,3.58,0,Closed 0 worst trades
2026.02.16 12:09:23,410038624,Magic_251101,CRITICAL_TRIM,127.53,122.97,3.58,0,Closed 0 worst trades
2026.02.16 12:09:24,410038624,Magic_251101,CRITICAL_TRIM,127.53,122.97,3.58,0,Closed 0 worst trades
2026.02.16 12:09:24,410038624,Magic_251101,CRITICAL_TRIM,127.53,122.97,3.58,0,Closed 0 worst trades
2026.02.16 12:09:24,410038624,Magic_251101,CRITICAL_TRIM,127.53,122.97,3.58,0,Closed 0 worst trades
2026.02.16 12:09:25,410038624,Magic_251101,CRITICAL_TRIM,127.53,122.97,3.58,0,Closed 0 worst trades
2026.02.16 12:09:25,410038624,Magic_251101,CRITICAL_TRIM,127.53,122.97,3.58,0,Closed 0 worst trades
2026.02.16 12:09:26,410038624,Magic_251101,CRITICAL_TRIM,127.53,122.97,3.58,0,Closed 0 worst trades
2026.02.16 12:09:27,410038624,Magic_251101,CRITICAL_TRIM,127.53,122.97,3.58,0,Closed 0 worst trades
2026.02.16 12:09:27,410038624,Magic_251101,CRITICAL_TRIM,127.53,122.97,3.58,0,Closed 0 worst trades
2026.02.16 12:09:27,410038624,Magic_251101,CRITICAL_TRIM,127.53,122.97,3.58,0,Closed 0 worst trades
2026.02.16 12:09:27,410038624,Magic_251101,CRITICAL_TRIM,127.53,122.97,3.58,0,Closed 0 worst trades
2026.02.16 12:09:27,410038624,Magic_251101,CRITICAL_TRIM,127.53,122.97,3.58,0,Closed 0 worst trades
2026.02.16 12:09:28,410038624,Magic_251101,CRITICAL_TRIM,127.53,122.97,3.58,0,Closed 0 worst trades
2026.02.16 12:09:28,410038624,Magic_251101,CRITICAL_TRIM,127.53,122.97,3.58,0,Closed 0 worst trades
2026.02.16 12:09:28,410038624,Magic_251101,CRITICAL_TRIM,127.53,122.97,3.58,0,Closed 0 worst trades
2026.02.16 12:09:28,410038624,Magic_251101,CRITICAL_TRIM,127.53,122.97,3.58,0,Closed 0 worst trades
2026.02.16 12:09:28,410038624,Magic_251101,CRITICAL_TRIM,127.53,122.97,3.58,0,Closed 0 worst trades
2026.02.16 12:09:28,410038624,Magic_251101,CRITICAL_TRIM,127.53,122.97,3.58,0,Closed 0 worst trades
2026.02.16 12:09:29,410038624,Magic_251101,CRITICAL_TRIM,127.53,122.97,3.58,0,Closed 0 worst trades
2026.02.16 12:09:29,410038624,Magic_251101,CRITICAL_TRIM,127.53,122.97,3.58,0,Closed 0 worst trades
2026.02.16 12:09:29,410038624,Magic_251101,CRITICAL_TRIM,127.53,122.97,3.58,0,Closed 0 worst trades
2026.02.16 12:09:29,410038624,Magic_251101,CRITICAL_TRIM,127.53,122.97,3.58,0,Closed 0 worst trades
2026.02.16 12:09:30,410038624,Magic_251101,CRITICAL_TRIM,127.53,122.97,3.58,0,Closed 0 worst trades
2026.02.16 12:09:30,410038624,Magic_251101,CRITICAL_TRIM,127.53,122.97,3.58,0,Closed 0 worst trades
2026.02.16 12:09:31,410038624,Magic_251101,CRITICAL_TRIM,127.53,122.97,3.58,0,Closed 0 worst trades
2026.02.16 12:09:31,410038624,Magic_251101,CRITICAL_TRIM,127.53,122.97,3.58,0,Closed 0 worst trades
2026.02.16 12:09:31,410038624,Magic_251101,CRITICAL_TRIM,127.53,122.97,3.58,0,Closed 0 worst trades
2026.02.16 12:09:32,410038624,Magic_251101,CRITICAL_TRIM,127.53,122.97,3.58,0,Closed 0 worst trades
2026.02.16 12:09:32,410038624,Magic_251101,CRITICAL_TRIM,127.53,122.97,3.58,0,Closed 0 worst trades
2026.02.16 12:09:33,410038624,Magic_251101,CRITICAL_TRIM,127.53,122.97,3.58,0,Closed 0 worst trades
2026.02.16 12:09:33,410038624,Magic_251101,CRITICAL_TRIM,127.53,122.97,3.58,0,Closed 0 worst trades
2026.02.16 12:09:33,410038624,Magic_251101,CRITICAL_TRIM,127.53,122.97,3.58,0,Closed 0 worst trades
2026.02.16 12:09:33,410038624,Magic_251101,CRITICAL_TRIM,127.53,122.97,3.58,0,Closed 0 worst trades
2026.02.16 12:09:33,410038624,Magic_251101,CRITICAL_TRIM,127.53,122.97,3.58,0,Closed 0 worst trades
2026.02.16 12:09:34,410038624,Magic_251101,CRITICAL_TRIM,127.53,122.97,3.58,0,Closed 0 worst trades
2026.02.16 12:09:35,410038624,Magic_251101,CRITICAL_TRIM,127.53,122.97,3.58,0,Closed 0 worst trades
2026.02.16 12:09:35,410038624,Magic_251101,CRITICAL_TRIM,127.53,122.97,3.58,0,Closed 0 worst trades
2026.02.16 12:09:36,410038624,Magic_251101,CRITICAL_TRIM,127.53,122.97,3.58,0,Closed 0 worst trades
2026.02.16 12:09:37,410038624,Magic_251101,CRITICAL_TRIM,127.53,122.97,3.58,0,Closed 0 worst trades
2026.02.16 12:09:37,410038624,Magic_251101,CRITICAL_TRIM,127.53,122.97,3.58,0,Closed 0 worst trades
2026.02.16 12:09:37,410038624,Magic_251101,CRITICAL_TRIM,127.53,122.97,3.58,0,Closed 0 worst trades
2026.02.16 12:09:38,410038624,Magic_251101,CRITICAL_TRIM,127.53,122.97,3.58,0,Closed 0 worst trades
2026.02.16 12:09:38,410038624,Magic_251101,CRITICAL_TRIM,127.53,122.97,3.58,0,Closed 0 worst trades
2026.02.16 12:09:38,410038624,Magic_251101,CRITICAL_TRIM,127.53,122.97,3.58,0,Closed 0 worst trades
2026.02.16 12:09:38,410038624,Magic_251101,CRITICAL_TRIM,127.53,122.97,3.58,0,Closed 0 worst trades
2026.02.16 12:09:39,410038624,Magic_251101,CRITICAL_TRIM,127.53,122.97,3.58,0,Closed 0 worst trades
2026.02.16 12:09:39,410038624,Magic_251101,CRITICAL_TRIM,127.53,122.97,3.58,0,Closed 0 worst trades
2026.02.16 12:09:39,410038624,Magic_251101,CRITICAL_TRIM,127.53,122.97,3.58,0,Closed 0 worst trades
2026.02.16 12:09:40,410038624,Magic_251101,CRITICAL_TRIM,127.53,122.97,3.58,0,Closed 0 worst trades
2026.02.16 12:09:40,410038624,Magic_251101,CRITICAL_TRIM,127.53,122.97,3.58,0,Closed 0 worst trades
2026.02.16 12:09:41,410038624,Magic_251101,CRITICAL_TRIM,127.53,122.97,3.58,0,Closed 0 worst trades
2026.02.16 12:09:41,410038624,Magic_251101,CRITICAL_TRIM,127.53,122.97,3.58,0,Closed 0 worst trades
2026.02.16 12:09:41,410038624,Magic_251101,CRITICAL_TRIM,127.53,122.97,3.58,0,Closed 0 worst trades
2026.02.16 12:09:41,410038624,Magic_251101,CRITICAL_TRIM,127.53,122.97,3.58,0,Closed 0 worst trades
2026.02.16 12:09:41,410038624,Magic_251101,CRITICAL_TRIM,127.53,122.97,3.58,0,Closed 0 worst trades
2026.02.16 12:09:41,410038624,Magic_251101,CRITICAL_TRIM,127.53,122.97,3.58,0,Closed 0 worst trades
2026.02.16 12:09:41,410038624,Magic_251101,CRITICAL_TRIM,127.53,122.97,3.58,0,Closed 0 worst trades
2026.02.16 12:09:42,410038624,Magic_251101,CRITICAL_TRIM,127.53,122.97,3.58,0,Closed 0 worst trades
2026.02.16 12:09:42,410038624,Magic_251101,CRITICAL_TRIM,127.53,122.97,3.58,0,Closed 0 worst trades
2026.02.16 12:09:42,410038624,Magic_251101,CRITICAL_TRIM,127.53,122.97,3.58,0,Closed 0 worst trades
2026.02.16 12:09:42,410038624,Magic_251101,CRITICAL_TRIM,127.53,122.97,3.58,0,Closed 0 worst trades
2026.02.16 12:09:42,410038624,Magic_251101,CRITICAL_TRIM,127.53,122.97,3.58,0,Closed 0 worst trades
2026.02.16 12:09:42,410038624,Magic_251101,CRITICAL_TRIM,127.53,122.97,3.58,0,Closed 0 worst trades
2026.02.16 12:09:43,410038624,Magic_251101,CRITICAL_TRIM,127.53,122.97,3.58,0,Closed 0 worst trades
2026.02.16 12:09:43,410038624,Magic_251101,CRITICAL_TRIM,127.53,122.97,3.58,0,Closed 0 worst trades
2026.02.16 12:09:44,410038624,Magic_251101,CRITICAL_TRIM,127.53,122.97,3.58,0,Closed 0 worst trades
2026.02.16 12:09:44,410038624,Magic_251101,CRITICAL_TRIM,127.53,122.97,3.58,0,Closed 0 worst trades
2026.02.16 12:09:44,410038624,Magic_251101,CRITICAL_TRIM,127.53,122.97,3.58,0,Closed 0 worst trades
2026.02.16 12:09:44,410038624,Magic_251101,CRITICAL_TRIM,127.53,122.97,3.58,0,Closed 0 worst trades
2026.02.16 12:09:44,410038624,Magic_251101,CRITICAL_TRIM,127.53,122.97,3.58,0,Closed 0 worst trades
2026.02.16 12:09:45,410038624,Magic_251101,CRITICAL_TRIM,127.53,122.97,3.58,0,Closed 0 worst trades
2026.02.16 12:09:46,410038624,Magic_251101,CRITICAL_TRIM,127.53,122.97,3.58,0,Closed 0 worst trades
2026.02.16 12:09:46,410038624,Magic_251101,CRITICAL_TRIM,127.53,122.97,3.58,0,Closed 0 worst trades
2026.02.16 12:09:46,410038624,Magic_251101,CRITICAL_TRIM,127.53,122.97,3.58,0,Closed 0 worst trades
2026.02.16 12:09:47,410038624,Magic_251101,CRITICAL_TRIM,127.53,122.97,3.58,0,Closed 0 worst trades
2026.02.16 12:09:47,410038624,Magic_251101,CRITICAL_TRIM,127.53,122.97,3.58,0,Closed 0 worst trades
2026.02.16 12:09:47,410038624,Magic_251101,CRITICAL_TRIM,127.53,122.97,3.58,0,Closed 0 worst trades
2026.02.16 12:09:47,410038624,Magic_251101,CRITICAL_TRIM,127.53,122.97,3.58,0,Closed 0 worst trades
2026.02.16 12:09:47,410038624,Magic_251101,CRITICAL_TRIM,127.53,122.97,3.58,0,Closed 0 worst trades
2026.02.16 12:09:48,410038624,Magic_251101,CRITICAL_TRIM,127.53,122.97,3.58,0,Closed 0 worst trades
2026.02.16 12:09:48,410038624,Magic_251101,CRITICAL_TRIM,127.53,122.97,3.58,0,Closed 0 worst trades
2026.02.16 12:09:49,410038624,Magic_251101,CRITICAL_TRIM,127.53,122.97,3.58,0,Closed 0 worst trades
2026.02.16 12:09:49,410038624,Magic_251101,CRITICAL_TRIM,127.53,122.97,3.58,0,Closed 0 worst trades
2026.02.16 12:09:49,410038624,Magic_251101,CRITICAL_TRIM,127.53,122.97,3.58,0,Closed 0 worst trades
2026.02.16 12:09:49,410038624,Magic_251101,CRITICAL_TRIM,127.53,122.97,3.58,0,Closed 0 worst trades
2026.02.16 12:09:49,410038624,Magic_251101,CRITICAL_TRIM,127.53,122.97,3.58,0,Closed 0 worst trades
2026.02.16 12:09:50,410038624,Magic_251101,CRITICAL_TRIM,127.53,122.97,3.58,0,Closed 0 worst trades
2026.02.16 12:09:53,410038624,Magic_251101,CRITICAL_TRIM,127.53,122.97,3.58,0,Closed 0 worst trades
2026.02.16 12:09:53,410038624,Magic_251101,CRITICAL_TRIM,127.53,122.97,3.58,0,Closed 0 worst trades
2026.02.16 12:09:54,410038624,Magic_251101,CRITICAL_TRIM,127.53,122.97,3.58,0,Closed 0 worst trades
2026.02.16 12:09:54,410038624,Magic_251101,CRITICAL_TRIM,127.53,122.97,3.58,0,Closed 0 worst trades
2026.02.16 12:09:54,410038624,Magic_251101,CRITICAL_TRIM,127.53,122.97,3.58,0,Closed 0 worst trades
2026.02.16 12:09:55,410038624,Magic_251101,CRITICAL_TRIM,127.53,122.97,3.58,0,Closed 0 worst trades
2026.02.16 12:09:55,410038624,Magic_251101,CRITICAL_TRIM,127.53,122.97,3.58,0,Closed 0 worst trades
2026.02.16 12:09:55,410038624,Magic_251101,CRITICAL_TRIM,127.53,122.97,3.58,0,Closed 0 worst trades
2026.02.16 12:09:55,410038624,Magic_251101,CRITICAL_TRIM,127.53,122.97,3.58,0,Closed 0 worst trades
2026.02.16 12:09:55,410038624,Magic_251101,CRITICAL_TRIM,127.53,122.97,3.58,0,Closed 0 worst trades
2026.02.16 12:09:56,410038624,Magic_251101,CRITICAL_TRIM,127.53,122.97,3.58,0,Closed 0 worst trades
2026.02.16 12:09:56,410038624,Magic_251101,CRITICAL_TRIM,127.53,122.97,3.58,0,Closed 0 worst trades
2026.02.16 12:09:56,410038624,Magic_251101,CRITICAL_TRIM,127.53,122.97,3.58,0,Closed 0 worst trades
2026.02.16 12:09:57,410038624,Magic_251101,CRITICAL_TRIM,127.53,122.97,3.58,0,Closed 0 worst trades
2026.02.16 12:09:57,410038624,Magic_251101,CRITICAL_TRIM,127.53,122.97,3.58,0,Closed 0 worst trades
2026.02.16 12:09:57,410038624,Magic_251101,CRITICAL_TRIM,127.53,122.97,3.58,0,Closed 0 worst trades
2026.02.16 12:09:57,410038624,Magic_251101,CRITICAL_TRIM,127.53,122.97,3.58,0,Closed 0 worst trades
2026.02.16 12:09:57,410038624,Magic_251101,CRITICAL_TRIM,127.53,122.97,3.58,0,Closed 0 worst trades
2026.02.16 12:09:57,410038624,Magic_251101,CRITICAL_TRIM,127.53,122.97,3.58,0,Closed 0 worst trades
2026.02.16 12:09:58,410038624,Magic_251101,CRITICAL_TRIM,127.53,122.97,3.58,0,Closed 0 worst trades
2026.02.16 12:09:58,410038624,Magic_251101,CRITICAL_TRIM,127.53,122.97,3.58,0,Closed 0 worst trades
2026.02.16 12:09:58,410038624,Magic_251101,CRITICAL_TRIM,127.53,122.97,3.58,0,Closed 0 worst trades
2026.02.16 12:09:59,410038624,Magic_251101,CRITICAL_TRIM,127.53,122.97,3.58,0,Closed 0 worst trades
2026.02.16 12:09:59,410038624,Magic_251101,CRITICAL_TRIM,127.53,122.97,3.58,0,Closed 0 worst trades
2026.02.16 12:09:59,410038624,Magic_251101,CRITICAL_TRIM,127.53,122.97,3.58,0,Closed 0 worst trades
2026.02.16 12:09:59,410038624,Magic_251101,CRITICAL_TRIM,127.53,122.97,3.58,0,Closed 0 worst trades
2026.02.16 12:09:59,410038624,Magic_251101,CRITICAL_TRIM,127.53,122.97,3.58,0,Closed 0 worst trades
2026.02.16 12:10:00,410038624,Magic_251101,CRITICAL_TRIM,127.53,122.97,3.58,0,Closed 0 worst trades
2026.02.16 12:10:02,410038624,Magic_251101,CRITICAL_TRIM,127.53,122.97,3.58,0,Closed 0 worst trades
2026.02.16 12:10:02,410038624,Magic_251101,CRITICAL_TRIM,127.53,122.97,3.58,0,Closed 0 worst trades
2026.02.16 12:10:02,410038624,Magic_251101,CRITICAL_TRIM,127.53,122.97,3.58,0,Closed 0 worst trades
2026.02.16 12:10:03,410038624,Magic_251101,CRITICAL_TRIM,127.53,122.97,3.58,0,Closed 0 worst trades
2026.02.16 12:10:03,410038624,Magic_251101,CRITICAL_TRIM,127.53,122.97,3.58,0,Closed 0 worst trades
2026.02.16 12:10:04,410038624,Magic_251101,CRITICAL_TRIM,127.53,122.97,3.58,0,Closed 0 worst trades
2026.02.16 12:10:04,410038624,Magic_251101,CRITICAL_TRIM,127.53,122.97,3.58,0,Closed 0 worst trades
2026.02.16 12:10:04,410038624,Magic_251101,CRITICAL_TRIM,127.53,122.97,3.58,0,Closed 0 worst trades
2026.02.16 12:10:05,410038624,Magic_251101,CRITICAL_TRIM,127.53,122.97,3.58,0,Closed 0 worst trades
2026.02.16 12:10:05,410038624,Magic_251101,CRITICAL_TRIM,127.53,122.97,3.58,0,Closed 0 worst trades
2026.02.16 12:10:05,410038624,Magic_251101,CRITICAL_TRIM,127.53,122.97,3.58,0,Closed 0 worst trades
2026.02.16 12:10:05,410038624,Magic_251101,CRITICAL_TRIM,127.53,122.97,3.58,0,Closed 0 worst trades
2026.02.16 12:10:05,410038624,Magic_251101,CRITICAL_TRIM,127.53,122.97,3.58,0,Closed 0 worst trades
2026.02.16 12:10:06,410038624,Magic_251101,CRITICAL_TRIM,127.53,122.97,3.58,0,Closed 0 worst trades
2026.02.16 12:10:06,410038624,Magic_251101,CRITICAL_TRIM,127.53,122.97,3.58,0,Closed 0 worst trades
2026.02.16 12:10:06,410038624,Magic_251101,CRITICAL_TRIM,127.53,122.97,3.58,0,Closed 0 worst trades
2026.02.16 12:10:06,410038624,Magic_251101,CRITICAL_TRIM,127.53,122.97,3.58,0,Closed 0 worst trades
2026.02.16 12:10:06,410038624,Magic_251101,CRITICAL_TRIM,127.53,122.97,3.58,0,Closed 0 worst trades
2026.02.16 12:10:06,410038624,Magic_251101,CRITICAL_TRIM,127.53,122.97,3.58,0,Closed 0 worst trades
2026.02.16 12:10:07,410038624,Magic_251101,CRITICAL_TRIM,127.53,122.97,3.58,0,Closed 0 worst trades
2026.02.16 12:10:07,410038624,Magic_251101,CRITICAL_TRIM,127.53,122.97,3.58,0,Closed 0 worst trades
2026.02.16 12:10:07,410038624,Magic_251101,CRITICAL_TRIM,127.53,122.97,3.58,0,Closed 0 worst trades
2026.02.16 12:10:07,410038624,Magic_251101,CRITICAL_TRIM,127.53,122.97,3.58,0,Closed 0 worst trades
2026.02.16 12:10:07,410038624,Magic_251101,CRITICAL_TRIM,127.53,122.97,3.58,0,Closed 0 worst trades
2026.02.16 12:10:07,410038624,Magic_251101,CRITICAL_TRIM,127.53,122.97,3.58,0,Closed 0 worst trades
2026.02.16 12:10:07,410038624,Magic_251101,CRITICAL_TRIM,127.53,122.97,3.58,0,Closed 0 worst trades
2026.02.16 12:10:08,410038624,Magic_251101,CRITICAL_TRIM,127.53,122.97,3.58,0,Closed 0 worst trades
2026.02.16 12:10:08,410038624,Magic_251101,CRITICAL_TRIM,127.53,122.97,3.58,0,Closed 0 worst trades
2026.02.16 12:10:08,410038624,Magic_251101,CRITICAL_TRIM,127.53,122.97,3.58,0,Closed 0 worst trades
2026.02.16 12:10:08,410038624,Magic_251101,CRITICAL_TRIM,127.53,122.97,3.58,0,Closed 0 worst trades
2026.02.16 12:10:08,410038624,Magic_251101,CRITICAL_TRIM,127.53,122.97,3.58,0,Closed 0 worst trades
2026.02.16 12:10:08,410038624,Magic_251101,CRITICAL_TRIM,127.53,122.97,3.58,0,Closed 0 worst trades
2026.02.16 12:10:08,410038624,Magic_251101,CRITICAL_TRIM,127.53,122.97,3.58,0,Closed 0 worst trades
2026.02.16 12:10:08,410038624,Magic_251101,CRITICAL_TRIM,127.53,122.97,3.58,0,Closed 0 worst trades
2026.02.16 12:10:08,410038624,Magic_251101,CRITICAL_TRIM,127.53,122.97,3.58,0,Closed 0 worst trades
2026.02.16 12:10:09,410038624,Magic_251101,CRITICAL_TRIM,127.53,122.97,3.58,0,Closed 0 worst trades
2026.02.16 12:10:09,410038624,Magic_251101,CRITICAL_TRIM,127.53,122.97,3.58,0,Closed 0 worst trades
2026.02.16 12:10:09,410038624,Magic_251101,CRITICAL_TRIM,127.53,122.97,3.58,0,Closed 0 worst trades
2026.02.16 12:10:10,410038624,Magic_251101,CRITICAL_TRIM,127.53,122.97,3.58,0,Closed 0 worst trades
2026.02.16 12:10:10,410038624,Magic_251101,CRITICAL_TRIM,127.53,122.97,3.58,0,Closed 0 worst trades
2026.02.16 12:10:10,410038624,Magic_251101,CRITICAL_TRIM,127.53,122.97,3.58,0,Closed 0 worst trades
2026.02.16 12:10:10,410038624,Magic_251101,CRITICAL_TRIM,127.53,122.97,3.58,0,Closed 0 worst trades
2026.02.16 12:10:10,410038624,Magic_251101,CRITICAL_TRIM,127.53,122.97,3.58,0,Closed 0 worst trades
2026.02.16 12:10:10,410038624,Magic_251101,CRITICAL_TRIM,127.53,122.97,3.58,0,Closed 0 worst trades
2026.02.16 12:10:10,410038624,Magic_251101,CRITICAL_TRIM,127.53,122.97,3.58,0,Closed 0 worst trades
2026.02.16 12:10:10,410038624,Magic_251101,CRITICAL_TRIM,127.53,122.97,3.58,0,Closed 0 worst trades
2026.02.16 12:10:11,410038624,Magic_251101,CRITICAL_TRIM,127.53,122.97,3.58,0,Closed 0 worst trades
2026.02.16 12:10:11,410038624,Magic_251101,CRITICAL_TRIM,127.53,122.97,3.58,0,Closed 0 worst trades
2026.02.16 12:10:11,410038624,Magic_251101,CRITICAL_TRIM,127.53,122.97,3.58,0,Closed 0 worst trades
2026.02.16 12:10:11,410038624,Magic_251101,CRITICAL_TRIM,127.53,122.97,3.58,0,Closed 0 worst trades
2026.02.16 12:10:12,410038624,Magic_251101,CRITICAL_TRIM,127.53,122.97,3.58,0,Closed 0 worst trades
2026.02.16 12:10:12,410038624,Magic_251101,CRITICAL_TRIM,127.53,122.97,3.58,0,Closed 0 worst trades
2026.02.16 12:10:12,410038624,Magic_251101,CRITICAL_TRIM,127.53,122.97,3.58,0,Closed 0 worst trades
2026.02.16 12:10:12,410038624,Magic_251101,CRITICAL_TRIM,127.53,122.97,3.58,0,Closed 0 worst trades
2026.02.16 12:10:12,410038624,Magic_251101,CRITICAL_TRIM,127.53,122.97,3.58,0,Closed 0 worst trades
2026.02.16 12:10:13,410038624,Magic_251101,CRITICAL_TRIM,127.53,122.97,3.58,0,Closed 0 worst trades
2026.02.16 12:10:13,410038624,Magic_251101,CRITICAL_TRIM,127.53,122.97,3.58,0,Closed 0 worst trades
2026.02.16 12:10:13,410038624,Magic_251101,CRITICAL_TRIM,127.53,122.97,3.58,0,Closed 0 worst trades
2026.02.16 12:10:13,410038624,Magic_251101,CRITICAL_TRIM,127.53,122.97,3.58,0,Closed 0 worst trades
2026.02.16 12:10:13,410038624,Magic_251101,CRITICAL_TRIM,127.53,122.97,3.58,0,Closed 0 worst trades
2026.02.16 12:10:13,410038624,Magic_251101,CRITICAL_TRIM,127.53,122.97,3.58,0,Closed 0 worst trades
2026.02.16 12:10:13,410038624,Magic_251101,CRITICAL_TRIM,127.53,122.97,3.58,0,Closed 0 worst trades
2026.02.16 12:10:14,410038624,Magic_251101,CRITICAL_TRIM,127.53,122.97,3.58,0,Closed 0 worst trades
2026.02.16 12:10:14,410038624,Magic_251101,CRITICAL_TRIM,127.53,122.97,3.58,0,Closed 0 worst trades
2026.02.16 12:10:14,410038624,Magic_251101,CRITICAL_TRIM,127.53,122.97,3.58,0,Closed 0 worst trades
2026.02.16 12:10:14,410038624,Magic_251101,CRITICAL_TRIM,127.53,122.97,3.58,0,Closed 0 worst trades
2026.02.16 12:10:14,410038624,Magic_251101,CRITICAL_TRIM,127.53,122.97,3.58,0,Closed 0 worst trades
2026.02.16 12:10:14,410038624,Magic_251101,CRITICAL_TRIM,127.53,122.97,3.58,0,Closed 0 worst trades
2026.02.16 12:10:15,410038624,Magic_251101,CRITICAL_TRIM,127.53,122.97,3.58,0,Closed 0 worst trades
2026.02.16 12:10:16,410038624,Magic_251101,CRITICAL_TRIM,127.53,122.97,3.58,0,Closed 0 worst trades
2026.02.16 12:10:16,410038624,Magic_251101,CRITICAL_TRIM,127.53,122.97,3.58,0,Closed 0 worst trades
2026.02.16 12:10:16,410038624,Magic_251101,CRITICAL_TRIM,127.53,122.97,3.58,0,Closed 0 worst trades
2026.02.16 12:10:16,410038624,Magic_251101,CRITICAL_TRIM,127.53,122.97,3.58,0,Closed 0 worst trades
2026.02.16 12:10:16,410038624,Magic_251101,CRITICAL_TRIM,127.53,122.97,3.58,0,Closed 0 worst trades
2026.02.16 12:10:16,410038624,Magic_251101,CRITICAL_TRIM,127.53,122.97,3.58,0,Closed 0 worst trades
2026.02.16 12:10:17,410038624,Magic_251101,CRITICAL_TRIM,127.53,122.97,3.58,0,Closed 0 worst trades
2026.02.16 12:10:17,410038624,Magic_251101,CRITICAL_TRIM,127.53,122.97,3.58,0,Closed 0 worst trades
2026.02.16 12:10:17,410038624,Magic_251101,CRITICAL_TRIM,127.53,122.97,3.58,0,Closed 0 worst trades
2026.02.16 12:10:18,410038624,Magic_251101,CRITICAL_TRIM,127.53,122.97,3.58,0,Closed 0 worst trades
2026.02.16 12:10:18,410038624,Magic_251101,CRITICAL_TRIM,127.53,122.97,3.58,0,Closed 0 worst trades
2026.02.16 12:10:18,410038624,Magic_251101,CRITICAL_TRIM,127.53,122.97,3.58,0,Closed 0 worst trades
2026.02.16 12:10:18,410038624,Magic_251101,CRITICAL_TRIM,127.53,122.97,3.58,0,Closed 0 worst trades
2026.02.16 12:10:18,410038624,Magic_251101,CRITICAL_TRIM,127.53,122.97,3.58,0,Closed 0 worst trades
2026.02.16 12:10:18,410038624,Magic_251101,CRITICAL_TRIM,127.53,122.97,3.58,0,Closed 0 worst trades
2026.02.16 12:10:19,410038624,Magic_251101,CRITICAL_TRIM,127.53,122.97,3.58,0,Closed 0 worst trades
2026.02.16 12:10:19,410038624,Magic_251101,CRITICAL_TRIM,127.53,122.97,3.58,0,Closed 0 worst trades
2026.02.16 12:10:19,410038624,Magic_251101,CRITICAL_TRIM,127.53,122.97,3.58,0,Closed 0 worst trades
2026.02.16 12:10:19,410038624,Magic_251101,CRITICAL_TRIM,127.53,122.97,3.58,0,Closed 0 worst trades
2026.02.16 12:10:20,410038624,Magic_251101,CRITICAL_TRIM,127.53,122.97,3.58,0,Closed 0 worst trades
2026.02.16 12:10:20,410038624,Magic_251101,CRITICAL_TRIM,127.53,122.97,3.58,0,Closed 0 worst trades
2026.02.16 12:10:20,410038624,Magic_251101,CRITICAL_TRIM,127.53,122.97,3.58,0,Closed 0 worst trades
2026.02.16 12:10:20,410038624,Magic_251101,CRITICAL_TRIM,127.53,122.97,3.58,0,Closed 0 worst trades
2026.02.16 12:10:21,410038624,Magic_251101,CRITICAL_TRIM,127.53,122.97,3.58,0,Closed 0 worst trades
2026.02.16 12:10:21,410038624,Magic_251101,CRITICAL_TRIM,127.53,122.97,3.58,0,Closed 0 worst trades
2026.02.16 12:10:22,410038624,Magic_251101,CRITICAL_TRIM,127.53,122.97,3.58,0,Closed 0 worst trades
2026.02.16 12:10:22,410038624,Magic_251101,CRITICAL_TRIM,127.53,122.97,3.58,0,Closed 0 worst trades
2026.02.16 12:10:22,410038624,Magic_251101,CRITICAL_TRIM,127.53,122.97,3.58,0,Closed 0 worst trades
2026.02.16 12:10:22,410038624,Magic_251101,CRITICAL_TRIM,127.53,122.97,3.58,0,Closed 0 worst trades
2026.02.16 12:10:22,410038624,Magic_251101,CRITICAL_TRIM,127.53,122.97,3.58,0,Closed 0 worst trades
2026.02.16 12:10:22,410038624,Magic_251101,CRITICAL_TRIM,127.53,122.97,3.58,0,Closed 0 worst trades
2026.02.16 12:10:22,410038624,Magic_251101,CRITICAL_TRIM,127.53,122.97,3.58,0,Closed 0 worst trades
2026.02.16 12:10:22,410038624,Magic_251101,CRITICAL_TRIM,127.53,122.97,3.58,0,Closed 0 worst trades
2026.02.16 12:10:22,410038624,Magic_251101,CRITICAL_TRIM,127.53,122.97,3.58,0,Closed 0 worst trades
2026.02.16 12:10:22,410038624,Magic_251101,CRITICAL_TRIM,127.53,122.97,3.58,0,Closed 0 worst trades
2026.02.16 12:10:23,410038624,Magic_251101,CRITICAL_TRIM,127.53,122.97,3.58,0,Closed 0 worst trades
2026.02.16 12:10:23,410038624,Magic_251101,CRITICAL_TRIM,127.53,122.97,3.58,0,Closed 0 worst trades
2026.02.16 12:10:23,410038624,Magic_251101,CRITICAL_TRIM,127.53,122.97,3.58,0,Closed 0 worst trades
2026.02.16 12:10:23,410038624,Magic_251101,CRITICAL_TRIM,127.53,122.97,3.58,0,Closed 0 worst trades
2026.02.16 12:10:23,410038624,Magic_251101,CRITICAL_TRIM,127.53,122.97,3.58,0,Closed 0 worst trades
2026.02.16 12:10:23,410038624,Magic_251101,CRITICAL_TRIM,127.53,122.97,3.58,0,Closed 0 worst trades
2026.02.16 12:10:23,410038624,Magic_251101,CRITICAL_TRIM,127.53,122.97,3.58,0,Closed 0 worst trades
2026.02.16 12:10:23,410038624,Magic_251101,CRITICAL_TRIM,127.53,122.97,3.58,0,Closed 0 worst trades
2026.02.16 12:10:23,410038624,Magic_251101,CRITICAL_TRIM,127.53,122.97,3.58,0,Closed 0 worst trades
2026.02.16 12:10:23,410038624,Magic_251101,CRITICAL_TRIM,127.53,122.97,3.58,0,Closed 0 worst trades
2026.02.16 12:10:23,410038624,Magic_251101,CRITICAL_TRIM,127.53,122.97,3.58,0,Closed 0 worst trades
2026.02.16 12:10:24,410038624,Magic_251101,CRITICAL_TRIM,127.53,122.97,3.58,0,Closed 0 worst trades
2026.02.16 12:10:24,410038624,Magic_251101,CRITICAL_TRIM,127.53,122.97,3.58,0,Closed 0 worst trades
2026.02.16 12:10:24,410038624,Magic_251101,CRITICAL_TRIM,127.53,122.97,3.58,0,Closed 0 worst trades
2026.02.16 12:10:24,410038624,Magic_251101,CRITICAL_TRIM,127.53,122.97,3.58,0,Closed 0 worst trades
2026.02.16 12:10:24,410038624,Magic_251101,CRITICAL_TRIM,127.53,122.97,3.58,0,Closed 0 worst trades
2026.02.16 12:10:24,410038624,Magic_251101,CRITICAL_TRIM,127.53,122.97,3.58,0,Closed 0 worst trades
2026.02.16 12:10:25,410038624,Magic_251101,CRITICAL_TRIM,127.53,122.97,3.58,0,Closed 0 worst trades
2026.02.16 12:10:25,410038624,Magic_251101,CRITICAL_TRIM,127.53,122.97,3.58,0,Closed 0 worst trades
2026.02.16 12:10:25,410038624,Magic_251101,CRITICAL_TRIM,127.53,122.97,3.58,0,Closed 0 worst trades
2026.02.16 12:10:25,410038624,Magic_251101,CRITICAL_TRIM,127.53,122.97,3.58,0,Closed 0 worst trades
2026.02.16 12:10:25,410038624,Magic_251101,CRITICAL_TRIM,127.53,122.97,3.58,0,Closed 0 worst trades
2026.02.16 12:10:25,410038624,Magic_251101,CRITICAL_TRIM,127.53,122.97,3.58,0,Closed 0 worst trades
2026.02.16 12:10:25,410038624,Magic_251101,CRITICAL_TRIM,127.53,122.97,3.58,0,Closed 0 worst trades
2026.02.16 12:10:26,410038624,Magic_251101,CRITICAL_TRIM,127.53,122.97,3.58,0,Closed 0 worst trades
2026.02.16 12:10:26,410038624,Magic_251101,CRITICAL_TRIM,127.53,122.97,3.58,0,Closed 0 worst trades
2026.02.16 12:10:26,410038624,Magic_251101,CRITICAL_TRIM,127.53,122.97,3.58,0,Closed 0 worst trades
2026.02.16 12:10:26,410038624,Magic_251101,CRITICAL_TRIM,127.53,122.97,3.58,0,Closed 0 worst trades
2026.02.16 12:10:26,410038624,Magic_251101,CRITICAL_TRIM,127.53,122.97,3.58,0,Closed 0 worst trades
2026.02.16 12:10:27,410038624,Magic_251101,CRITICAL_TRIM,127.53,122.97,3.58,0,Closed 0 worst trades
2026.02.16 12:10:27,410038624,Magic_251101,CRITICAL_TRIM,127.53,122.97,3.58,0,Closed 0 worst trades
2026.02.16 12:10:27,410038624,Magic_251101,CRITICAL_TRIM,127.53,122.97,3.58,0,Closed 0 worst trades
2026.02.16 12:10:27,410038624,Magic_251101,CRITICAL_TRIM,127.53,122.97,3.58,0,Closed 0 worst trades
2026.02.16 12:10:27,410038624,Magic_251101,CRITICAL_TRIM,127.53,122.97,3.58,0,Closed 0 worst trades
2026.02.16 12:10:27,410038624,Magic_251101,CRITICAL_TRIM,127.53,122.97,3.58,0,Closed 0 worst trades
2026.02.16 12:10:28,410038624,Magic_251101,CRITICAL_TRIM,127.53,122.97,3.58,0,Closed 0 worst trades
2026.02.16 12:10:28,410038624,Magic_251101,CRITICAL_TRIM,127.53,122.97,3.58,0,Closed 0 worst trades
2026.02.16 12:10:28,410038624,Magic_251101,CRITICAL_TRIM,127.53,122.97,3.58,0,Closed 0 worst trades
2026.02.16 12:10:29,410038624,Magic_251101,CRITICAL_TRIM,127.53,122.97,3.58,0,Closed 0 worst trades
2026.02.16 12:10:29,410038624,Magic_251101,CRITICAL_TRIM,127.53,122.97,3.58,0,Closed 0 worst trades
2026.02.16 12:10:29,410038624,Magic_251101,CRITICAL_TRIM,127.53,122.97,3.58,0,Closed 0 worst trades
2026.02.16 12:10:30,410038624,Magic_251101,CRITICAL_TRIM,127.53,122.97,3.58,0,Closed 0 worst trades
2026.02.16 12:10:30,410038624,Magic_251101,CRITICAL_TRIM,127.53,122.97,3.58,0,Closed 0 worst trades
2026.02.16 12:10:30,410038624,Magic_251101,CRITICAL_TRIM,127.53,122.97,3.58,0,Closed 0 worst trades
2026.02.16 12:10:30,410038624,Magic_251101,CRITICAL_TRIM,127.53,122.97,3.58,0,Closed 0 worst trades
2026.02.16 12:10:30,410038624,Magic_251101,CRITICAL_TRIM,127.53,122.97,3.58,0,Closed 0 worst trades
2026.02.16 12:10:30,410038624,Magic_251101,CRITICAL_TRIM,127.53,122.97,3.58,0,Closed 0 worst trades
2026.02.16 12:10:31,410038624,Magic_251101,CRITICAL_TRIM,127.53,122.97,3.58,0,Closed 0 worst trades
2026.02.16 12:10:31,410038624,Magic_251101,CRITICAL_TRIM,127.53,122.97,3.58,0,Closed 0 worst trades
2026.02.16 12:10:31,410038624,Magic_251101,CRITICAL_TRIM,127.53,122.97,3.58,0,Closed 0 worst trades
2026.02.16 12:10:31,410038624,Magic_251101,CRITICAL_TRIM,127.53,122.97,3.58,0,Closed 0 worst trades
2026.02.16 12:10:31,410038624,Magic_251101,CRITICAL_TRIM,127.53,122.97,3.58,0,Closed 0 worst trades
2026.02.16 12:10:31,410038624,Magic_251101,CRITICAL_TRIM,127.53,122.97,3.58,0,Closed 0 worst trades
2026.02.16 12:10:32,410038624,Magic_251101,CRITICAL_TRIM,127.53,122.97,3.58,0,Closed 0 worst trades
2026.02.16 12:10:32,410038624,Magic_251101,CRITICAL_TRIM,127.53,122.97,3.58,0,Closed 0 worst trades
2026.02.16 12:10:32,410038624,Magic_251101,CRITICAL_TRIM,127.53,122.97,3.58,0,Closed 0 worst trades
2026.02.16 12:10:32,410038624,Magic_251101,CRITICAL_TRIM,127.53,122.97,3.58,0,Closed 0 worst trades
2026.02.16 12:10:32,410038624,Magic_251101,CRITICAL_TRIM,127.53,122.97,3.58,0,Closed 0 worst trades
2026.02.16 12:10:32,410038624,Magic_251101,CRITICAL_TRIM,127.53,122.97,3.58,0,Closed 0 worst trades
2026.02.16 12:10:33,410038624,Magic_251101,CRITICAL_TRIM,127.53,122.97,3.58,0,Closed 0 worst trades
2026.02.16 12:10:33,410038624,Magic_251101,CRITICAL_TRIM,127.53,122.97,3.58,0,Closed 0 worst trades
2026.02.16 12:10:33,410038624,Magic_251101,CRITICAL_TRIM,127.53,122.97,3.58,0,Closed 0 worst trades
2026.02.16 12:10:33,410038624,Magic_251101,CRITICAL_TRIM,127.53,122.97,3.58,0,Closed 0 worst trades
2026.02.16 12:10:34,410038624,Magic_251101,CRITICAL_TRIM,127.53,122.97,3.58,0,Closed 0 worst trades
2026.02.16 12:10:34,410038624,Magic_251101,CRITICAL_TRIM,127.53,122.97,3.58,0,Closed 0 worst trades
2026.02.16 12:10:34,410038624,Magic_251101,CRITICAL_TRIM,127.53,122.97,3.58,0,Closed 0 worst trades
2026.02.16 12:10:34,410038624,Magic_251101,CRITICAL_TRIM,127.53,122.97,3.58,0,Closed 0 worst trades
2026.02.16 12:10:34,410038624,Magic_251101,CRITICAL_TRIM,127.53,122.97,3.58,0,Closed 0 worst trades
2026.02.16 12:10:35,410038624,Magic_251101,CRITICAL_TRIM,127.53,122.97,3.58,0,Closed 0 worst trades
2026.02.16 12:10:35,410038624,Magic_251101,CRITICAL_TRIM,127.53,122.97,3.58,0,Closed 0 worst trades
2026.02.16 12:10:35,410038624,Magic_251101,CRITICAL_TRIM,127.53,122.97,3.58,0,Closed 0 worst trades
2026.02.16 12:10:35,410038624,Magic_251101,CRITICAL_TRIM,127.53,122.97,3.58,0,Closed 0 worst trades
2026.02.16 12:10:35,410038624,Magic_251101,CRITICAL_TRIM,127.53,122.97,3.58,0,Closed 0 worst trades
2026.02.16 12:10:35,410038624,Magic_251101,CRITICAL_TRIM,127.53,122.97,3.58,0,Closed 0 worst trades
2026.02.16 12:10:35,410038624,Magic_251101,CRITICAL_TRIM,127.53,122.97,3.58,0,Closed 0 worst trades
2026.02.16 12:10:37,410038624,Magic_251101,CRITICAL_TRIM,127.53,122.97,3.58,0,Closed 0 worst trades
2026.02.16 12:10:37,410038624,Magic_251101,CRITICAL_TRIM,127.53,122.97,3.58,0,Closed 0 worst trades
2026.02.16 12:10:38,410038624,Magic_251101,CRITICAL_TRIM,127.53,122.97,3.58,0,Closed 0 worst trades
2026.02.16 12:10:38,410038624,Magic_251101,CRITICAL_TRIM,127.53,122.97,3.58,0,Closed 0 worst trades
2026.02.16 12:10:38,410038624,Magic_251101,CRITICAL_TRIM,127.53,122.97,3.58,0,Closed 0 worst trades
2026.02.16 12:10:39,410038624,Magic_251101,CRITICAL_TRIM,127.53,122.97,3.58,0,Closed 0 worst trades
2026.02.16 12:10:39,410038624,Magic_251101,CRITICAL_TRIM,127.53,122.97,3.58,0,Closed 0 worst trades
2026.02.16 12:10:39,410038624,Magic_251101,CRITICAL_TRIM,127.53,122.97,3.58,0,Closed 0 worst trades
2026.02.16 12:10:39,410038624,Magic_251101,CRITICAL_TRIM,127.53,122.97,3.58,0,Closed 0 worst trades
2026.02.16 12:10:40,410038624,Magic_251101,CRITICAL_TRIM,127.53,122.97,3.58,0,Closed 0 worst trades
2026.02.16 12:10:40,410038624,Magic_251101,CRITICAL_TRIM,127.53,122.97,3.58,0,Closed 0 worst trades
2026.02.16 12:10:40,410038624,Magic_251101,CRITICAL_TRIM,127.53,122.97,3.58,0,Closed 0 worst trades
2026.02.16 12:10:40,410038624,Magic_251101,CRITICAL_TRIM,127.53,122.97,3.58,0,Closed 0 worst trades
2026.02.16 12:10:41,410038624,Magic_251101,CRITICAL_TRIM,127.53,122.97,3.58,0,Closed 0 worst trades
2026.02.16 12:10:41,410038624,Magic_251101,CRITICAL_TRIM,127.53,122.97,3.58,0,Closed 0 worst trades
2026.02.16 12:10:41,410038624,Magic_251101,CRITICAL_TRIM,127.53,122.97,3.58,0,Closed 0 worst trades
2026.02.16 12:10:41,410038624,Magic_251101,CRITICAL_TRIM,127.53,122.97,3.58,0,Closed 0 worst trades
2026.02.16 12:10:42,410038624,Magic_251101,CRITICAL_TRIM,127.53,122.97,3.58,0,Closed 0 worst trades
2026.02.16 12:10:42,410038624,Magic_251101,CRITICAL_TRIM,127.53,122.97,3.58,0,Closed 0 worst trades
2026.02.16 12:10:42,410038624,Magic_251101,CRITICAL_TRIM,127.53,122.97,3.58,0,Closed 0 worst trades
2026.02.16 12:10:42,410038624,Magic_251101,CRITICAL_TRIM,127.53,122.97,3.58,0,Closed 0 worst trades
2026.02.16 12:10:43,410038624,Magic_251101,CRITICAL_TRIM,127.53,122.97,3.58,0,Closed 0 worst trades
2026.02.16 12:10:43,410038624,Magic_251101,CRITICAL_TRIM,127.53,122.97,3.58,0,Closed 0 worst trades
2026.02.16 12:10:43,410038624,Magic_251101,CRITICAL_TRIM,127.53,122.97,3.58,0,Closed 0 worst trades
2026.02.16 12:10:46,410038624,Magic_251101,CRITICAL_TRIM,127.53,122.97,3.58,0,Closed 0 worst trades
2026.02.16 12:10:46,410038624,Magic_251101,CRITICAL_TRIM,127.53,122.97,3.58,0,Closed 0 worst trades
2026.02.16 12:10:46,410038624,Magic_251101,CRITICAL_TRIM,127.53,122.97,3.58,0,Closed 0 worst trades
2026.02.16 12:10:46,410038624,Magic_251101,CRITICAL_TRIM,127.53,122.97,3.58,0,Closed 0 worst trades
2026.02.16 12:10:47,410038624,Magic_251101,CRITICAL_TRIM,127.53,122.97,3.58,0,Closed 0 worst trades
2026.02.16 12:10:47,410038624,Magic_251101,CRITICAL_TRIM,127.53,122.97,3.58,0,Closed 0 worst trades
2026.02.16 12:10:47,410038624,Magic_251101,CRITICAL_TRIM,127.53,122.97,3.58,0,Closed 0 worst trades
2026.02.16 12:10:47,410038624,Magic_251101,CRITICAL_TRIM,127.53,122.97,3.58,0,Closed 0 worst trades
2026.02.16 12:10:47,410038624,Magic_251101,CRITICAL_TRIM,127.53,122.97,3.58,0,Closed 0 worst trades
2026.02.16 12:10:47,410038624,Magic_251101,CRITICAL_TRIM,127.53,122.97,3.58,0,Closed 0 worst trades
2026.02.16 12:10:48,410038624,Magic_251101,CRITICAL_TRIM,127.53,122.97,3.58,0,Closed 0 worst trades
2026.02.16 12:10:48,410038624,Magic_251101,CRITICAL_TRIM,127.53,122.97,3.58,0,Closed 0 worst trades
2026.02.16 12:10:48,410038624,Magic_251101,CRITICAL_TRIM,127.53,122.97,3.58,0,Closed 0 worst trades
2026.02.16 12:10:49,410038624,Magic_251101,CRITICAL_TRIM,127.53,122.97,3.58,0,Closed 0 worst trades
2026.02.16 12:10:49,410038624,Magic_251101,CRITICAL_TRIM,127.53,122.97,3.58,0,Closed 0 worst trades
2026.02.16 12:10:49,410038624,Magic_251101,CRITICAL_TRIM,127.53,122.97,3.58,0,Closed 0 worst trades
2026.02.16 12:10:49,410038624,Magic_251101,CRITICAL_TRIM,127.53,122.97,3.58,0,Closed 0 worst trades
2026.02.16 12:10:49,410038624,Magic_251101,CRITICAL_TRIM,127.53,122.97,3.58,0,Closed 0 worst trades
2026.02.16 12:10:50,410038624,Magic_251101,CRITICAL_TRIM,127.53,122.97,3.58,0,Closed 0 worst trades
2026.02.16 12:10:50,410038624,Magic_251101,CRITICAL_TRIM,127.53,122.97,3.58,0,Closed 0 worst trades
2026.02.16 12:10:50,410038624,Magic_251101,CRITICAL_TRIM,127.53,122.97,3.58,0,Closed 0 worst trades
2026.02.16 12:10:51,410038624,Magic_251101,CRITICAL_TRIM,127.53,122.97,3.58,0,Closed 0 worst trades
2026.02.16 12:10:51,410038624,Magic_251101,CRITICAL_TRIM,127.53,122.97,3.58,0,Closed 0 worst trades
2026.02.16 12:10:51,410038624,Magic_251101,CRITICAL_TRIM,127.53,122.97,3.58,0,Closed 0 worst trades
2026.02.16 12:10:51,410038624,Magic_251101,CRITICAL_TRIM,127.53,122.97,3.58,0,Closed 0 worst trades
2026.02.16 12:10:52,410038624,Magic_251101,CRITICAL_TRIM,127.53,122.97,3.58,0,Closed 0 worst trades
2026.02.16 12:10:52,410038624,Magic_251101,CRITICAL_TRIM,127.53,122.97,3.58,0,Closed 0 worst trades
2026.02.16 12:10:52,410038624,Magic_251101,CRITICAL_TRIM,127.53,122.97,3.58,0,Closed 0 worst trades
2026.02.16 12:10:53,410038624,Magic_251101,CRITICAL_TRIM,127.53,122.97,3.58,0,Closed 0 worst trades
2026.02.16 12:10:53,410038624,Magic_251101,CRITICAL_TRIM,127.53,122.97,3.58,0,Closed 0 worst trades
2026.02.16 12:10:53,410038624,Magic_251101,CRITICAL_TRIM,127.53,122.97,3.58,0,Closed 0 worst trades
2026.02.16 12:10:53,410038624,Magic_251101,CRITICAL_TRIM,127.53,122.97,3.58,0,Closed 0 worst trades
2026.02.16 12:10:53,410038624,Magic_251101,CRITICAL_TRIM,127.53,122.97,3.58,0,Closed 0 worst trades
2026.02.16 12:10:54,410038624,Magic_251101,CRITICAL_TRIM,127.53,122.97,3.58,0,Closed 0 worst trades
2026.02.16 12:10:54,410038624,Magic_251101,CRITICAL_TRIM,127.53,122.97,3.58,0,Closed 0 worst trades
2026.02.16 12:10:54,410038624,Magic_251101,CRITICAL_TRIM,127.53,122.97,3.58,0,Closed 0 worst trades
2026.02.16 12:10:55,410038624,Magic_251101,CRITICAL_TRIM,127.53,122.97,3.58,0,Closed 0 worst trades
2026.02.16 12:10:55,410038624,Magic_251101,CRITICAL_TRIM,127.53,122.97,3.58,0,Closed 0 worst trades
2026.02.16 12:10:55,410038624,Magic_251101,CRITICAL_TRIM,127.53,122.97,3.58,0,Closed 0 worst trades
2026.02.16 12:10:55,410038624,Magic_251101,CRITICAL_TRIM,127.53,122.97,3.58,0,Closed 0 worst trades
2026.02.16 12:10:55,410038624,Magic_251101,CRITICAL_TRIM,127.53,122.97,3.58,0,Closed 0 worst trades
2026.02.16 12:10:55,410038624,Magic_251101,CRITICAL_TRIM,127.53,122.97,3.58,0,Closed 0 worst trades
2026.02.16 12:10:55,410038624,Magic_251101,CRITICAL_TRIM,127.53,122.97,3.58,0,Closed 0 worst trades
2026.02.16 12:10:56,410038624,Magic_251101,CRITICAL_TRIM,127.53,122.97,3.58,0,Closed 0 worst trades
2026.02.16 12:10:56,410038624,Magic_251101,CRITICAL_TRIM,127.53,122.97,3.58,0,Closed 0 worst trades
2026.02.16 12:10:57,410038624,Magic_251101,CRITICAL_TRIM,127.53,122.97,3.58,0,Closed 0 worst trades
2026.02.16 12:10:57,410038624,Magic_251101,CRITICAL_TRIM,127.53,122.97,3.58,0,Closed 0 worst trades
2026.02.16 12:10:57,410038624,Magic_251101,CRITICAL_TRIM,127.53,122.97,3.58,0,Closed 0 worst trades
2026.02.16 12:10:58,410038624,Magic_251101,CRITICAL_TRIM,127.53,122.97,3.58,0,Closed 0 worst trades
2026.02.16 12:10:58,410038624,Magic_251101,CRITICAL_TRIM,127.53,122.97,3.58,0,Closed 0 worst trades
2026.02.16 12:10:58,410038624,Magic_251101,CRITICAL_TRIM,127.53,122.97,3.58,0,Closed 0 worst trades
2026.02.16 12:10:59,410038624,Magic_251101,CRITICAL_TRIM,127.53,122.97,3.58,0,Closed 0 worst trades
2026.02.16 12:10:59,410038624,Magic_251101,CRITICAL_TRIM,127.53,122.97,3.58,0,Closed 0 worst trades
2026.02.16 12:10:59,410038624,Magic_251101,CRITICAL_TRIM,127.53,122.97,3.58,0,Closed 0 worst trades
2026.02.16 12:10:59,410038624,Magic_251101,CRITICAL_TRIM,127.53,122.97,3.58,0,Closed 0 worst trades
2026.02.16 12:11:00,410038624,Magic_251101,CRITICAL_TRIM,127.53,122.97,3.58,0,Closed 0 worst trades
2026.02.16 12:11:00,410038624,Magic_251101,CRITICAL_TRIM,127.53,122.97,3.58,0,Closed 0 worst trades
2026.02.16 12:11:00,410038624,Magic_251101,CRITICAL_TRIM,127.53,122.97,3.58,0,Closed 0 worst trades
2026.02.16 12:11:00,410038624,Magic_251101,CRITICAL_TRIM,127.53,122.97,3.58,0,Closed 0 worst trades
2026.02.16 12:11:00,410038624,Magic_251101,CRITICAL_TRIM,127.53,122.97,3.58,0,Closed 0 worst trades
2026.02.16 12:11:00,410038624,Magic_251101,CRITICAL_TRIM,127.53,122.97,3.58,0,Closed 0 worst trades
2026.02.16 12:11:00,410038624,Magic_251101,CRITICAL_TRIM,127.53,122.97,3.58,0,Closed 0 worst trades
2026.02.16 12:11:01,410038624,Magic_251101,CRITICAL_TRIM,127.53,122.97,3.58,0,Closed 0 worst trades
2026.02.16 12:11:01,410038624,Magic_251101,CRITICAL_TRIM,127.53,122.97,3.58,0,Closed 0 worst trades
2026.02.16 12:11:01,410038624,Magic_251101,CRITICAL_TRIM,127.53,122.97,3.58,0,Closed 0 worst trades
2026.02.16 12:11:01,410038624,Magic_251101,CRITICAL_TRIM,127.53,122.97,3.58,0,Closed 0 worst trades
2026.02.16 12:11:02,410038624,Magic_251101,CRITICAL_TRIM,127.53,122.97,3.58,0,Closed 0 worst trades
2026.02.16 12:11:02,410038624,Magic_251101,CRITICAL_TRIM,127.53,122.97,3.58,0,Closed 0 worst trades
2026.02.16 12:11:02,410038624,Magic_251101,CRITICAL_TRIM,127.53,122.97,3.58,0,Closed 0 worst trades
2026.02.16 12:11:02,410038624,Magic_251101,CRITICAL_TRIM,127.53,122.97,3.58,0,Closed 0 worst trades
2026.02.16 12:11:03,410038624,Magic_251101,CRITICAL_TRIM,127.53,122.97,3.58,0,Closed 0 worst trades
2026.02.16 12:11:03,410038624,Magic_251101,CRITICAL_TRIM,127.53,122.97,3.58,0,Closed 0 worst trades
2026.02.16 12:11:03,410038624,Magic_251101,CRITICAL_TRIM,127.53,122.97,3.58,0,Closed 0 worst trades
2026.02.16 12:11:03,410038624,Magic_251101,CRITICAL_TRIM,127.53,122.97,3.58,0,Closed 0 worst trades
2026.02.16 12:11:03,410038624,Magic_251101,CRITICAL_TRIM,127.53,122.97,3.58,0,Closed 0 worst trades
2026.02.16 12:11:03,410038624,Magic_251101,CRITICAL_TRIM,127.53,122.97,3.58,0,Closed 0 worst trades
2026.02.16 12:11:04,410038624,Magic_251101,CRITICAL_TRIM,127.53,122.97,3.58,0,Closed 0 worst trades
2026.02.16 12:11:04,410038624,Magic_251101,CRITICAL_TRIM,127.53,122.97,3.58,0,Closed 0 worst trades
2026.02.16 12:11:04,410038624,Magic_251101,CRITICAL_TRIM,127.53,122.97,3.58,0,Closed 0 worst trades
2026.02.16 12:11:04,410038624,Magic_251101,CRITICAL_TRIM,127.53,122.97,3.58,0,Closed 0 worst trades
2026.02.16 12:11:04,410038624,Magic_251101,CRITICAL_TRIM,127.53,122.97,3.58,0,Closed 0 worst trades
2026.02.16 12:11:04,410038624,Magic_251101,CRITICAL_TRIM,127.53,122.97,3.58,0,Closed 0 worst trades
2026.02.16 12:11:04,410038624,Magic_251101,CRITICAL_TRIM,127.53,122.97,3.58,0,Closed 0 worst trades
2026.02.16 12:11:05,410038624,Magic_251101,CRITICAL_TRIM,127.53,122.97,3.58,0,Closed 0 worst trades
2026.02.16 12:11:05,410038624,Magic_251101,CRITICAL_TRIM,127.53,122.97,3.58,0,Closed 0 worst trades
2026.02.16 12:11:05,410038624,Magic_251101,CRITICAL_TRIM,127.53,122.97,3.58,0,Closed 0 worst trades
2026.02.16 12:11:05,410038624,Magic_251101,CRITICAL_TRIM,127.53,122.97,3.58,0,Closed 0 worst trades
2026.02.16 12:11:05,410038624,Magic_251101,CRITICAL_TRIM,127.53,122.97,3.58,0,Closed 0 worst trades
2026.02.16 12:11:05,410038624,Magic_251101,CRITICAL_TRIM,127.53,122.97,3.58,0,Closed 0 worst trades
2026.02.16 12:11:06,410038624,Magic_251101,CRITICAL_TRIM,127.53,122.97,3.58,0,Closed 0 worst trades
2026.02.16 12:11:06,410038624,Magic_251101,CRITICAL_TRIM,127.53,122.97,3.58,0,Closed 0 worst trades
2026.02.16 12:11:06,410038624,Magic_251101,CRITICAL_TRIM,127.53,122.97,3.58,0,Closed 0 worst trades
2026.02.16 12:11:06,410038624,Magic_251101,CRITICAL_TRIM,127.53,122.97,3.58,0,Closed 0 worst trades
2026.02.16 12:11:07,410038624,Magic_251101,CRITICAL_TRIM,127.53,122.97,3.58,0,Closed 0 worst trades
2026.02.16 12:11:07,410038624,Magic_251101,CRITICAL_TRIM,127.53,122.97,3.58,0,Closed 0 worst trades
2026.02.16 12:11:07,410038624,Magic_251101,CRITICAL_TRIM,127.53,122.97,3.58,0,Closed 0 worst trades
2026.02.16 12:11:07,410038624,Magic_251101,CRITICAL_TRIM,127.53,122.97,3.58,0,Closed 0 worst trades
2026.02.16 12:11:07,410038624,Magic_251101,CRITICAL_TRIM,127.53,122.97,3.58,0,Closed 0 worst trades
2026.02.16 12:11:07,410038624,Magic_251101,CRITICAL_TRIM,127.53,122.97,3.58,0,Closed 0 worst trades
2026.02.16 12:11:07,410038624,Magic_251101,CRITICAL_TRIM,127.53,122.97,3.58,0,Closed 0 worst trades
2026.02.16 12:11:08,410038624,Magic_251101,CRITICAL_TRIM,127.53,122.97,3.58,0,Closed 0 worst trades
2026.02.16 12:11:08,410038624,Magic_251101,CRITICAL_TRIM,127.53,122.97,3.58,0,Closed 0 worst trades
2026.02.16 12:11:08,410038624,Magic_251101,CRITICAL_TRIM,127.53,122.97,3.58,0,Closed 0 worst trades
2026.02.16 12:11:08,410038624,Magic_251101,CRITICAL_TRIM,127.53,122.97,3.58,0,Closed 0 worst trades
2026.02.16 12:11:08,410038624,Magic_251101,CRITICAL_TRIM,127.53,122.97,3.58,0,Closed 0 worst trades
2026.02.16 12:11:09,410038624,Magic_251101,CRITICAL_TRIM,127.53,122.97,3.58,0,Closed 0 worst trades
2026.02.16 12:11:09,410038624,Magic_251101,CRITICAL_TRIM,127.53,122.97,3.58,0,Closed 0 worst trades
2026.02.16 12:11:09,410038624,Magic_251101,CRITICAL_TRIM,127.53,122.97,3.58,0,Closed 0 worst trades
2026.02.16 12:11:09,410038624,Magic_251101,CRITICAL_TRIM,127.53,122.97,3.58,0,Closed 0 worst trades
2026.02.16 12:11:09,410038624,Magic_251101,CRITICAL_TRIM,127.53,122.97,3.58,0,Closed 0 worst trades
2026.02.16 12:11:09,410038624,Magic_251101,CRITICAL_TRIM,127.53,122.97,3.58,0,Closed 0 worst trades
2026.02.16 12:11:09,410038624,Magic_251101,CRITICAL_TRIM,127.53,122.97,3.58,0,Closed 0 worst trades
2026.02.16 12:11:09,410038624,Magic_251101,CRITICAL_TRIM,127.53,122.97,3.58,0,Closed 0 worst trades
2026.02.16 12:11:10,410038624,Magic_251101,CRITICAL_TRIM,127.53,122.97,3.58,0,Closed 0 worst trades
2026.02.16 12:11:10,410038624,Magic_251101,CRITICAL_TRIM,127.53,122.97,3.58,0,Closed 0 worst trades
2026.02.16 12:11:10,410038624,Magic_251101,CRITICAL_TRIM,127.53,122.97,3.58,0,Closed 0 worst trades
2026.02.16 12:11:10,410038624,Magic_251101,CRITICAL_TRIM,127.53,122.97,3.58,0,Closed 0 worst trades
2026.02.16 12:11:10,410038624,Magic_251101,CRITICAL_TRIM,127.53,122.97,3.58,0,Closed 0 worst trades
2026.02.16 12:11:10,410038624,Magic_251101,CRITICAL_TRIM,127.53,122.97,3.58,0,Closed 0 worst trades
2026.02.16 12:11:10,410038624,Magic_251101,CRITICAL_TRIM,127.53,122.97,3.58,0,Closed 0 worst trades
2026.02.16 12:11:10,410038624,Magic_251101,CRITICAL_TRIM,127.53,122.97,3.58,0,Closed 0 worst trades
2026.02.16 12:11:10,410038624,Magic_251101,CRITICAL_TRIM,127.53,122.97,3.58,0,Closed 0 worst trades
2026.02.16 12:11:11,410038624,Magic_251101,CRITICAL_TRIM,127.53,122.97,3.58,0,Closed 0 worst trades
2026.02.16 12:11:11,410038624,Magic_251101,CRITICAL_TRIM,127.53,122.97,3.58,0,Closed 0 worst trades
2026.02.16 12:11:11,410038624,Magic_251101,CRITICAL_TRIM,127.53,122.97,3.58,0,Closed 0 worst trades
2026.02.16 12:11:11,410038624,Magic_251101,CRITICAL_TRIM,127.53,122.97,3.58,0,Closed 0 worst trades
2026.02.16 12:11:11,410038624,Magic_251101,CRITICAL_TRIM,127.53,122.97,3.58,0,Closed 0 worst trades
2026.02.16 12:11:11,410038624,Magic_251101,CRITICAL_TRIM,127.53,122.97,3.58,0,Closed 0 worst trades
2026.02.16 12:11:12,410038624,Magic_251101,CRITICAL_TRIM,127.53,122.97,3.58,0,Closed 0 worst trades
2026.02.16 12:11:12,410038624,Magic_251101,CRITICAL_TRIM,127.53,122.97,3.58,0,Closed 0 worst trades
2026.02.16 12:11:12,410038624,Magic_251101,CRITICAL_TRIM,127.53,122.97,3.58,0,Closed 0 worst trades
2026.02.16 12:11:12,410038624,Magic_251101,CRITICAL_TRIM,127.53,122.97,3.58,0,Closed 0 worst trades
2026.02.16 12:11:12,410038624,Magic_251101,CRITICAL_TRIM,127.53,122.97,3.58,0,Closed 0 worst trades
2026.02.16 12:11:12,410038624,Magic_251101,CRITICAL_TRIM,127.53,122.97,3.58,0,Closed 0 worst trades
2026.02.16 12:11:13,410038624,Magic_251101,CRITICAL_TRIM,127.53,122.97,3.58,0,Closed 0 worst trades
2026.02.16 12:11:13,410038624,Magic_251101,CRITICAL_TRIM,127.53,122.97,3.58,0,Closed 0 worst trades
2026.02.16 12:11:13,410038624,Magic_251101,CRITICAL_TRIM,127.53,122.97,3.58,0,Closed 0 worst trades
2026.02.16 12:11:13,410038624,Magic_251101,CRITICAL_TRIM,127.53,122.97,3.58,0,Closed 0 worst trades
2026.02.16 12:11:13,410038624,Magic_251101,CRITICAL_TRIM,127.53,122.97,3.58,0,Closed 0 worst trades
2026.02.16 12:11:13,410038624,Magic_251101,CRITICAL_TRIM,127.53,122.97,3.58,0,Closed 0 worst trades
2026.02.16 12:11:13,410038624,Magic_251101,CRITICAL_TRIM,127.53,122.97,3.58,0,Closed 0 worst trades
2026.02.16 12:11:14,410038624,Magic_251101,CRITICAL_TRIM,127.53,122.97,3.58,0,Closed 0 worst trades
2026.02.16 12:11:14,410038624,Magic_251101,CRITICAL_TRIM,127.53,122.97,3.58,0,Closed 0 worst trades
2026.02.16 12:11:14,410038624,Magic_251101,CRITICAL_TRIM,127.53,122.97,3.58,0,Closed 0 worst trades
2026.02.16 12:11:14,410038624,Magic_251101,CRITICAL_TRIM,127.53,122.97,3.58,0,Closed 0 worst trades
2026.02.16 12:11:14,410038624,Magic_251101,CRITICAL_TRIM,127.53,122.97,3.58,0,Closed 0 worst trades
2026.02.16 12:11:14,410038624,Magic_251101,CRITICAL_TRIM,127.53,122.97,3.58,0,Closed 0 worst trades
2026.02.16 12:11:14,410038624,Magic_251101,CRITICAL_TRIM,127.53,122.97,3.58,0,Closed 0 worst trades
2026.02.16 12:11:15,410038624,Magic_251101,CRITICAL_TRIM,127.53,122.97,3.58,0,Closed 0 worst trades
2026.02.16 12:11:15,410038624,Magic_251101,CRITICAL_TRIM,127.53,122.97,3.58,0,Closed 0 worst trades
2026.02.16 12:11:15,410038624,Magic_251101,CRITICAL_TRIM,127.53,122.97,3.58,0,Closed 0 worst trades
2026.02.16 12:11:15,410038624,Magic_251101,CRITICAL_TRIM,127.53,122.97,3.58,0,Closed 0 worst trades
2026.02.16 12:11:15,410038624,Magic_251101,CRITICAL_TRIM,127.53,122.97,3.58,0,Closed 0 worst trades
2026.02.16 12:11:15,410038624,Magic_251101,CRITICAL_TRIM,127.53,122.97,3.58,0,Closed 0 worst trades
2026.02.16 12:11:16,410038624,Magic_251101,CRITICAL_TRIM,127.53,122.97,3.58,0,Closed 0 worst trades
2026.02.16 12:11:16,410038624,Magic_251101,CRITICAL_TRIM,127.53,122.97,3.58,0,Closed 0 worst trades
2026.02.16 12:11:16,410038624,Magic_251101,CRITICAL_TRIM,127.53,122.97,3.58,0,Closed 0 worst trades
2026.02.16 12:11:16,410038624,Magic_251101,CRITICAL_TRIM,127.53,122.97,3.58,0,Closed 0 worst trades
2026.02.16 12:11:16,410038624,Magic_251101,CRITICAL_TRIM,127.53,122.97,3.58,0,Closed 0 worst trades
2026.02.16 12:11:16,410038624,Magic_251101,CRITICAL_TRIM,127.53,122.97,3.58,0,Closed 0 worst trades
2026.02.16 12:11:17,410038624,Magic_251101,CRITICAL_TRIM,127.53,122.97,3.58,0,Closed 0 worst trades
2026.02.16 12:11:18,410038624,Magic_251101,CRITICAL_TRIM,127.53,122.97,3.58,0,Closed 0 worst trades
2026.02.16 12:11:18,410038624,Magic_251101,CRITICAL_TRIM,127.53,122.97,3.58,0,Closed 0 worst trades
2026.02.16 12:11:18,410038624,Magic_251101,CRITICAL_TRIM,127.53,122.97,3.58,0,Closed 0 worst trades
2026.02.16 12:11:18,410038624,Magic_251101,CRITICAL_TRIM,127.53,122.97,3.58,0,Closed 0 worst trades
2026.02.16 12:11:18,410038624,Magic_251101,CRITICAL_TRIM,127.53,122.97,3.58,0,Closed 0 worst trades
2026.02.16 12:11:18,410038624,Magic_251101,CRITICAL_TRIM,127.53,122.97,3.58,0,Closed 0 worst trades
2026.02.16 12:11:18,410038624,Magic_251101,CRITICAL_TRIM,127.53,122.97,3.58,0,Closed 0 worst trades
2026.02.16 12:11:19,410038624,Magic_251101,CRITICAL_TRIM,127.53,122.97,3.58,0,Closed 0 worst trades
2026.02.16 12:11:19,410038624,Magic_251101,CRITICAL_TRIM,127.53,122.97,3.58,0,Closed 0 worst trades
2026.02.16 12:11:19,410038624,Magic_251101,CRITICAL_TRIM,127.53,122.97,3.58,0,Closed 0 worst trades
2026.02.16 12:11:19,410038624,Magic_251101,CRITICAL_TRIM,127.53,122.97,3.58,0,Closed 0 worst trades
2026.02.16 12:11:19,410038624,Magic_251101,CRITICAL_TRIM,127.53,122.97,3.58,0,Closed 0 worst trades
2026.02.16 12:11:19,410038624,Magic_251101,CRITICAL_TRIM,127.53,122.97,3.58,0,Closed 0 worst trades
2026.02.16 12:11:19,410038624,Magic_251101,CRITICAL_TRIM,127.53,122.97,3.58,0,Closed 0 worst trades
2026.02.16 12:11:20,410038624,Magic_251101,CRITICAL_TRIM,127.53,122.97,3.58,0,Closed 0 worst trades
2026.02.16 12:11:21,410038624,Magic_251101,CRITICAL_TRIM,127.53,122.97,3.58,0,Closed 0 worst trades
2026.02.16 12:11:21,410038624,Magic_251101,CRITICAL_TRIM,127.53,122.97,3.58,0,Closed 0 worst trades
2026.02.16 12:11:22,410038624,Magic_251101,CRITICAL_TRIM,127.53,122.97,3.58,0,Closed 0 worst trades
2026.02.16 12:11:22,410038624,Magic_251101,CRITICAL_TRIM,127.53,122.97,3.58,0,Closed 0 worst trades
2026.02.16 12:11:22,410038624,Magic_251101,CRITICAL_TRIM,127.53,122.97,3.58,0,Closed 0 worst trades
2026.02.16 12:11:22,410038624,Magic_251101,CRITICAL_TRIM,127.53,122.97,3.58,0,Closed 0 worst trades
2026.02.16 12:11:22,410038624,Magic_251101,CRITICAL_TRIM,127.53,122.97,3.58,0,Closed 0 worst trades
2026.02.16 12:11:22,410038624,Magic_251101,CRITICAL_TRIM,127.53,122.97,3.58,0,Closed 0 worst trades
2026.02.16 12:11:22,410038624,Magic_251101,CRITICAL_TRIM,127.53,122.97,3.58,0,Closed 0 worst trades
2026.02.16 12:11:23,410038624,Magic_251101,CRITICAL_TRIM,127.53,122.97,3.58,0,Closed 0 worst trades
2026.02.16 12:11:23,410038624,Magic_251101,CRITICAL_TRIM,127.53,122.97,3.58,0,Closed 0 worst trades
2026.02.16 12:11:23,410038624,Magic_251101,CRITICAL_TRIM,127.53,122.97,3.58,0,Closed 0 worst trades
2026.02.16 12:11:23,410038624,Magic_251101,CRITICAL_TRIM,127.53,122.97,3.58,0,Closed 0 worst trades
2026.02.16 12:11:23,410038624,Magic_251101,CRITICAL_TRIM,127.53,122.97,3.58,0,Closed 0 worst trades
2026.02.16 12:11:23,410038624,Magic_251101,CRITICAL_TRIM,127.53,122.97,3.58,0,Closed 0 worst trades
2026.02.16 12:11:23,410038624,Magic_251101,CRITICAL_TRIM,127.53,122.97,3.58,0,Closed 0 worst trades
2026.02.16 12:11:24,410038624,Magic_251101,CRITICAL_TRIM,127.53,122.97,3.58,0,Closed 0 worst trades
2026.02.16 12:11:24,410038624,Magic_251101,CRITICAL_TRIM,127.53,122.97,3.58,0,Closed 0 worst trades
2026.02.16 12:11:24,410038624,Magic_251101,CRITICAL_TRIM,127.53,122.97,3.58,0,Closed 0 worst trades
2026.02.16 12:11:24,410038624,Magic_251101,CRITICAL_TRIM,127.53,122.97,3.58,0,Closed 0 worst trades
2026.02.16 12:11:24,410038624,Magic_251101,CRITICAL_TRIM,127.53,122.97,3.58,0,Closed 0 worst trades
2026.02.16 12:11:25,410038624,Magic_251101,CRITICAL_TRIM,127.53,122.97,3.58,0,Closed 0 worst trades
2026.02.16 12:11:25,410038624,Magic_251101,CRITICAL_TRIM,127.53,122.97,3.58,0,Closed 0 worst trades
2026.02.16 12:11:25,410038624,Magic_251101,CRITICAL_TRIM,127.53,122.97,3.58,0,Closed 0 worst trades
2026.02.16 12:11:26,410038624,Magic_251101,CRITICAL_TRIM,127.53,122.97,3.58,0,Closed 0 worst trades
2026.02.16 12:11:26,410038624,Magic_251101,CRITICAL_TRIM,127.53,122.97,3.58,0,Closed 0 worst trades
2026.02.16 12:11:27,410038624,Magic_251101,CRITICAL_TRIM,127.53,122.97,3.58,0,Closed 0 worst trades
2026.02.16 12:11:27,410038624,Magic_251101,CRITICAL_TRIM,127.53,122.97,3.58,0,Closed 0 worst trades
2026.02.16 12:11:28,410038624,Magic_251101,CRITICAL_TRIM,127.53,122.97,3.58,0,Closed 0 worst trades
2026.02.16 12:11:28,410038624,Magic_251101,CRITICAL_TRIM,127.53,122.97,3.58,0,Closed 0 worst trades
2026.02.16 12:11:28,410038624,Magic_251101,CRITICAL_TRIM,127.53,122.97,3.58,0,Closed 0 worst trades
2026.02.16 12:11:28,410038624,Magic_251101,CRITICAL_TRIM,127.53,122.97,3.58,0,Closed 0 worst trades
2026.02.16 12:11:28,410038624,Magic_251101,CRITICAL_TRIM,127.53,122.97,3.58,0,Closed 0 worst trades
2026.02.16 12:11:29,410038624,Magic_251101,CRITICAL_TRIM,127.53,122.97,3.58,0,Closed 0 worst trades
2026.02.16 12:11:29,410038624,Magic_251101,CRITICAL_TRIM,127.53,122.97,3.58,0,Closed 0 worst trades
2026.02.16 12:11:30,410038624,Magic_251101,CRITICAL_TRIM,127.53,122.97,3.58,0,Closed 0 worst trades
2026.02.16 12:11:30,410038624,Magic_251101,CRITICAL_TRIM,127.53,122.97,3.58,0,Closed 0 worst trades
2026.02.16 12:11:31,410038624,Magic_251101,CRITICAL_TRIM,127.53,122.97,3.58,0,Closed 0 worst trades
2026.02.16 12:11:32,410038624,Magic_251101,CRITICAL_TRIM,127.53,122.97,3.58,0,Closed 0 worst trades
2026.02.16 12:11:32,410038624,Magic_251101,CRITICAL_TRIM,127.53,122.97,3.58,0,Closed 0 worst trades
2026.02.16 12:11:32,410038624,Magic_251101,CRITICAL_TRIM,127.53,122.97,3.58,0,Closed 0 worst trades
2026.02.16 12:11:33,410038624,Magic_251101,CRITICAL_TRIM,127.53,122.97,3.58,0,Closed 0 worst trades
2026.02.16 12:11:34,410038624,Magic_251101,CRITICAL_TRIM,127.53,122.97,3.58,0,Closed 0 worst trades
2026.02.16 12:11:34,410038624,Magic_251101,CRITICAL_TRIM,127.53,122.97,3.58,0,Closed 0 worst trades
2026.02.16 12:11:34,410038624,Magic_251101,CRITICAL_TRIM,127.53,122.97,3.58,0,Closed 0 worst trades
2026.02.16 12:11:34,410038624,Magic_251101,CRITICAL_TRIM,127.53,122.97,3.58,0,Closed 0 worst trades
2026.02.16 12:11:35,410038624,Magic_251101,CRITICAL_TRIM,127.53,122.97,3.58,0,Closed 0 worst trades
2026.02.16 12:11:36,410038624,Magic_251101,CRITICAL_TRIM,127.53,122.97,3.58,0,Closed 0 worst trades
2026.02.16 12:11:36,410038624,Magic_251101,CRITICAL_TRIM,127.53,122.97,3.58,0,Closed 0 worst trades
2026.02.16 12:11:36,410038624,Magic_251101,CRITICAL_TRIM,127.53,122.97,3.58,0,Closed 0 worst trades
2026.02.16 12:11:37,410038624,Magic_251101,CRITICAL_TRIM,127.53,122.97,3.58,0,Closed 0 worst trades
2026.02.16 12:11:37,410038624,Magic_251101,CRITICAL_TRIM,127.53,122.97,3.58,0,Closed 0 worst trades
2026.02.16 12:11:38,410038624,Magic_251101,CRITICAL_TRIM,127.53,122.97,3.58,0,Closed 0 worst trades
2026.02.16 12:11:38,410038624,Magic_251101,CRITICAL_TRIM,127.53,122.97,3.58,0,Closed 0 worst trades
2026.02.16 12:11:39,410038624,Magic_251101,CRITICAL_TRIM,127.53,122.97,3.58,0,Closed 0 worst trades
2026.02.16 12:11:39,410038624,Magic_251101,CRITICAL_TRIM,127.53,122.97,3.58,0,Closed 0 worst trades
2026.02.16 12:11:39,410038624,Magic_251101,CRITICAL_TRIM,127.53,122.97,3.58,0,Closed 0 worst trades
2026.02.16 12:11:39,410038624,Magic_251101,CRITICAL_TRIM,127.53,122.97,3.58,0,Closed 0 worst trades
2026.02.16 12:11:40,410038624,Magic_251101,CRITICAL_TRIM,127.53,122.97,3.58,0,Closed 0 worst trades
2026.02.16 12:11:41,410038624,Magic_251101,CRITICAL_TRIM,127.53,122.97,3.58,0,Closed 0 worst trades
2026.02.16 12:11:41,410038624,Magic_251101,CRITICAL_TRIM,127.53,122.97,3.58,0,Closed 0 worst trades
2026.02.16 12:11:41,410038624,Magic_251101,CRITICAL_TRIM,127.53,122.97,3.58,0,Closed 0 worst trades
2026.02.16 12:11:41,410038624,Magic_251101,CRITICAL_TRIM,127.53,122.97,3.58,0,Closed 0 worst trades
2026.02.16 12:11:41,410038624,Magic_251101,CRITICAL_TRIM,127.53,122.97,3.58,0,Closed 0 worst trades
2026.02.16 12:11:44,410038624,Magic_251101,CRITICAL_TRIM,127.53,122.97,3.58,0,Closed 0 worst trades
2026.02.16 12:11:46,410038624,Magic_251101,CRITICAL_TRIM,127.53,122.97,3.58,0,Closed 0 worst trades
2026.02.16 12:11:48,410038624,Magic_251101,CRITICAL_TRIM,127.53,122.97,3.58,0,Closed 0 worst trades
2026.02.16 12:11:48,410038624,Magic_251101,CRITICAL_TRIM,127.53,122.97,3.58,0,Closed 0 worst trades
2026.02.16 12:11:48,410038624,Magic_251101,CRITICAL_TRIM,127.53,122.97,3.58,0,Closed 0 worst trades
2026.02.16 12:11:48,410038624,Magic_251101,CRITICAL_TRIM,127.53,122.97,3.58,0,Closed 0 worst trades
2026.02.16 12:11:49,410038624,Magic_251101,CRITICAL_TRIM,127.53,122.97,3.58,0,Closed 0 worst trades
2026.02.16 12:11:49,410038624,Magic_251101,CRITICAL_TRIM,127.53,122.97,3.58,0,Closed 0 worst trades
2026.02.16 12:11:49,410038624,Magic_251101,CRITICAL_TRIM,127.53,122.97,3.58,0,Closed 0 worst trades
2026.02.16 12:11:49,410038624,Magic_251101,CRITICAL_TRIM,127.53,122.97,3.58,0,Closed 0 worst trades
2026.02.16 12:11:49,410038624,Magic_251101,CRITICAL_TRIM,127.53,122.97,3.58,0,Closed 0 worst trades
2026.02.16 12:11:50,410038624,Magic_251101,CRITICAL_TRIM,127.53,122.97,3.58,0,Closed 0 worst trades
2026.02.16 12:11:50,410038624,Magic_251101,CRITICAL_TRIM,127.53,122.97,3.58,0,Closed 0 worst trades
2026.02.16 12:11:50,410038624,Magic_251101,CRITICAL_TRIM,127.53,122.97,3.58,0,Closed 0 worst trades
2026.02.16 12:11:50,410038624,Magic_251101,CRITICAL_TRIM,127.53,122.97,3.58,0,Closed 0 worst trades
2026.02.16 12:11:51,410038624,Magic_251101,CRITICAL_TRIM,127.53,122.97,3.58,0,Closed 0 worst trades
2026.02.16 12:11:51,410038624,Magic_251101,CRITICAL_TRIM,127.53,122.97,3.58,0,Closed 0 worst trades
2026.02.16 12:11:52,410038624,Magic_251101,CRITICAL_TRIM,127.53,122.97,3.58,0,Closed 0 worst trades
2026.02.16 12:11:53,410038624,Magic_251101,CRITICAL_TRIM,127.53,122.97,3.58,0,Closed 0 worst trades
2026.02.16 12:11:54,410038624,Magic_251101,CRITICAL_TRIM,127.53,122.97,3.58,0,Closed 0 worst trades
2026.02.16 12:11:54,410038624,Magic_251101,CRITICAL_TRIM,127.53,122.97,3.58,0,Closed 0 worst trades
2026.02.16 12:11:54,410038624,Magic_251101,CRITICAL_TRIM,127.53,122.97,3.58,0,Closed 0 worst trades
2026.02.16 12:11:55,410038624,Magic_251101,CRITICAL_TRIM,127.53,122.97,3.58,0,Closed 0 worst trades
2026.02.16 12:11:55,410038624,Magic_251101,CRITICAL_TRIM,127.53,122.97,3.58,0,Closed 0 worst trades
2026.02.16 12:11:55,410038624,Magic_251101,CRITICAL_TRIM,127.53,122.97,3.58,0,Closed 0 worst trades
2026.02.16 12:11:56,410038624,Magic_251101,CRITICAL_TRIM,127.53,122.97,3.58,0,Closed 0 worst trades
2026.02.16 12:11:57,410038624,Magic_251101,CRITICAL_TRIM,127.53,122.97,3.58,0,Closed 0 worst trades
2026.02.16 12:12:00,410038624,Magic_251101,CRITICAL_TRIM,127.53,122.97,3.58,0,Closed 0 worst trades
2026.02.16 12:12:00,410038624,Magic_251101,CRITICAL_TRIM,127.53,122.97,3.58,0,Closed 0 worst trades
2026.02.16 12:12:00,410038624,Magic_251101,CRITICAL_TRIM,127.53,122.97,3.58,0,Closed 0 worst trades
2026.02.16 12:12:01,410038624,Magic_251101,CRITICAL_TRIM,127.53,122.97,3.58,0,Closed 0 worst trades
2026.02.16 12:12:01,410038624,Magic_251101,CRITICAL_TRIM,127.53,122.97,3.58,0,Closed 0 worst trades
2026.02.16 12:12:01,410038624,Magic_251101,CRITICAL_TRIM,127.53,122.97,3.58,0,Closed 0 worst trades
2026.02.16 12:12:02,410038624,Magic_251101,CRITICAL_TRIM,127.53,122.97,3.58,0,Closed 0 worst trades
2026.02.16 12:12:03,410038624,Magic_251101,CRITICAL_TRIM,127.53,122.97,3.58,0,Closed 0 worst trades
2026.02.16 12:12:03,410038624,Magic_251101,CRITICAL_TRIM,127.53,122.97,3.58,0,Closed 0 worst trades
2026.02.16 12:12:03,410038624,Magic_251101,CRITICAL_TRIM,127.53,122.97,3.58,0,Closed 0 worst trades
2026.02.16 12:12:04,410038624,Magic_251101,CRITICAL_TRIM,127.53,122.97,3.58,0,Closed 0 worst trades
2026.02.16 12:12:04,410038624,Magic_251101,CRITICAL_TRIM,127.53,122.97,3.58,0,Closed 0 worst trades
2026.02.16 12:12:04,410038624,Magic_251101,CRITICAL_TRIM,127.53,122.97,3.58,0,Closed 0 worst trades
2026.02.16 12:12:04,410038624,Magic_251101,CRITICAL_TRIM,127.53,122.97,3.58,0,Closed 0 worst trades
2026.02.16 12:12:05,410038624,Magic_251101,CRITICAL_TRIM,127.53,122.97,3.58,0,Closed 0 worst trades
2026.02.16 12:12:05,410038624,Magic_251101,CRITICAL_TRIM,127.53,122.97,3.58,0,Closed 0 worst trades
2026.02.16 12:12:05,410038624,Magic_251101,CRITICAL_TRIM,127.53,122.97,3.58,0,Closed 0 worst trades
2026.02.16 12:12:05,410038624,Magic_251101,CRITICAL_TRIM,127.53,122.97,3.58,0,Closed 0 worst trades
2026.02.16 12:12:06,410038624,Magic_251101,CRITICAL_TRIM,127.53,122.97,3.58,0,Closed 0 worst trades
2026.02.16 12:12:06,410038624,Magic_251101,CRITICAL_TRIM,127.53,122.97,3.58,0,Closed 0 worst trades
2026.02.16 12:12:06,410038624,Magic_251101,CRITICAL_TRIM,127.53,122.97,3.58,0,Closed 0 worst trades
2026.02.16 12:12:06,410038624,Magic_251101,CRITICAL_TRIM,127.53,122.97,3.58,0,Closed 0 worst trades
2026.02.16 12:12:06,410038624,Magic_251101,CRITICAL_TRIM,127.53,122.97,3.58,0,Closed 0 worst trades
2026.02.16 12:12:06,410038624,Magic_251101,CRITICAL_TRIM,127.53,122.97,3.58,0,Closed 0 worst trades
2026.02.16 12:12:06,410038624,Magic_251101,CRITICAL_TRIM,127.53,122.97,3.58,0,Closed 0 worst trades
2026.02.16 12:12:06,410038624,Magic_251101,CRITICAL_TRIM,127.53,122.97,3.58,0,Closed 0 worst trades
2026.02.16 12:12:06,410038624,Magic_251101,CRITICAL_TRIM,127.53,122.97,3.58,0,Closed 0 worst trades
2026.02.16 12:12:07,410038624,Magic_251101,CRITICAL_TRIM,127.53,122.97,3.58,0,Closed 0 worst trades
2026.02.16 12:12:07,410038624,Magic_251101,CRITICAL_TRIM,127.53,122.97,3.58,0,Closed 0 worst trades
2026.02.16 12:12:07,410038624,Magic_251101,CRITICAL_TRIM,127.53,122.97,3.58,0,Closed 0 worst trades
2026.02.16 12:12:07,410038624,Magic_251101,CRITICAL_TRIM,127.53,122.97,3.58,0,Closed 0 worst trades
2026.02.16 12:12:07,410038624,Magic_251101,CRITICAL_TRIM,127.53,122.97,3.58,0,Closed 0 worst trades
2026.02.16 12:12:07,410038624,Magic_251101,CRITICAL_TRIM,127.53,122.97,3.58,0,Closed 0 worst trades
2026.02.16 12:12:08,410038624,Magic_251101,CRITICAL_TRIM,127.53,122.97,3.58,0,Closed 0 worst trades
2026.02.16 12:12:08,410038624,Magic_251101,CRITICAL_TRIM,127.53,122.97,3.58,0,Closed 0 worst trades
2026.02.16 12:12:08,410038624,Magic_251101,CRITICAL_TRIM,127.53,122.97,3.58,0,Closed 0 worst trades
2026.02.16 12:12:09,410038624,Magic_251101,CRITICAL_TRIM,127.53,122.97,3.58,0,Closed 0 worst trades
2026.02.16 12:12:09,410038624,Magic_251101,CRITICAL_TRIM,127.53,122.97,3.58,0,Closed 0 worst trades
2026.02.16 12:12:09,410038624,Magic_251101,CRITICAL_TRIM,127.53,122.97,3.58,0,Closed 0 worst trades
2026.02.16 12:12:10,410038624,Magic_251101,CRITICAL_TRIM,127.53,122.97,3.58,0,Closed 0 worst trades
2026.02.16 12:12:10,410038624,Magic_251101,CRITICAL_TRIM,127.53,122.97,3.58,0,Closed 0 worst trades
2026.02.16 12:12:10,410038624,Magic_251101,CRITICAL_TRIM,127.53,122.97,3.58,0,Closed 0 worst trades
2026.02.16 12:12:10,410038624,Magic_251101,CRITICAL_TRIM,127.53,122.97,3.58,0,Closed 0 worst trades
2026.02.16 12:12:10,410038624,Magic_251101,CRITICAL_TRIM,127.53,122.97,3.58,0,Closed 0 worst trades
2026.02.16 12:12:10,410038624,Magic_251101,CRITICAL_TRIM,127.53,122.97,3.58,0,Closed 0 worst trades
2026.02.16 12:12:11,410038624,Magic_251101,CRITICAL_TRIM,127.53,122.97,3.58,0,Closed 0 worst trades
2026.02.16 12:12:11,410038624,Magic_251101,CRITICAL_TRIM,127.53,122.97,3.58,0,Closed 0 worst trades
2026.02.16 12:12:11,410038624,Magic_251101,CRITICAL_TRIM,127.53,122.97,3.58,0,Closed 0 worst trades
2026.02.16 12:12:11,410038624,Magic_251101,CRITICAL_TRIM,127.53,122.97,3.58,0,Closed 0 worst trades
2026.02.16 12:12:11,410038624,Magic_251101,CRITICAL_TRIM,127.53,122.97,3.58,0,Closed 0 worst trades
2026.02.16 12:12:11,410038624,Magic_251101,CRITICAL_TRIM,127.53,122.97,3.58,0,Closed 0 worst trades
2026.02.16 12:12:12,410038624,Magic_251101,CRITICAL_TRIM,127.53,122.97,3.58,0,Closed 0 worst trades
2026.02.16 12:12:12,410038624,Magic_251101,CRITICAL_TRIM,127.53,122.97,3.58,0,Closed 0 worst trades
2026.02.16 12:12:12,410038624,Magic_251101,CRITICAL_TRIM,127.53,122.97,3.58,0,Closed 0 worst trades
2026.02.16 12:12:12,410038624,Magic_251101,CRITICAL_TRIM,127.53,122.97,3.58,0,Closed 0 worst trades
2026.02.16 12:12:13,410038624,Magic_251101,CRITICAL_TRIM,127.53,122.97,3.58,0,Closed 0 worst trades
2026.02.16 12:12:13,410038624,Magic_251101,CRITICAL_TRIM,127.53,122.97,3.58,0,Closed 0 worst trades
2026.02.16 12:12:13,410038624,Magic_251101,CRITICAL_TRIM,127.53,122.97,3.58,0,Closed 0 worst trades
2026.02.16 12:12:13,410038624,Magic_251101,CRITICAL_TRIM,127.53,122.97,3.58,0,Closed 0 worst trades
2026.02.16 12:12:13,410038624,Magic_251101,CRITICAL_TRIM,127.53,122.97,3.58,0,Closed 0 worst trades
2026.02.16 12:12:14,410038624,Magic_251101,CRITICAL_TRIM,127.53,122.97,3.58,0,Closed 0 worst trades
2026.02.16 12:12:14,410038624,Magic_251101,CRITICAL_TRIM,127.53,122.97,3.58,0,Closed 0 worst trades
2026.02.16 12:12:14,410038624,Magic_251101,CRITICAL_TRIM,127.53,122.97,3.58,0,Closed 0 worst trades
2026.02.16 12:12:15,410038624,Magic_251101,CRITICAL_TRIM,127.53,122.97,3.58,0,Closed 0 worst trades
2026.02.16 12:12:15,410038624,Magic_251101,CRITICAL_TRIM,127.53,122.97,3.58,0,Closed 0 worst trades
2026.02.16 12:12:16,410038624,Magic_251101,CRITICAL_TRIM,127.53,122.97,3.58,0,Closed 0 worst trades
2026.02.16 12:12:16,410038624,Magic_251101,CRITICAL_TRIM,127.53,122.97,3.58,0,Closed 0 worst trades
2026.02.16 12:12:16,410038624,Magic_251101,CRITICAL_TRIM,127.53,122.97,3.58,0,Closed 0 worst trades
2026.02.16 12:12:16,410038624,Magic_251101,CRITICAL_TRIM,127.53,122.97,3.58,0,Closed 0 worst trades
2026.02.16 12:12:17,410038624,Magic_251101,CRITICAL_TRIM,127.53,122.97,3.58,0,Closed 0 worst trades
2026.02.16 12:12:17,410038624,Magic_251101,CRITICAL_TRIM,127.53,122.97,3.58,0,Closed 0 worst trades
2026.02.16 12:12:18,410038624,Magic_251101,CRITICAL_TRIM,127.53,122.97,3.58,0,Closed 0 worst trades
2026.02.16 12:12:18,410038624,Magic_251101,CRITICAL_TRIM,127.53,122.97,3.58,0,Closed 0 worst trades
2026.02.16 12:12:18,410038624,Magic_251101,CRITICAL_TRIM,127.53,122.97,3.58,0,Closed 0 worst trades
2026.02.16 12:12:19,410038624,Magic_251101,CRITICAL_TRIM,127.53,122.97,3.58,0,Closed 0 worst trades
2026.02.16 12:12:19,410038624,Magic_251101,CRITICAL_TRIM,127.53,122.97,3.58,0,Closed 0 worst trades
2026.02.16 12:12:19,410038624,Magic_251101,CRITICAL_TRIM,127.53,122.97,3.58,0,Closed 0 worst trades
2026.02.16 12:12:19,410038624,Magic_251101,CRITICAL_TRIM,127.53,122.97,3.58,0,Closed 0 worst trades
2026.02.16 12:12:20,410038624,Magic_251101,CRITICAL_TRIM,127.53,122.97,3.58,0,Closed 0 worst trades
2026.02.16 12:12:20,410038624,Magic_251101,CRITICAL_TRIM,127.53,122.97,3.58,0,Closed 0 worst trades
2026.02.16 12:12:21,410038624,Magic_251101,CRITICAL_TRIM,127.53,122.97,3.58,0,Closed 0 worst trades
2026.02.16 12:12:21,410038624,Magic_251101,CRITICAL_TRIM,127.53,122.97,3.58,0,Closed 0 worst trades
2026.02.16 12:12:21,410038624,Magic_251101,CRITICAL_TRIM,127.53,122.97,3.58,0,Closed 0 worst trades
2026.02.16 12:12:21,410038624,Magic_251101,CRITICAL_TRIM,127.53,122.97,3.58,0,Closed 0 worst trades
2026.02.16 12:12:21,410038624,Magic_251101,CRITICAL_TRIM,127.53,122.97,3.58,0,Closed 0 worst trades
2026.02.16 12:12:21,410038624,Magic_251101,CRITICAL_TRIM,127.53,122.97,3.58,0,Closed 0 worst trades
2026.02.16 12:12:21,410038624,Magic_251101,CRITICAL_TRIM,127.53,122.97,3.58,0,Closed 0 worst trades
2026.02.16 12:12:22,410038624,Magic_251101,CRITICAL_TRIM,127.53,122.97,3.58,0,Closed 0 worst trades
2026.02.16 12:12:23,410038624,Magic_251101,CRITICAL_TRIM,127.53,122.97,3.58,0,Closed 0 worst trades
2026.02.16 12:12:23,410038624,Magic_251101,CRITICAL_TRIM,127.53,122.97,3.58,0,Closed 0 worst trades
2026.02.16 12:12:24,410038624,Magic_251101,CRITICAL_TRIM,127.53,122.97,3.58,0,Closed 0 worst trades
2026.02.16 12:12:24,410038624,Magic_251101,CRITICAL_TRIM,127.53,122.97,3.58,0,Closed 0 worst trades
2026.02.16 12:12:24,410038624,Magic_251101,CRITICAL_TRIM,127.53,122.97,3.58,0,Closed 0 worst trades
2026.02.16 12:12:24,410038624,Magic_251101,CRITICAL_TRIM,127.53,122.97,3.58,0,Closed 0 worst trades
2026.02.16 12:12:25,410038624,Magic_251101,CRITICAL_TRIM,127.53,122.97,3.58,0,Closed 0 worst trades
2026.02.16 12:12:25,410038624,Magic_251101,CRITICAL_TRIM,127.53,122.97,3.58,0,Closed 0 worst trades
2026.02.16 12:12:25,410038624,Magic_251101,CRITICAL_TRIM,127.53,122.97,3.58,0,Closed 0 worst trades
2026.02.16 12:12:25,410038624,Magic_251101,CRITICAL_TRIM,127.53,122.97,3.58,0,Closed 0 worst trades
2026.02.16 12:12:25,410038624,Magic_251101,CRITICAL_TRIM,127.53,122.97,3.58,0,Closed 0 worst trades
2026.02.16 12:12:26,410038624,Magic_251101,CRITICAL_TRIM,127.53,122.97,3.58,0,Closed 0 worst trades
2026.02.16 12:12:26,410038624,Magic_251101,CRITICAL_TRIM,127.53,122.97,3.58,0,Closed 0 worst trades
2026.02.16 12:12:26,410038624,Magic_251101,CRITICAL_TRIM,127.53,122.97,3.58,0,Closed 0 worst trades
2026.02.16 12:12:26,410038624,Magic_251101,CRITICAL_TRIM,127.53,122.97,3.58,0,Closed 0 worst trades
2026.02.16 12:12:26,410038624,Magic_251101,CRITICAL_TRIM,127.53,122.97,3.58,0,Closed 0 worst trades
2026.02.16 12:12:26,410038624,Magic_251101,CRITICAL_TRIM,127.53,122.97,3.58,0,Closed 0 worst trades
2026.02.16 12:12:27,410038624,Magic_251101,CRITICAL_TRIM,127.53,122.97,3.58,0,Closed 0 worst trades
2026.02.16 12:12:27,410038624,Magic_251101,CRITICAL_TRIM,127.53,122.97,3.58,0,Closed 0 worst trades
2026.02.16 12:12:27,410038624,Magic_251101,CRITICAL_TRIM,127.53,122.97,3.58,0,Closed 0 worst trades
2026.02.16 12:12:27,410038624,Magic_251101,CRITICAL_TRIM,127.53,122.97,3.58,0,Closed 0 worst trades
2026.02.16 12:12:27,410038624,Magic_251101,CRITICAL_TRIM,127.53,122.97,3.58,0,Closed 0 worst trades
2026.02.16 12:12:27,410038624,Magic_251101,CRITICAL_TRIM,127.53,122.97,3.58,0,Closed 0 worst trades
2026.02.16 12:12:28,410038624,Magic_251101,CRITICAL_TRIM,127.53,122.97,3.58,0,Closed 0 worst trades
2026.02.16 12:12:28,410038624,Magic_251101,CRITICAL_TRIM,127.53,122.97,3.58,0,Closed 0 worst trades
2026.02.16 12:12:28,410038624,Magic_251101,CRITICAL_TRIM,127.53,122.97,3.58,0,Closed 0 worst trades
2026.02.16 12:12:28,410038624,Magic_251101,CRITICAL_TRIM,127.53,122.97,3.58,0,Closed 0 worst trades
2026.02.16 12:12:28,410038624,Magic_251101,CRITICAL_TRIM,127.53,122.97,3.58,0,Closed 0 worst trades
2026.02.16 12:12:28,410038624,Magic_251101,CRITICAL_TRIM,127.53,122.97,3.58,0,Closed 0 worst trades
2026.02.16 12:12:29,410038624,Magic_251101,CRITICAL_TRIM,127.53,122.97,3.58,0,Closed 0 worst trades
2026.02.16 12:12:29,410038624,Magic_251101,CRITICAL_TRIM,127.53,122.97,3.58,0,Closed 0 worst trades
2026.02.16 12:12:29,410038624,Magic_251101,CRITICAL_TRIM,127.53,122.97,3.58,0,Closed 0 worst trades
2026.02.16 12:12:30,410038624,Magic_251101,CRITICAL_TRIM,127.53,122.97,3.58,0,Closed 0 worst trades
2026.02.16 12:12:34,410038624,Magic_251101,CRITICAL_TRIM,127.53,122.97,3.58,0,Closed 0 worst trades
2026.02.16 12:12:34,410038624,Magic_251101,CRITICAL_TRIM,127.53,122.97,3.58,0,Closed 0 worst trades
2026.02.16 12:12:37,410038624,Magic_251101,CRITICAL_TRIM,127.53,122.97,3.58,0,Closed 0 worst trades
2026.02.16 12:12:37,410038624,Magic_251101,CRITICAL_TRIM,127.53,122.97,3.58,0,Closed 0 worst trades
2026.02.16 12:12:37,410038624,Magic_251101,CRITICAL_TRIM,127.53,122.97,3.58,0,Closed 0 worst trades
2026.02.16 12:12:37,410038624,Magic_251101,CRITICAL_TRIM,127.53,122.97,3.58,0,Closed 0 worst trades
2026.02.16 12:12:38,410038624,Magic_251101,CRITICAL_TRIM,127.53,122.97,3.58,0,Closed 0 worst trades
2026.02.16 12:12:38,410038624,Magic_251101,CRITICAL_TRIM,127.53,122.97,3.58,0,Closed 0 worst trades
2026.02.16 12:12:38,410038624,Magic_251101,CRITICAL_TRIM,127.53,122.97,3.58,0,Closed 0 worst trades
2026.02.16 12:12:38,410038624,Magic_251101,CRITICAL_TRIM,127.53,122.97,3.58,0,Closed 0 worst trades
2026.02.16 12:12:39,410038624,Magic_251101,CRITICAL_TRIM,127.53,122.97,3.58,0,Closed 0 worst trades
2026.02.16 12:12:40,410038624,Magic_251101,CRITICAL_TRIM,127.53,122.97,3.58,0,Closed 0 worst trades
2026.02.16 12:12:41,410038624,Magic_251101,CRITICAL_TRIM,127.53,122.97,3.58,0,Closed 0 worst trades
2026.02.16 12:12:41,410038624,Magic_251101,CRITICAL_TRIM,127.53,122.97,3.58,0,Closed 0 worst trades
2026.02.16 12:12:41,410038624,Magic_251101,CRITICAL_TRIM,127.53,122.97,3.58,0,Closed 0 worst trades
2026.02.16 12:12:41,410038624,Magic_251101,CRITICAL_TRIM,127.53,122.97,3.58,0,Closed 0 worst trades
2026.02.16 12:12:42,410038624,Magic_251101,CRITICAL_TRIM,127.53,122.97,3.58,0,Closed 0 worst trades
2026.02.16 12:12:42,410038624,Magic_251101,CRITICAL_TRIM,127.53,122.97,3.58,0,Closed 0 worst trades
2026.02.16 12:12:42,410038624,Magic_251101,CRITICAL_TRIM,127.53,122.97,3.58,0,Closed 0 worst trades
2026.02.16 12:12:42,410038624,Magic_251101,CRITICAL_TRIM,127.53,122.97,3.58,0,Closed 0 worst trades
2026.02.16 12:12:42,410038624,Magic_251101,CRITICAL_TRIM,127.53,122.97,3.58,0,Closed 0 worst trades
2026.02.16 12:12:42,410038624,Magic_251101,CRITICAL_TRIM,127.53,122.97,3.58,0,Closed 0 worst trades
2026.02.16 12:12:42,410038624,Magic_251101,CRITICAL_TRIM,127.53,122.97,3.58,0,Closed 0 worst trades
2026.02.16 12:12:43,410038624,Magic_251101,CRITICAL_TRIM,127.53,122.97,3.58,0,Closed 0 worst trades
2026.02.16 12:12:43,410038624,Magic_251101,CRITICAL_TRIM,127.53,122.97,3.58,0,Closed 0 worst trades
2026.02.16 12:12:44,410038624,Magic_251101,CRITICAL_TRIM,127.53,122.97,3.58,0,Closed 0 worst trades
2026.02.16 12:12:44,410038624,Magic_251101,CRITICAL_TRIM,127.53,122.97,3.58,0,Closed 0 worst trades
2026.02.16 12:12:44,410038624,Magic_251101,CRITICAL_TRIM,127.53,122.97,3.58,0,Closed 0 worst trades
2026.02.16 12:12:44,410038624,Magic_251101,CRITICAL_TRIM,127.53,122.97,3.58,0,Closed 0 worst trades
2026.02.16 12:12:44,410038624,Magic_251101,CRITICAL_TRIM,127.53,122.97,3.58,0,Closed 0 worst trades
2026.02.16 12:12:44,410038624,Magic_251101,CRITICAL_TRIM,127.53,122.97,3.58,0,Closed 0 worst trades
2026.02.16 12:12:45,410038624,Magic_251101,CRITICAL_TRIM,127.53,122.97,3.58,0,Closed 0 worst trades
2026.02.16 12:12:45,410038624,Magic_251101,CRITICAL_TRIM,127.53,122.97,3.58,0,Closed 0 worst trades
2026.02.16 12:12:45,410038624,Magic_251101,CRITICAL_TRIM,127.53,122.97,3.58,0,Closed 0 worst trades
2026.02.16 12:12:45,410038624,Magic_251101,CRITICAL_TRIM,127.53,122.97,3.58,0,Closed 0 worst trades
2026.02.16 12:12:45,410038624,Magic_251101,CRITICAL_TRIM,127.53,122.97,3.58,0,Closed 0 worst trades
2026.02.16 12:12:45,410038624,Magic_251101,CRITICAL_TRIM,127.53,122.97,3.58,0,Closed 0 worst trades
2026.02.16 12:12:45,410038624,Magic_251101,CRITICAL_TRIM,127.53,122.97,3.58,0,Closed 0 worst trades
2026.02.16 12:12:45,410038624,Magic_251101,CRITICAL_TRIM,127.53,122.97,3.58,0,Closed 0 worst trades
2026.02.16 12:12:46,410038624,Magic_251101,CRITICAL_TRIM,127.53,122.97,3.58,0,Closed 0 worst trades
2026.02.16 12:12:46,410038624,Magic_251101,CRITICAL_TRIM,127.53,122.97,3.58,0,Closed 0 worst trades
2026.02.16 12:12:46,410038624,Magic_251101,CRITICAL_TRIM,127.53,122.97,3.58,0,Closed 0 worst trades
2026.02.16 12:12:46,410038624,Magic_251101,CRITICAL_TRIM,127.53,122.97,3.58,0,Closed 0 worst trades
2026.02.16 12:12:47,410038624,Magic_251101,CRITICAL_TRIM,127.53,122.97,3.58,0,Closed 0 worst trades
2026.02.16 12:12:47,410038624,Magic_251101,CRITICAL_TRIM,127.53,122.97,3.58,0,Closed 0 worst trades
2026.02.16 12:12:47,410038624,Magic_251101,CRITICAL_TRIM,127.53,122.97,3.58,0,Closed 0 worst trades
2026.02.16 12:12:47,410038624,Magic_251101,CRITICAL_TRIM,127.53,122.97,3.58,0,Closed 0 worst trades
2026.02.16 12:12:47,410038624,Magic_251101,CRITICAL_TRIM,127.53,122.97,3.58,0,Closed 0 worst trades
2026.02.16 12:12:48,410038624,Magic_251101,CRITICAL_TRIM,127.53,122.97,3.58,0,Closed 0 worst trades
2026.02.16 12:12:48,410038624,Magic_251101,CRITICAL_TRIM,127.53,122.97,3.58,0,Closed 0 worst trades
2026.02.16 12:12:48,410038624,Magic_251101,CRITICAL_TRIM,127.53,122.97,3.58,0,Closed 0 worst trades
2026.02.16 12:12:48,410038624,Magic_251101,CRITICAL_TRIM,127.53,122.97,3.58,0,Closed 0 worst trades
2026.02.16 12:12:48,410038624,Magic_251101,CRITICAL_TRIM,127.53,122.97,3.58,0,Closed 0 worst trades
2026.02.16 12:12:49,410038624,Magic_251101,CRITICAL_TRIM,127.53,122.97,3.58,0,Closed 0 worst trades
2026.02.16 12:12:49,410038624,Magic_251101,CRITICAL_TRIM,127.53,122.97,3.58,0,Closed 0 worst trades
2026.02.16 12:12:49,410038624,Magic_251101,CRITICAL_TRIM,127.53,122.97,3.58,0,Closed 0 worst trades
2026.02.16 12:12:50,410038624,Magic_251101,CRITICAL_TRIM,127.53,122.97,3.58,0,Closed 0 worst trades
2026.02.16 12:12:50,410038624,Magic_251101,CRITICAL_TRIM,127.53,122.97,3.58,0,Closed 0 worst trades
2026.02.16 12:12:50,410038624,Magic_251101,CRITICAL_TRIM,127.53,122.97,3.58,0,Closed 0 worst trades
2026.02.16 12:12:50,410038624,Magic_251101,CRITICAL_TRIM,127.53,122.97,3.58,0,Closed 0 worst trades
2026.02.16 12:12:50,410038624,Magic_251101,CRITICAL_TRIM,127.53,122.97,3.58,0,Closed 0 worst trades
2026.02.16 12:12:51,410038624,Magic_251101,CRITICAL_TRIM,127.53,122.97,3.58,0,Closed 0 worst trades
2026.02.16 12:12:51,410038624,Magic_251101,CRITICAL_TRIM,127.53,122.97,3.58,0,Closed 0 worst trades
2026.02.16 12:12:51,410038624,Magic_251101,CRITICAL_TRIM,127.53,122.97,3.58,0,Closed 0 worst trades
2026.02.16 12:12:51,410038624,Magic_251101,CRITICAL_TRIM,127.53,122.97,3.58,0,Closed 0 worst trades
2026.02.16 12:12:51,410038624,Magic_251101,CRITICAL_TRIM,127.53,122.97,3.58,0,Closed 0 worst trades
2026.02.16 12:12:51,410038624,Magic_251101,CRITICAL_TRIM,127.53,122.97,3.58,0,Closed 0 worst trades
2026.02.16 12:12:51,410038624,Magic_251101,CRITICAL_TRIM,127.53,122.97,3.58,0,Closed 0 worst trades
2026.02.16 12:12:52,410038624,Magic_251101,CRITICAL_TRIM,127.53,122.97,3.58,0,Closed 0 worst trades
2026.02.16 12:12:52,410038624,Magic_251101,CRITICAL_TRIM,127.53,122.97,3.58,0,Closed 0 worst trades
2026.02.16 12:12:53,410038624,Magic_251101,CRITICAL_TRIM,127.53,122.97,3.58,0,Closed 0 worst trades
2026.02.16 12:12:54,410038624,Magic_251101,CRITICAL_TRIM,127.53,122.97,3.58,0,Closed 0 worst trades
2026.02.16 12:12:54,410038624,Magic_251101,CRITICAL_TRIM,127.53,122.97,3.58,0,Closed 0 worst trades
2026.02.16 12:12:54,410038624,Magic_251101,CRITICAL_TRIM,127.53,122.97,3.58,0,Closed 0 worst trades
2026.02.16 12:12:54,410038624,Magic_251101,CRITICAL_TRIM,127.53,122.97,3.58,0,Closed 0 worst trades
2026.02.16 12:12:55,410038624,Magic_251101,CRITICAL_TRIM,127.53,122.97,3.58,0,Closed 0 worst trades
2026.02.16 12:12:55,410038624,Magic_251101,CRITICAL_TRIM,127.53,122.97,3.58,0,Closed 0 worst trades
2026.02.16 12:12:55,410038624,Magic_251101,CRITICAL_TRIM,127.53,122.97,3.58,0,Closed 0 worst trades
2026.02.16 12:12:55,410038624,Magic_251101,CRITICAL_TRIM,127.53,122.97,3.58,0,Closed 0 worst trades
2026.02.16 12:12:55,410038624,Magic_251101,CRITICAL_TRIM,127.53,122.97,3.58,0,Closed 0 worst trades
2026.02.16 12:12:55,410038624,Magic_251101,CRITICAL_TRIM,127.53,122.97,3.58,0,Closed 0 worst trades
2026.02.16 12:12:56,410038624,Magic_251101,CRITICAL_TRIM,127.53,122.97,3.58,0,Closed 0 worst trades
2026.02.16 12:12:56,410038624,Magic_251101,CRITICAL_TRIM,127.53,122.97,3.58,0,Closed 0 worst trades
2026.02.16 12:12:56,410038624,Magic_251101,CRITICAL_TRIM,127.53,122.97,3.58,0,Closed 0 worst trades
2026.02.16 12:12:56,410038624,Magic_251101,CRITICAL_TRIM,127.53,122.97,3.58,0,Closed 0 worst trades
2026.02.16 12:12:56,410038624,Magic_251101,CRITICAL_TRIM,127.53,122.97,3.58,0,Closed 0 worst trades
2026.02.16 12:12:57,410038624,Magic_251101,CRITICAL_TRIM,127.53,122.97,3.58,0,Closed 0 worst trades
2026.02.16 12:12:57,410038624,Magic_251101,CRITICAL_TRIM,127.53,122.97,3.58,0,Closed 0 worst trades
2026.02.16 12:12:57,410038624,Magic_251101,CRITICAL_TRIM,127.53,122.97,3.58,0,Closed 0 worst trades
2026.02.16 12:12:57,410038624,Magic_251101,CRITICAL_TRIM,127.53,122.97,3.58,0,Closed 0 worst trades
2026.02.16 12:12:58,410038624,Magic_251101,CRITICAL_TRIM,127.53,122.97,3.58,0,Closed 0 worst trades
2026.02.16 12:12:58,410038624,Magic_251101,CRITICAL_TRIM,127.53,122.97,3.58,0,Closed 0 worst trades
2026.02.16 12:12:58,410038624,Magic_251101,CRITICAL_TRIM,127.53,122.97,3.58,0,Closed 0 worst trades
2026.02.16 12:12:58,410038624,Magic_251101,CRITICAL_TRIM,127.53,122.97,3.58,0,Closed 0 worst trades
2026.02.16 12:12:59,410038624,Magic_251101,CRITICAL_TRIM,127.53,122.97,3.58,0,Closed 0 worst trades
2026.02.16 12:12:59,410038624,Magic_251101,CRITICAL_TRIM,127.53,122.97,3.58,0,Closed 0 worst trades
2026.02.16 12:12:59,410038624,Magic_251101,CRITICAL_TRIM,127.53,122.97,3.58,0,Closed 0 worst trades
2026.02.16 12:12:59,410038624,Magic_251101,CRITICAL_TRIM,127.53,122.97,3.58,0,Closed 0 worst trades
2026.02.16 12:12:59,410038624,Magic_251101,CRITICAL_TRIM,127.53,122.97,3.58,0,Closed 0 worst trades
2026.02.16 12:13:00,410038624,Magic_251101,CRITICAL_TRIM,127.53,122.97,3.58,0,Closed 0 worst trades
2026.02.16 12:13:00,410038624,Magic_251101,CRITICAL_TRIM,127.53,122.97,3.58,0,Closed 0 worst trades
2026.02.16 12:13:00,410038624,Magic_251101,CRITICAL_TRIM,127.53,122.97,3.58,0,Closed 0 worst trades
2026.02.16 12:13:00,410038624,Magic_251101,CRITICAL_TRIM,127.53,122.97,3.58,0,Closed 0 worst trades
2026.02.16 12:13:00,410038624,Magic_251101,CRITICAL_TRIM,127.53,122.97,3.58,0,Closed 0 worst trades
2026.02.16 12:13:01,410038624,Magic_251101,CRITICAL_TRIM,127.53,122.97,3.58,0,Closed 0 worst trades
2026.02.16 12:13:01,410038624,Magic_251101,CRITICAL_TRIM,127.53,122.97,3.58,0,Closed 0 worst trades
2026.02.16 12:13:01,410038624,Magic_251101,CRITICAL_TRIM,127.53,122.97,3.58,0,Closed 0 worst trades
2026.02.16 12:13:01,410038624,Magic_251101,CRITICAL_TRIM,127.53,122.97,3.58,0,Closed 0 worst trades
2026.02.16 12:13:01,410038624,Magic_251101,CRITICAL_TRIM,127.53,122.97,3.58,0,Closed 0 worst trades
2026.02.16 12:13:01,410038624,Magic_251101,CRITICAL_TRIM,127.53,122.97,3.58,0,Closed 0 worst trades
2026.02.16 12:13:02,410038624,Magic_251101,CRITICAL_TRIM,127.53,122.97,3.58,0,Closed 0 worst trades
2026.02.16 12:13:02,410038624,Magic_251101,CRITICAL_TRIM,127.53,122.97,3.58,0,Closed 0 worst trades
2026.02.16 12:13:02,410038624,Magic_251101,CRITICAL_TRIM,127.53,122.97,3.58,0,Closed 0 worst trades
2026.02.16 12:13:02,410038624,Magic_251101,CRITICAL_TRIM,127.53,122.97,3.58,0,Closed 0 worst trades
2026.02.16 12:13:02,410038624,Magic_251101,CRITICAL_TRIM,127.53,122.97,3.58,0,Closed 0 worst trades
2026.02.16 12:13:02,410038624,Magic_251101,CRITICAL_TRIM,127.53,122.97,3.58,0,Closed 0 worst trades
2026.02.16 12:13:03,410038624,Magic_251101,CRITICAL_TRIM,127.53,122.97,3.58,0,Closed 0 worst trades
2026.02.16 12:13:03,410038624,Magic_251101,CRITICAL_TRIM,127.53,122.97,3.58,0,Closed 0 worst trades
2026.02.16 12:13:03,410038624,Magic_251101,CRITICAL_TRIM,127.53,122.97,3.58,0,Closed 0 worst trades
2026.02.16 12:13:03,410038624,Magic_251101,CRITICAL_TRIM,127.53,122.97,3.58,0,Closed 0 worst trades
2026.02.16 12:13:03,410038624,Magic_251101,CRITICAL_TRIM,127.53,122.97,3.58,0,Closed 0 worst trades
2026.02.16 12:13:04,410038624,Magic_251101,CRITICAL_TRIM,127.53,122.97,3.58,0,Closed 0 worst trades
2026.02.16 12:13:05,410038624,Magic_251101,CRITICAL_TRIM,127.53,122.97,3.58,0,Closed 0 worst trades
2026.02.16 12:13:05,410038624,Magic_251101,CRITICAL_TRIM,127.53,122.97,3.58,0,Closed 0 worst trades
2026.02.16 12:13:05,410038624,Magic_251101,CRITICAL_TRIM,127.53,122.97,3.58,0,Closed 0 worst trades
2026.02.16 12:13:06,410038624,Magic_251101,CRITICAL_TRIM,127.53,122.97,3.58,0,Closed 0 worst trades
2026.02.16 12:13:06,410038624,Magic_251101,CRITICAL_TRIM,127.53,122.97,3.58,0,Closed 0 worst trades
2026.02.16 12:13:06,410038624,Magic_251101,CRITICAL_TRIM,127.53,122.97,3.58,0,Closed 0 worst trades
2026.02.16 12:13:07,410038624,Magic_251101,CRITICAL_TRIM,127.53,122.97,3.58,0,Closed 0 worst trades
2026.02.16 12:13:07,410038624,Magic_251101,CRITICAL_TRIM,127.53,122.97,3.58,0,Closed 0 worst trades
2026.02.16 12:13:08,410038624,Magic_251101,CRITICAL_TRIM,127.53,122.97,3.58,0,Closed 0 worst trades
2026.02.16 12:13:08,410038624,Magic_251101,CRITICAL_TRIM,127.53,122.97,3.58,0,Closed 0 worst trades
2026.02.16 12:13:08,410038624,Magic_251101,CRITICAL_TRIM,127.53,122.97,3.58,0,Closed 0 worst trades
2026.02.16 12:13:08,410038624,Magic_251101,CRITICAL_TRIM,127.53,122.97,3.58,0,Closed 0 worst trades
2026.02.16 12:13:08,410038624,Magic_251101,CRITICAL_TRIM,127.53,122.97,3.58,0,Closed 0 worst trades
2026.02.16 12:13:09,410038624,Magic_251101,CRITICAL_TRIM,127.53,122.97,3.58,0,Closed 0 worst trades
2026.02.16 12:13:09,410038624,Magic_251101,CRITICAL_TRIM,127.53,122.97,3.58,0,Closed 0 worst trades
2026.02.16 12:13:09,410038624,Magic_251101,CRITICAL_TRIM,127.53,122.97,3.58,0,Closed 0 worst trades
2026.02.16 12:13:09,410038624,Magic_251101,CRITICAL_TRIM,127.53,122.97,3.58,0,Closed 0 worst trades
2026.02.16 12:13:09,410038624,Magic_251101,CRITICAL_TRIM,127.53,122.97,3.58,0,Closed 0 worst trades
2026.02.16 12:13:10,410038624,Magic_251101,CRITICAL_TRIM,127.53,122.97,3.58,0,Closed 0 worst trades
2026.02.16 12:13:10,410038624,Magic_251101,CRITICAL_TRIM,127.53,122.97,3.58,0,Closed 0 worst trades
2026.02.16 12:13:10,410038624,Magic_251101,CRITICAL_TRIM,127.53,122.97,3.58,0,Closed 0 worst trades
2026.02.16 12:13:10,410038624,Magic_251101,CRITICAL_TRIM,127.53,122.97,3.58,0,Closed 0 worst trades
2026.02.16 12:13:10,410038624,Magic_251101,CRITICAL_TRIM,127.53,122.97,3.58,0,Closed 0 worst trades
2026.02.16 12:13:10,410038624,Magic_251101,CRITICAL_TRIM,127.53,122.97,3.58,0,Closed 0 worst trades
2026.02.16 12:13:10,410038624,Magic_251101,CRITICAL_TRIM,127.53,122.97,3.58,0,Closed 0 worst trades
2026.02.16 12:13:11,410038624,Magic_251101,CRITICAL_TRIM,127.53,122.97,3.58,0,Closed 0 worst trades
2026.02.16 12:13:11,410038624,Magic_251101,CRITICAL_TRIM,127.53,122.97,3.58,0,Closed 0 worst trades
2026.02.16 12:13:11,410038624,Magic_251101,CRITICAL_TRIM,127.53,122.97,3.58,0,Closed 0 worst trades
2026.02.16 12:13:11,410038624,Magic_251101,CRITICAL_TRIM,127.53,122.97,3.58,0,Closed 0 worst trades
2026.02.16 12:13:12,410038624,Magic_251101,CRITICAL_TRIM,127.53,122.97,3.58,0,Closed 0 worst trades
2026.02.16 12:13:12,410038624,Magic_251101,CRITICAL_TRIM,127.53,122.97,3.58,0,Closed 0 worst trades
2026.02.16 12:13:12,410038624,Magic_251101,CRITICAL_TRIM,127.53,122.97,3.58,0,Closed 0 worst trades
2026.02.16 12:13:12,410038624,Magic_251101,CRITICAL_TRIM,127.53,122.97,3.58,0,Closed 0 worst trades
2026.02.16 12:13:13,410038624,Magic_251101,CRITICAL_TRIM,127.53,122.97,3.58,0,Closed 0 worst trades
2026.02.16 12:13:13,410038624,Magic_251101,CRITICAL_TRIM,127.53,122.97,3.58,0,Closed 0 worst trades
2026.02.16 12:13:13,410038624,Magic_251101,CRITICAL_TRIM,127.53,122.97,3.58,0,Closed 0 worst trades
2026.02.16 12:13:13,410038624,Magic_251101,CRITICAL_TRIM,127.53,122.97,3.58,0,Closed 0 worst trades
2026.02.16 12:13:13,410038624,Magic_251101,CRITICAL_TRIM,127.53,122.97,3.58,0,Closed 0 worst trades
2026.02.16 12:13:13,410038624,Magic_251101,CRITICAL_TRIM,127.53,122.97,3.58,0,Closed 0 worst trades
2026.02.16 12:13:14,410038624,Magic_251101,CRITICAL_TRIM,127.53,122.97,3.58,0,Closed 0 worst trades
2026.02.16 12:13:14,410038624,Magic_251101,CRITICAL_TRIM,127.53,122.97,3.58,0,Closed 0 worst trades
2026.02.16 12:13:14,410038624,Magic_251101,CRITICAL_TRIM,127.53,122.97,3.58,0,Closed 0 worst trades
2026.02.16 12:13:14,410038624,Magic_251101,CRITICAL_TRIM,127.53,122.97,3.58,0,Closed 0 worst trades
2026.02.16 12:13:15,410038624,Magic_251101,CRITICAL_TRIM,127.53,122.97,3.58,0,Closed 0 worst trades
2026.02.16 12:13:15,410038624,Magic_251101,CRITICAL_TRIM,127.53,122.97,3.58,0,Closed 0 worst trades
2026.02.16 12:13:15,410038624,Magic_251101,CRITICAL_TRIM,127.53,122.97,3.58,0,Closed 0 worst trades
2026.02.16 12:13:15,410038624,Magic_251101,CRITICAL_TRIM,127.53,122.97,3.58,0,Closed 0 worst trades
2026.02.16 12:13:15,410038624,Magic_251101,CRITICAL_TRIM,127.53,122.97,3.58,0,Closed 0 worst trades
2026.02.16 12:13:16,410038624,Magic_251101,CRITICAL_TRIM,127.53,122.97,3.58,0,Closed 0 worst trades
2026.02.16 12:13:16,410038624,Magic_251101,CRITICAL_TRIM,127.53,122.97,3.58,0,Closed 0 worst trades
2026.02.16 12:13:17,410038624,Magic_251101,CRITICAL_TRIM,127.53,122.97,3.58,0,Closed 0 worst trades
2026.02.16 12:13:17,410038624,Magic_251101,CRITICAL_TRIM,127.53,122.97,3.58,0,Closed 0 worst trades
2026.02.16 12:13:19,410038624,Magic_251101,CRITICAL_TRIM,127.53,122.97,3.58,0,Closed 0 worst trades
2026.02.16 12:13:21,410038624,Magic_251101,CRITICAL_TRIM,127.53,122.97,3.58,0,Closed 0 worst trades
2026.02.16 12:13:21,410038624,Magic_251101,CRITICAL_TRIM,127.53,122.97,3.58,0,Closed 0 worst trades
2026.02.16 12:13:23,410038624,Magic_251101,CRITICAL_TRIM,127.53,122.97,3.58,0,Closed 0 worst trades
2026.02.16 12:13:23,410038624,Magic_251101,CRITICAL_TRIM,127.53,122.97,3.58,0,Closed 0 worst trades
2026.02.16 12:13:23,410038624,Magic_251101,CRITICAL_TRIM,127.53,122.97,3.58,0,Closed 0 worst trades
2026.02.16 12:13:24,410038624,Magic_251101,CRITICAL_TRIM,127.53,122.97,3.58,0,Closed 0 worst trades
2026.02.16 12:13:24,410038624,Magic_251101,CRITICAL_TRIM,127.53,122.97,3.58,0,Closed 0 worst trades
2026.02.16 12:13:24,410038624,Magic_251101,CRITICAL_TRIM,127.53,122.97,3.58,0,Closed 0 worst trades
2026.02.16 12:13:24,410038624,Magic_251101,CRITICAL_TRIM,127.53,122.97,3.58,0,Closed 0 worst trades
2026.02.16 12:13:24,410038624,Magic_251101,CRITICAL_TRIM,127.53,122.97,3.58,0,Closed 0 worst trades
2026.02.16 12:13:24,410038624,Magic_251101,CRITICAL_TRIM,127.53,122.97,3.58,0,Closed 0 worst trades
2026.02.16 12:13:25,410038624,Magic_251101,CRITICAL_TRIM,127.53,122.97,3.58,0,Closed 0 worst trades
2026.02.16 12:13:25,410038624,Magic_251101,CRITICAL_TRIM,127.53,122.97,3.58,0,Closed 0 worst trades
2026.02.16 12:13:25,410038624,Magic_251101,CRITICAL_TRIM,127.53,122.97,3.58,0,Closed 0 worst trades
2026.02.16 12:13:25,410038624,Magic_251101,CRITICAL_TRIM,127.53,122.97,3.58,0,Closed 0 worst trades
2026.02.16 12:13:25,410038624,Magic_251101,CRITICAL_TRIM,127.53,122.97,3.58,0,Closed 0 worst trades
2026.02.16 12:13:25,410038624,Magic_251101,CRITICAL_TRIM,127.53,122.97,3.58,0,Closed 0 worst trades
2026.02.16 12:13:25,410038624,Magic_251101,CRITICAL_TRIM,127.53,122.97,3.58,0,Closed 0 worst trades
2026.02.16 12:13:26,410038624,Magic_251101,CRITICAL_TRIM,127.53,122.97,3.58,0,Closed 0 worst trades
2026.02.16 12:13:26,410038624,Magic_251101,CRITICAL_TRIM,127.53,122.97,3.58,0,Closed 0 worst trades
2026.02.16 12:13:26,410038624,Magic_251101,CRITICAL_TRIM,127.53,122.97,3.58,0,Closed 0 worst trades
2026.02.16 12:13:27,410038624,Magic_251101,CRITICAL_TRIM,127.53,122.97,3.58,0,Closed 0 worst trades
2026.02.16 12:13:27,410038624,Magic_251101,CRITICAL_TRIM,127.53,122.97,3.58,0,Closed 0 worst trades
2026.02.16 12:13:27,410038624,Magic_251101,CRITICAL_TRIM,127.53,122.97,3.58,0,Closed 0 worst trades
2026.02.16 12:13:27,410038624,Magic_251101,CRITICAL_TRIM,127.53,122.97,3.58,0,Closed 0 worst trades
2026.02.16 12:13:28,410038624,Magic_251101,CRITICAL_TRIM,127.53,122.97,3.58,0,Closed 0 worst trades
2026.02.16 12:13:28,410038624,Magic_251101,CRITICAL_TRIM,127.53,122.97,3.58,0,Closed 0 worst trades
2026.02.16 12:13:28,410038624,Magic_251101,CRITICAL_TRIM,127.53,122.97,3.58,0,Closed 0 worst trades
2026.02.16 12:13:28,410038624,Magic_251101,CRITICAL_TRIM,127.53,122.97,3.58,0,Closed 0 worst trades
2026.02.16 12:13:28,410038624,Magic_251101,CRITICAL_TRIM,127.53,122.97,3.58,0,Closed 0 worst trades
2026.02.16 12:13:28,410038624,Magic_251101,CRITICAL_TRIM,127.53,122.97,3.58,0,Closed 0 worst trades
2026.02.16 12:13:28,410038624,Magic_251101,CRITICAL_TRIM,127.53,122.97,3.58,0,Closed 0 worst trades
2026.02.16 12:13:28,410038624,Magic_251101,CRITICAL_TRIM,127.53,122.97,3.58,0,Closed 0 worst trades
2026.02.16 12:13:29,410038624,Magic_251101,CRITICAL_TRIM,127.53,122.97,3.58,0,Closed 0 worst trades
2026.02.16 12:13:29,410038624,Magic_251101,CRITICAL_TRIM,127.53,122.97,3.58,0,Closed 0 worst trades
2026.02.16 12:13:29,410038624,Magic_251101,CRITICAL_TRIM,127.53,122.97,3.58,0,Closed 0 worst trades
2026.02.16 12:13:29,410038624,Magic_251101,CRITICAL_TRIM,127.53,122.97,3.58,0,Closed 0 worst trades
2026.02.16 12:13:29,410038624,Magic_251101,CRITICAL_TRIM,127.53,122.97,3.58,0,Closed 0 worst trades
2026.02.16 12:13:29,410038624,Magic_251101,CRITICAL_TRIM,127.53,122.97,3.58,0,Closed 0 worst trades
2026.02.16 12:13:30,410038624,Magic_251101,CRITICAL_TRIM,127.53,122.97,3.58,0,Closed 0 worst trades
2026.02.16 12:13:30,410038624,Magic_251101,CRITICAL_TRIM,127.53,122.97,3.58,0,Closed 0 worst trades
2026.02.16 12:13:30,410038624,Magic_251101,CRITICAL_TRIM,127.53,122.97,3.58,0,Closed 0 worst trades
2026.02.16 12:13:30,410038624,Magic_251101,CRITICAL_TRIM,127.53,122.97,3.58,0,Closed 0 worst trades
2026.02.16 12:13:30,410038624,Magic_251101,CRITICAL_TRIM,127.53,122.97,3.58,0,Closed 0 worst trades
2026.02.16 12:13:30,410038624,Magic_251101,CRITICAL_TRIM,127.53,122.97,3.58,0,Closed 0 worst trades
2026.02.16 12:13:30,410038624,Magic_251101,CRITICAL_TRIM,127.53,122.97,3.58,0,Closed 0 worst trades
2026.02.16 12:13:30,410038624,Magic_251101,CRITICAL_TRIM,127.53,122.97,3.58,0,Closed 0 worst trades
2026.02.16 12:13:31,410038624,Magic_251101,CRITICAL_TRIM,127.53,122.97,3.58,0,Closed 0 worst trades
2026.02.16 12:13:31,410038624,Magic_251101,CRITICAL_TRIM,127.53,122.97,3.58,0,Closed 0 worst trades
2026.02.16 12:13:31,410038624,Magic_251101,CRITICAL_TRIM,127.53,122.97,3.58,0,Closed 0 worst trades
2026.02.16 12:13:32,410038624,Magic_251101,CRITICAL_TRIM,127.53,122.97,3.58,0,Closed 0 worst trades
2026.02.16 12:13:32,410038624,Magic_251101,CRITICAL_TRIM,127.53,122.97,3.58,0,Closed 0 worst trades
2026.02.16 12:13:33,410038624,Magic_251101,CRITICAL_TRIM,127.53,122.97,3.58,0,Closed 0 worst trades
2026.02.16 12:13:33,410038624,Magic_251101,CRITICAL_TRIM,127.53,122.97,3.58,0,Closed 0 worst trades
2026.02.16 12:13:33,410038624,Magic_251101,CRITICAL_TRIM,127.53,122.97,3.58,0,Closed 0 worst trades
2026.02.16 12:13:33,410038624,Magic_251101,CRITICAL_TRIM,127.53,122.97,3.58,0,Closed 0 worst trades
2026.02.16 12:13:34,410038624,Magic_251101,CRITICAL_TRIM,127.53,122.97,3.58,0,Closed 0 worst trades
2026.02.16 12:13:34,410038624,Magic_251101,CRITICAL_TRIM,127.53,122.97,3.58,0,Closed 0 worst trades
2026.02.16 12:13:34,410038624,Magic_251101,CRITICAL_TRIM,127.53,122.97,3.58,0,Closed 0 worst trades
2026.02.16 12:13:34,410038624,Magic_251101,CRITICAL_TRIM,127.53,122.97,3.58,0,Closed 0 worst trades
2026.02.16 12:13:34,410038624,Magic_251101,CRITICAL_TRIM,127.53,122.97,3.58,0,Closed 0 worst trades
2026.02.16 12:13:34,410038624,Magic_251101,CRITICAL_TRIM,127.53,122.97,3.58,0,Closed 0 worst trades
2026.02.16 12:13:35,410038624,Magic_251101,CRITICAL_TRIM,127.53,122.97,3.58,0,Closed 0 worst trades
2026.02.16 12:13:35,410038624,Magic_251101,CRITICAL_TRIM,127.53,122.97,3.58,0,Closed 0 worst trades
2026.02.16 12:13:35,410038624,Magic_251101,CRITICAL_TRIM,127.53,122.97,3.58,0,Closed 0 worst trades
2026.02.16 12:13:35,410038624,Magic_251101,CRITICAL_TRIM,127.53,122.97,3.58,0,Closed 0 worst trades
2026.02.16 12:13:35,410038624,Magic_251101,CRITICAL_TRIM,127.53,122.97,3.58,0,Closed 0 worst trades
2026.02.16 12:13:35,410038624,Magic_251101,CRITICAL_TRIM,127.53,122.97,3.58,0,Closed 0 worst trades
2026.02.16 12:13:35,410038624,Magic_251101,CRITICAL_TRIM,127.53,122.97,3.58,0,Closed 0 worst trades
2026.02.16 12:13:36,410038624,Magic_251101,CRITICAL_TRIM,127.53,122.97,3.58,0,Closed 0 worst trades
2026.02.16 12:13:36,410038624,Magic_251101,CRITICAL_TRIM,127.53,122.97,3.58,0,Closed 0 worst trades
2026.02.16 12:13:36,410038624,Magic_251101,CRITICAL_TRIM,127.53,122.97,3.58,0,Closed 0 worst trades
2026.02.16 12:13:37,410038624,Magic_251101,CRITICAL_TRIM,127.53,122.97,3.58,0,Closed 0 worst trades
2026.02.16 12:13:37,410038624,Magic_251101,CRITICAL_TRIM,127.53,122.97,3.58,0,Closed 0 worst trades
2026.02.16 12:13:39,410038624,Magic_251101,CRITICAL_TRIM,127.53,122.97,3.58,0,Closed 0 worst trades
2026.02.16 12:13:39,410038624,Magic_251101,CRITICAL_TRIM,127.53,122.97,3.58,0,Closed 0 worst trades
2026.02.16 12:13:41,410038624,Magic_251101,CRITICAL_TRIM,127.53,122.97,3.58,0,Closed 0 worst trades
2026.02.16 12:13:41,410038624,Magic_251101,CRITICAL_TRIM,127.53,122.97,3.58,0,Closed 0 worst trades
2026.02.16 12:13:41,410038624,Magic_251101,CRITICAL_TRIM,127.53,122.97,3.58,0,Closed 0 worst trades
2026.02.16 12:13:42,410038624,Magic_251101,CRITICAL_TRIM,127.53,122.97,3.58,0,Closed 0 worst trades
2026.02.16 12:13:42,410038624,Magic_251101,CRITICAL_TRIM,127.53,122.97,3.58,0,Closed 0 worst trades
2026.02.16 12:13:42,410038624,Magic_251101,CRITICAL_TRIM,127.53,122.97,3.58,0,Closed 0 worst trades
2026.02.16 12:13:42,410038624,Magic_251101,CRITICAL_TRIM,127.53,122.97,3.58,0,Closed 0 worst trades
2026.02.16 12:13:43,410038624,Magic_251101,CRITICAL_TRIM,127.53,122.97,3.58,0,Closed 0 worst trades
2026.02.16 12:13:43,410038624,Magic_251101,CRITICAL_TRIM,127.53,122.97,3.58,0,Closed 0 worst trades
2026.02.16 12:13:43,410038624,Magic_251101,CRITICAL_TRIM,127.53,122.97,3.58,0,Closed 0 worst trades
2026.02.16 12:13:43,410038624,Magic_251101,CRITICAL_TRIM,127.53,122.97,3.58,0,Closed 0 worst trades
2026.02.16 12:13:43,410038624,Magic_251101,CRITICAL_TRIM,127.53,122.97,3.58,0,Closed 0 worst trades
2026.02.16 12:13:43,410038624,Magic_251101,CRITICAL_TRIM,127.53,122.97,3.58,0,Closed 0 worst trades
2026.02.16 12:13:44,410038624,Magic_251101,CRITICAL_TRIM,127.53,122.97,3.58,0,Closed 0 worst trades
2026.02.16 12:13:44,410038624,Magic_251101,CRITICAL_TRIM,127.53,122.97,3.58,0,Closed 0 worst trades
2026.02.16 12:13:44,410038624,Magic_251101,CRITICAL_TRIM,127.53,122.97,3.58,0,Closed 0 worst trades
2026.02.16 12:13:44,410038624,Magic_251101,CRITICAL_TRIM,127.53,122.97,3.58,0,Closed 0 worst trades
2026.02.16 12:13:44,410038624,Magic_251101,CRITICAL_TRIM,127.53,122.97,3.58,0,Closed 0 worst trades
2026.02.16 12:13:44,410038624,Magic_251101,CRITICAL_TRIM,127.53,122.97,3.58,0,Closed 0 worst trades
2026.02.16 12:13:44,410038624,Magic_251101,CRITICAL_TRIM,127.53,122.97,3.58,0,Closed 0 worst trades
2026.02.16 12:13:44,410038624,Magic_251101,CRITICAL_TRIM,127.53,122.97,3.58,0,Closed 0 worst trades
2026.02.16 12:13:44,410038624,Magic_251101,CRITICAL_TRIM,127.53,122.97,3.58,0,Closed 0 worst trades
2026.02.16 12:13:45,410038624,Magic_251101,CRITICAL_TRIM,127.53,122.97,3.58,0,Closed 0 worst trades
2026.02.16 12:13:45,410038624,Magic_251101,CRITICAL_TRIM,127.53,122.97,3.58,0,Closed 0 worst trades
2026.02.16 12:13:45,410038624,Magic_251101,CRITICAL_TRIM,127.53,122.97,3.58,0,Closed 0 worst trades
2026.02.16 12:13:45,410038624,Magic_251101,CRITICAL_TRIM,127.53,122.97,3.58,0,Closed 0 worst trades
2026.02.16 12:13:45,410038624,Magic_251101,CRITICAL_TRIM,127.53,122.97,3.58,0,Closed 0 worst trades
2026.02.16 12:13:45,410038624,Magic_251101,CRITICAL_TRIM,127.53,122.97,3.58,0,Closed 0 worst trades
2026.02.16 12:13:46,410038624,Magic_251101,CRITICAL_TRIM,127.53,122.97,3.58,0,Closed 0 worst trades
2026.02.16 12:13:46,410038624,Magic_251101,CRITICAL_TRIM,127.53,122.97,3.58,0,Closed 0 worst trades
2026.02.16 12:13:46,410038624,Magic_251101,CRITICAL_TRIM,127.53,122.97,3.58,0,Closed 0 worst trades
2026.02.16 12:13:46,410038624,Magic_251101,CRITICAL_TRIM,127.53,122.97,3.58,0,Closed 0 worst trades
2026.02.16 12:13:46,410038624,Magic_251101,CRITICAL_TRIM,127.53,122.97,3.58,0,Closed 0 worst trades
2026.02.16 12:13:46,410038624,Magic_251101,CRITICAL_TRIM,127.53,122.97,3.58,0,Closed 0 worst trades
2026.02.16 12:13:47,410038624,Magic_251101,CRITICAL_TRIM,127.53,122.97,3.58,0,Closed 0 worst trades
2026.02.16 12:13:47,410038624,Magic_251101,CRITICAL_TRIM,127.53,122.97,3.58,0,Closed 0 worst trades
2026.02.16 12:13:47,410038624,Magic_251101,CRITICAL_TRIM,127.53,122.97,3.58,0,Closed 0 worst trades
2026.02.16 12:13:47,410038624,Magic_251101,CRITICAL_TRIM,127.53,122.97,3.58,0,Closed 0 worst trades
2026.02.16 12:13:48,410038624,Magic_251101,CRITICAL_TRIM,127.53,122.97,3.58,0,Closed 0 worst trades
2026.02.16 12:13:48,410038624,Magic_251101,CRITICAL_TRIM,127.53,122.97,3.58,0,Closed 0 worst trades
2026.02.16 12:13:48,410038624,Magic_251101,CRITICAL_TRIM,127.53,122.97,3.58,0,Closed 0 worst trades
2026.02.16 12:13:48,410038624,Magic_251101,CRITICAL_TRIM,127.53,122.97,3.58,0,Closed 0 worst trades
2026.02.16 12:13:48,410038624,Magic_251101,CRITICAL_TRIM,127.53,122.97,3.58,0,Closed 0 worst trades
2026.02.16 12:13:48,410038624,Magic_251101,CRITICAL_TRIM,127.53,122.97,3.58,0,Closed 0 worst trades
2026.02.16 12:13:48,410038624,Magic_251101,CRITICAL_TRIM,127.53,122.97,3.58,0,Closed 0 worst trades
2026.02.16 12:13:49,410038624,Magic_251101,CRITICAL_TRIM,127.53,122.97,3.58,0,Closed 0 worst trades
2026.02.16 12:13:49,410038624,Magic_251101,CRITICAL_TRIM,127.53,122.97,3.58,0,Closed 0 worst trades
2026.02.16 12:13:49,410038624,Magic_251101,CRITICAL_TRIM,127.53,122.97,3.58,0,Closed 0 worst trades
2026.02.16 12:13:49,410038624,Magic_251101,CRITICAL_TRIM,127.53,122.97,3.58,0,Closed 0 worst trades
2026.02.16 12:13:49,410038624,Magic_251101,CRITICAL_TRIM,127.53,122.97,3.58,0,Closed 0 worst trades
2026.02.16 12:13:49,410038624,Magic_251101,CRITICAL_TRIM,127.53,122.97,3.58,0,Closed 0 worst trades
2026.02.16 12:13:50,410038624,Magic_251101,CRITICAL_TRIM,127.53,122.97,3.58,0,Closed 0 worst trades
2026.02.16 12:13:50,410038624,Magic_251101,CRITICAL_TRIM,127.53,122.97,3.58,0,Closed 0 worst trades
2026.02.16 12:13:50,410038624,Magic_251101,CRITICAL_TRIM,127.53,122.97,3.58,0,Closed 0 worst trades
2026.02.16 12:13:50,410038624,Magic_251101,CRITICAL_TRIM,127.53,122.97,3.58,0,Closed 0 worst trades
2026.02.16 12:13:50,410038624,Magic_251101,CRITICAL_TRIM,127.53,122.97,3.58,0,Closed 0 worst trades
2026.02.16 12:13:50,410038624,Magic_251101,CRITICAL_TRIM,127.53,122.97,3.58,0,Closed 0 worst trades
2026.02.16 12:13:51,410038624,Magic_251101,CRITICAL_TRIM,127.53,122.97,3.58,0,Closed 0 worst trades
2026.02.16 12:13:51,410038624,Magic_251101,CRITICAL_TRIM,127.53,122.97,3.58,0,Closed 0 worst trades
2026.02.16 12:13:51,410038624,Magic_251101,CRITICAL_TRIM,127.53,122.97,3.58,0,Closed 0 worst trades
2026.02.16 12:13:51,410038624,Magic_251101,CRITICAL_TRIM,127.53,122.97,3.58,0,Closed 0 worst trades
2026.02.16 12:13:51,410038624,Magic_251101,CRITICAL_TRIM,127.53,122.97,3.58,0,Closed 0 worst trades
2026.02.16 12:13:52,410038624,Magic_251101,CRITICAL_TRIM,127.53,122.97,3.58,0,Closed 0 worst trades
2026.02.16 12:13:52,410038624,Magic_251101,CRITICAL_TRIM,127.53,122.97,3.58,0,Closed 0 worst trades
2026.02.16 12:13:52,410038624,Magic_251101,CRITICAL_TRIM,127.53,122.97,3.58,0,Closed 0 worst trades
2026.02.16 12:13:52,410038624,Magic_251101,CRITICAL_TRIM,127.53,122.97,3.58,0,Closed 0 worst trades
2026.02.16 12:13:52,410038624,Magic_251101,CRITICAL_TRIM,127.53,122.97,3.58,0,Closed 0 worst trades
2026.02.16 12:13:52,410038624,Magic_251101,CRITICAL_TRIM,127.53,122.97,3.58,0,Closed 0 worst trades
2026.02.16 12:13:52,410038624,Magic_251101,CRITICAL_TRIM,127.53,122.97,3.58,0,Closed 0 worst trades
2026.02.16 12:13:53,410038624,Magic_251101,CRITICAL_TRIM,127.53,122.97,3.58,0,Closed 0 worst trades
2026.02.16 12:13:53,410038624,Magic_251101,CRITICAL_TRIM,127.53,122.97,3.58,0,Closed 0 worst trades
2026.02.16 12:13:53,410038624,Magic_251101,CRITICAL_TRIM,127.53,122.97,3.58,0,Closed 0 worst trades
2026.02.16 12:13:53,410038624,Magic_251101,CRITICAL_TRIM,127.53,122.97,3.58,0,Closed 0 worst trades
2026.02.16 12:13:53,410038624,Magic_251101,CRITICAL_TRIM,127.53,122.97,3.58,0,Closed 0 worst trades
2026.02.16 12:13:53,410038624,Magic_251101,CRITICAL_TRIM,127.53,122.97,3.58,0,Closed 0 worst trades
2026.02.16 12:13:54,410038624,Magic_251101,CRITICAL_TRIM,127.53,122.97,3.58,0,Closed 0 worst trades
2026.02.16 12:13:54,410038624,Magic_251101,CRITICAL_TRIM,127.53,122.97,3.58,0,Closed 0 worst trades
2026.02.16 12:13:54,410038624,Magic_251101,CRITICAL_TRIM,127.53,122.97,3.58,0,Closed 0 worst trades
2026.02.16 12:13:55,410038624,Magic_251101,CRITICAL_TRIM,127.53,122.97,3.58,0,Closed 0 worst trades
2026.02.16 12:13:55,410038624,Magic_251101,CRITICAL_TRIM,127.53,122.97,3.58,0,Closed 0 worst trades
2026.02.16 12:13:55,410038624,Magic_251101,CRITICAL_TRIM,127.53,122.97,3.58,0,Closed 0 worst trades
2026.02.16 12:13:56,410038624,Magic_251101,CRITICAL_TRIM,127.53,122.97,3.58,0,Closed 0 worst trades
2026.02.16 12:13:57,410038624,Magic_251101,CRITICAL_TRIM,127.53,122.97,3.58,0,Closed 0 worst trades
2026.02.16 12:13:57,410038624,Magic_251101,CRITICAL_TRIM,127.53,122.97,3.58,0,Closed 0 worst trades
2026.02.16 12:13:58,410038624,Magic_251101,CRITICAL_TRIM,127.53,122.97,3.58,0,Closed 0 worst trades
2026.02.16 12:13:59,410038624,Magic_251101,CRITICAL_TRIM,127.53,122.97,3.58,0,Closed 0 worst trades
2026.02.16 12:13:59,410038624,Magic_251101,CRITICAL_TRIM,127.53,122.97,3.58,0,Closed 0 worst trades
2026.02.16 12:14:00,410038624,Magic_251101,CRITICAL_TRIM,127.53,122.97,3.58,0,Closed 0 worst trades
2026.02.16 12:14:01,410038624,Magic_251101,CRITICAL_TRIM,127.53,122.97,3.58,0,Closed 0 worst trades
2026.02.16 12:14:01,410038624,Magic_251101,CRITICAL_TRIM,127.53,122.97,3.58,0,Closed 0 worst trades
2026.02.16 12:14:01,410038624,Magic_251101,CRITICAL_TRIM,127.53,122.97,3.58,0,Closed 0 worst trades
2026.02.16 12:14:01,410038624,Magic_251101,CRITICAL_TRIM,127.53,122.97,3.58,0,Closed 0 worst trades
2026.02.16 12:14:01,410038624,Magic_251101,CRITICAL_TRIM,127.53,122.97,3.58,0,Closed 0 worst trades
2026.02.16 12:14:01,410038624,Magic_251101,CRITICAL_TRIM,127.53,122.97,3.58,0,Closed 0 worst trades
2026.02.16 12:14:01,410038624,Magic_251101,CRITICAL_TRIM,127.53,122.97,3.58,0,Closed 0 worst trades
2026.02.16 12:14:02,410038624,Magic_251101,CRITICAL_TRIM,127.53,122.97,3.58,0,Closed 0 worst trades
2026.02.16 12:14:02,410038624,Magic_251101,CRITICAL_TRIM,127.53,122.97,3.58,0,Closed 0 worst trades
2026.02.16 12:14:02,410038624,Magic_251101,CRITICAL_TRIM,127.53,122.97,3.58,0,Closed 0 worst trades
2026.02.16 12:14:02,410038624,Magic_251101,CRITICAL_TRIM,127.53,122.97,3.58,0,Closed 0 worst trades
2026.02.16 12:14:02,410038624,Magic_251101,CRITICAL_TRIM,127.53,122.97,3.58,0,Closed 0 worst trades
2026.02.16 12:14:02,410038624,Magic_251101,CRITICAL_TRIM,127.53,122.97,3.58,0,Closed 0 worst trades
2026.02.16 12:14:03,410038624,Magic_251101,CRITICAL_TRIM,127.53,122.97,3.58,0,Closed 0 worst trades
2026.02.16 12:14:04,410038624,Magic_251101,CRITICAL_TRIM,127.53,122.97,3.58,0,Closed 0 worst trades
2026.02.16 12:14:04,410038624,Magic_251101,CRITICAL_TRIM,127.53,122.97,3.58,0,Closed 0 worst trades
2026.02.16 12:14:04,410038624,Magic_251101,CRITICAL_TRIM,127.53,122.97,3.58,0,Closed 0 worst trades
2026.02.16 12:14:05,410038624,Magic_251101,CRITICAL_TRIM,127.53,122.97,3.58,0,Closed 0 worst trades
2026.02.16 12:14:05,410038624,Magic_251101,CRITICAL_TRIM,127.53,122.97,3.58,0,Closed 0 worst trades
2026.02.16 12:14:05,410038624,Magic_251101,CRITICAL_TRIM,127.53,122.97,3.58,0,Closed 0 worst trades
2026.02.16 12:14:05,410038624,Magic_251101,CRITICAL_TRIM,127.53,122.97,3.58,0,Closed 0 worst trades
2026.02.16 12:14:06,410038624,Magic_251101,CRITICAL_TRIM,127.53,122.97,3.58,0,Closed 0 worst trades
2026.02.16 12:14:06,410038624,Magic_251101,CRITICAL_TRIM,127.53,122.97,3.58,0,Closed 0 worst trades
2026.02.16 12:14:06,410038624,Magic_251101,CRITICAL_TRIM,127.53,122.97,3.58,0,Closed 0 worst trades
2026.02.16 12:14:07,410038624,Magic_251101,CRITICAL_TRIM,127.53,122.97,3.58,0,Closed 0 worst trades
2026.02.16 12:14:07,410038624,Magic_251101,CRITICAL_TRIM,127.53,122.97,3.58,0,Closed 0 worst trades
2026.02.16 12:14:07,410038624,Magic_251101,CRITICAL_TRIM,127.53,122.97,3.58,0,Closed 0 worst trades
2026.02.16 12:14:08,410038624,Magic_251101,CRITICAL_TRIM,127.53,122.97,3.58,0,Closed 0 worst trades
2026.02.16 12:14:08,410038624,Magic_251101,CRITICAL_TRIM,127.53,122.97,3.58,0,Closed 0 worst trades
2026.02.16 12:14:08,410038624,Magic_251101,CRITICAL_TRIM,127.53,122.97,3.58,0,Closed 0 worst trades
2026.02.16 12:14:08,410038624,Magic_251101,CRITICAL_TRIM,127.53,122.97,3.58,0,Closed 0 worst trades
2026.02.16 12:14:08,410038624,Magic_251101,CRITICAL_TRIM,127.53,122.97,3.58,0,Closed 0 worst trades
2026.02.16 12:14:09,410038624,Magic_251101,CRITICAL_TRIM,127.53,122.97,3.58,0,Closed 0 worst trades
2026.02.16 12:14:09,410038624,Magic_251101,CRITICAL_TRIM,127.53,122.97,3.58,0,Closed 0 worst trades
2026.02.16 12:14:09,410038624,Magic_251101,CRITICAL_TRIM,127.53,122.97,3.58,0,Closed 0 worst trades
2026.02.16 12:14:09,410038624,Magic_251101,CRITICAL_TRIM,127.53,122.97,3.58,0,Closed 0 worst trades
2026.02.16 12:14:09,410038624,Magic_251101,CRITICAL_TRIM,127.53,122.97,3.58,0,Closed 0 worst trades
2026.02.16 12:14:10,410038624,Magic_251101,CRITICAL_TRIM,127.53,122.97,3.58,0,Closed 0 worst trades
2026.02.16 12:14:10,410038624,Magic_251101,CRITICAL_TRIM,127.53,122.97,3.58,0,Closed 0 worst trades
2026.02.16 12:14:10,410038624,Magic_251101,CRITICAL_TRIM,127.53,122.97,3.58,0,Closed 0 worst trades
2026.02.16 12:14:10,410038624,Magic_251101,CRITICAL_TRIM,127.53,122.97,3.58,0,Closed 0 worst trades
2026.02.16 12:14:10,410038624,Magic_251101,CRITICAL_TRIM,127.53,122.97,3.58,0,Closed 0 worst trades
2026.02.16 12:14:11,410038624,Magic_251101,CRITICAL_TRIM,127.53,122.97,3.58,0,Closed 0 worst trades
2026.02.16 12:14:11,410038624,Magic_251101,CRITICAL_TRIM,127.53,122.97,3.58,0,Closed 0 worst trades
2026.02.16 12:14:11,410038624,Magic_251101,CRITICAL_TRIM,127.53,122.97,3.58,0,Closed 0 worst trades
2026.02.16 12:14:11,410038624,Magic_251101,CRITICAL_TRIM,127.53,122.97,3.58,0,Closed 0 worst trades
2026.02.16 12:14:12,410038624,Magic_251101,CRITICAL_TRIM,127.53,122.97,3.58,0,Closed 0 worst trades
2026.02.16 12:14:13,410038624,Magic_251101,CRITICAL_TRIM,127.53,122.97,3.58,0,Closed 0 worst trades
2026.02.16 12:14:13,410038624,Magic_251101,CRITICAL_TRIM,127.53,122.97,3.58,0,Closed 0 worst trades
2026.02.16 12:14:13,410038624,Magic_251101,CRITICAL_TRIM,127.53,122.97,3.58,0,Closed 0 worst trades
2026.02.16 12:14:13,410038624,Magic_251101,CRITICAL_TRIM,127.53,122.97,3.58,0,Closed 0 worst trades
2026.02.16 12:14:13,410038624,Magic_251101,CRITICAL_TRIM,127.53,122.97,3.58,0,Closed 0 worst trades
2026.02.16 12:14:14,410038624,Magic_251101,CRITICAL_TRIM,127.53,122.97,3.58,0,Closed 0 worst trades
2026.02.16 12:14:14,410038624,Magic_251101,CRITICAL_TRIM,127.53,122.97,3.58,0,Closed 0 worst trades
2026.02.16 12:14:14,410038624,Magic_251101,CRITICAL_TRIM,127.53,122.97,3.58,0,Closed 0 worst trades
2026.02.16 12:14:15,410038624,Magic_251101,CRITICAL_TRIM,127.53,122.97,3.58,0,Closed 0 worst trades
2026.02.16 12:14:15,410038624,Magic_251101,CRITICAL_TRIM,127.53,122.97,3.58,0,Closed 0 worst trades
2026.02.16 12:14:15,410038624,Magic_251101,CRITICAL_TRIM,127.53,122.97,3.58,0,Closed 0 worst trades
2026.02.16 12:14:15,410038624,Magic_251101,CRITICAL_TRIM,127.53,122.97,3.58,0,Closed 0 worst trades
2026.02.16 12:14:15,410038624,Magic_251101,CRITICAL_TRIM,127.53,122.97,3.58,0,Closed 0 worst trades
2026.02.16 12:14:15,410038624,Magic_251101,CRITICAL_TRIM,127.53,122.97,3.58,0,Closed 0 worst trades
2026.02.16 12:14:15,410038624,Magic_251101,CRITICAL_TRIM,127.53,122.97,3.58,0,Closed 0 worst trades
2026.02.16 12:14:16,410038624,Magic_251101,CRITICAL_TRIM,127.53,122.97,3.58,0,Closed 0 worst trades
2026.02.16 12:14:16,410038624,Magic_251101,CRITICAL_TRIM,127.53,122.97,3.58,0,Closed 0 worst trades
2026.02.16 12:14:16,410038624,Magic_251101,CRITICAL_TRIM,127.53,122.97,3.58,0,Closed 0 worst trades
2026.02.16 12:14:16,410038624,Magic_251101,CRITICAL_TRIM,127.53,122.97,3.58,0,Closed 0 worst trades
2026.02.16 12:14:16,410038624,Magic_251101,CRITICAL_TRIM,127.53,122.97,3.58,0,Closed 0 worst trades
2026.02.16 12:14:16,410038624,Magic_251101,CRITICAL_TRIM,127.53,122.97,3.58,0,Closed 0 worst trades
2026.02.16 12:14:16,410038624,Magic_251101,CRITICAL_TRIM,127.53,122.97,3.58,0,Closed 0 worst trades
2026.02.16 12:14:17,410038624,Magic_251101,CRITICAL_TRIM,127.53,122.97,3.58,0,Closed 0 worst trades
2026.02.16 12:14:17,410038624,Magic_251101,CRITICAL_TRIM,127.53,122.97,3.58,0,Closed 0 worst trades
2026.02.16 12:14:17,410038624,Magic_251101,CRITICAL_TRIM,127.53,122.97,3.58,0,Closed 0 worst trades
2026.02.16 12:14:17,410038624,Magic_251101,CRITICAL_TRIM,127.53,122.97,3.58,0,Closed 0 worst trades
2026.02.16 12:14:17,410038624,Magic_251101,CRITICAL_TRIM,127.53,122.97,3.58,0,Closed 0 worst trades
2026.02.16 12:14:17,410038624,Magic_251101,CRITICAL_TRIM,127.53,122.97,3.58,0,Closed 0 worst trades
2026.02.16 12:14:17,410038624,Magic_251101,CRITICAL_TRIM,127.53,122.97,3.58,0,Closed 0 worst trades
2026.02.16 12:14:17,410038624,Magic_251101,CRITICAL_TRIM,127.53,122.97,3.58,0,Closed 0 worst trades
2026.02.16 12:14:17,410038624,Magic_251101,CRITICAL_TRIM,127.53,122.97,3.58,0,Closed 0 worst trades
2026.02.16 12:14:17,410038624,Magic_251101,CRITICAL_TRIM,127.53,122.97,3.58,0,Closed 0 worst trades
2026.02.16 12:14:18,410038624,Magic_251101,CRITICAL_TRIM,127.53,122.97,3.58,0,Closed 0 worst trades
2026.02.16 12:14:18,410038624,Magic_251101,CRITICAL_TRIM,127.53,122.97,3.58,0,Closed 0 worst trades
2026.02.16 12:14:18,410038624,Magic_251101,CRITICAL_TRIM,127.53,122.97,3.58,0,Closed 0 worst trades
2026.02.16 12:14:19,410038624,Magic_251101,CRITICAL_TRIM,127.53,122.97,3.58,0,Closed 0 worst trades
2026.02.16 12:14:19,410038624,Magic_251101,CRITICAL_TRIM,127.53,122.97,3.58,0,Closed 0 worst trades
2026.02.16 12:14:20,410038624,Magic_251101,CRITICAL_TRIM,127.53,122.97,3.58,0,Closed 0 worst trades
2026.02.16 12:14:20,410038624,Magic_251101,CRITICAL_TRIM,127.53,122.97,3.58,0,Closed 0 worst trades
2026.02.16 12:14:20,410038624,Magic_251101,CRITICAL_TRIM,127.53,122.97,3.58,0,Closed 0 worst trades
2026.02.16 12:14:21,410038624,Magic_251101,CRITICAL_TRIM,127.53,122.97,3.58,0,Closed 0 worst trades
2026.02.16 12:14:21,410038624,Magic_251101,CRITICAL_TRIM,127.53,122.97,3.58,0,Closed 0 worst trades
2026.02.16 12:14:21,410038624,Magic_251101,CRITICAL_TRIM,127.53,122.97,3.58,0,Closed 0 worst trades
2026.02.16 12:14:21,410038624,Magic_251101,CRITICAL_TRIM,127.53,122.97,3.58,0,Closed 0 worst trades
2026.02.16 12:14:22,410038624,Magic_251101,CRITICAL_TRIM,127.53,122.97,3.58,0,Closed 0 worst trades
2026.02.16 12:14:22,410038624,Magic_251101,CRITICAL_TRIM,127.53,122.97,3.58,0,Closed 0 worst trades
2026.02.16 12:14:24,410038624,Magic_251101,CRITICAL_TRIM,127.53,122.97,3.58,0,Closed 0 worst trades
2026.02.16 12:14:25,410038624,Magic_251101,CRITICAL_TRIM,127.53,122.97,3.58,0,Closed 0 worst trades
2026.02.16 12:14:25,410038624,Magic_251101,CRITICAL_TRIM,127.53,122.97,3.58,0,Closed 0 worst trades
2026.02.16 12:14:25,410038624,Magic_251101,CRITICAL_TRIM,127.53,122.97,3.58,0,Closed 0 worst trades
2026.02.16 12:14:25,410038624,Magic_251101,CRITICAL_TRIM,127.53,122.97,3.58,0,Closed 0 worst trades
2026.02.16 12:14:26,410038624,Magic_251101,CRITICAL_TRIM,127.53,122.97,3.58,0,Closed 0 worst trades
2026.02.16 12:14:28,410038624,Magic_251101,CRITICAL_TRIM,127.53,122.97,3.58,0,Closed 0 worst trades
2026.02.16 12:14:28,410038624,Magic_251101,CRITICAL_TRIM,127.53,122.97,3.58,0,Closed 0 worst trades
2026.02.16 12:14:28,410038624,Magic_251101,CRITICAL_TRIM,127.53,122.97,3.58,0,Closed 0 worst trades
2026.02.16 12:14:28,410038624,Magic_251101,CRITICAL_TRIM,127.53,122.97,3.58,0,Closed 0 worst trades
2026.02.16 12:14:29,410038624,Magic_251101,CRITICAL_TRIM,127.53,122.97,3.58,0,Closed 0 worst trades
2026.02.16 12:14:30,410038624,Magic_251101,CRITICAL_TRIM,127.53,122.97,3.58,0,Closed 0 worst trades
2026.02.16 12:14:30,410038624,Magic_251101,CRITICAL_TRIM,127.53,122.97,3.58,0,Closed 0 worst trades
2026.02.16 12:14:30,410038624,Magic_251101,CRITICAL_TRIM,127.53,122.97,3.58,0,Closed 0 worst trades
2026.02.16 12:14:32,410038624,Magic_251101,CRITICAL_TRIM,127.53,122.97,3.58,0,Closed 0 worst trades
2026.02.16 12:14:32,410038624,Magic_251101,CRITICAL_TRIM,127.53,122.97,3.58,0,Closed 0 worst trades
2026.02.16 12:14:32,410038624,Magic_251101,CRITICAL_TRIM,127.53,122.97,3.58,0,Closed 0 worst trades
2026.02.16 12:14:32,410038624,Magic_251101,CRITICAL_TRIM,127.53,122.97,3.58,0,Closed 0 worst trades
2026.02.16 12:14:32,410038624,Magic_251101,CRITICAL_TRIM,127.53,122.97,3.58,0,Closed 0 worst trades
2026.02.16 12:14:33,410038624,Magic_251101,CRITICAL_TRIM,127.53,122.97,3.58,0,Closed 0 worst trades
2026.02.16 12:14:33,410038624,Magic_251101,CRITICAL_TRIM,127.53,122.97,3.58,0,Closed 0 worst trades
2026.02.16 12:14:34,410038624,Magic_251101,CRITICAL_TRIM,127.53,122.97,3.58,0,Closed 0 worst trades
2026.02.16 12:14:34,410038624,Magic_251101,CRITICAL_TRIM,127.53,122.97,3.58,0,Closed 0 worst trades
2026.02.16 12:14:34,410038624,Magic_251101,CRITICAL_TRIM,127.53,122.97,3.58,0,Closed 0 worst trades
2026.02.16 12:14:34,410038624,Magic_251101,CRITICAL_TRIM,127.53,122.97,3.58,0,Closed 0 worst trades
2026.02.16 12:14:34,410038624,Magic_251101,CRITICAL_TRIM,127.53,122.97,3.58,0,Closed 0 worst trades
2026.02.16 12:14:34,410038624,Magic_251101,CRITICAL_TRIM,127.53,122.97,3.58,0,Closed 0 worst trades
2026.02.16 12:14:35,410038624,Magic_251101,CRITICAL_TRIM,127.53,122.97,3.58,0,Closed 0 worst trades
2026.02.16 12:14:35,410038624,Magic_251101,CRITICAL_TRIM,127.53,122.97,3.58,0,Closed 0 worst trades
2026.02.16 12:14:35,410038624,Magic_251101,CRITICAL_TRIM,127.53,122.97,3.58,0,Closed 0 worst trades
2026.02.16 12:14:35,410038624,Magic_251101,CRITICAL_TRIM,127.53,122.97,3.58,0,Closed 0 worst trades
2026.02.16 12:14:36,410038624,Magic_251101,CRITICAL_TRIM,127.53,122.97,3.58,0,Closed 0 worst trades
2026.02.16 12:14:36,410038624,Magic_251101,CRITICAL_TRIM,127.53,122.97,3.58,0,Closed 0 worst trades
2026.02.16 12:14:36,410038624,Magic_251101,CRITICAL_TRIM,127.53,122.97,3.58,0,Closed 0 worst trades
2026.02.16 12:14:37,410038624,Magic_251101,CRITICAL_TRIM,127.53,122.97,3.58,0,Closed 0 worst trades
2026.02.16 12:14:37,410038624,Magic_251101,CRITICAL_TRIM,127.53,122.97,3.58,0,Closed 0 worst trades
2026.02.16 12:14:37,410038624,Magic_251101,CRITICAL_TRIM,127.53,122.97,3.58,0,Closed 0 worst trades
2026.02.16 12:14:37,410038624,Magic_251101,CRITICAL_TRIM,127.53,122.97,3.58,0,Closed 0 worst trades
2026.02.16 12:14:37,410038624,Magic_251101,CRITICAL_TRIM,127.53,122.97,3.58,0,Closed 0 worst trades
2026.02.16 12:14:38,410038624,Magic_251101,CRITICAL_TRIM,127.53,122.97,3.58,0,Closed 0 worst trades
2026.02.16 12:14:38,410038624,Magic_251101,CRITICAL_TRIM,127.53,122.97,3.58,0,Closed 0 worst trades
2026.02.16 12:14:38,410038624,Magic_251101,CRITICAL_TRIM,127.53,122.97,3.58,0,Closed 0 worst trades
2026.02.16 12:14:38,410038624,Magic_251101,CRITICAL_TRIM,127.53,122.97,3.58,0,Closed 0 worst trades
2026.02.16 12:14:38,410038624,Magic_251101,CRITICAL_TRIM,127.53,122.97,3.58,0,Closed 0 worst trades
2026.02.16 12:14:38,410038624,Magic_251101,CRITICAL_TRIM,127.53,122.97,3.58,0,Closed 0 worst trades
2026.02.16 12:14:38,410038624,Magic_251101,CRITICAL_TRIM,127.53,122.97,3.58,0,Closed 0 worst trades
2026.02.16 12:14:38,410038624,Magic_251101,CRITICAL_TRIM,127.53,122.97,3.58,0,Closed 0 worst trades
2026.02.16 12:14:38,410038624,Magic_251101,CRITICAL_TRIM,127.53,122.97,3.58,0,Closed 0 worst trades
2026.02.16 12:14:39,410038624,Magic_251101,CRITICAL_TRIM,127.53,122.97,3.58,0,Closed 0 worst trades
2026.02.16 12:14:39,410038624,Magic_251101,CRITICAL_TRIM,127.53,122.97,3.58,0,Closed 0 worst trades
2026.02.16 12:14:39,410038624,Magic_251101,CRITICAL_TRIM,127.53,122.97,3.58,0,Closed 0 worst trades
2026.02.16 12:14:39,410038624,Magic_251101,CRITICAL_TRIM,127.53,122.97,3.58,0,Closed 0 worst trades
2026.02.16 12:14:39,410038624,Magic_251101,CRITICAL_TRIM,127.53,122.97,3.58,0,Closed 0 worst trades
2026.02.16 12:14:39,410038624,Magic_251101,CRITICAL_TRIM,127.53,122.97,3.58,0,Closed 0 worst trades
2026.02.16 12:14:39,410038624,Magic_251101,CRITICAL_TRIM,127.53,122.97,3.58,0,Closed 0 worst trades
2026.02.16 12:14:39,410038624,Magic_251101,CRITICAL_TRIM,127.53,122.97,3.58,0,Closed 0 worst trades
2026.02.16 12:14:39,410038624,Magic_251101,CRITICAL_TRIM,127.53,122.97,3.58,0,Closed 0 worst trades
2026.02.16 12:14:40,410038624,Magic_251101,CRITICAL_TRIM,127.53,122.97,3.58,0,Closed 0 worst trades
2026.02.16 12:14:40,410038624,Magic_251101,CRITICAL_TRIM,127.53,122.97,3.58,0,Closed 0 worst trades
2026.02.16 12:14:40,410038624,Magic_251101,CRITICAL_TRIM,127.53,122.97,3.58,0,Closed 0 worst trades
2026.02.16 12:14:40,410038624,Magic_251101,CRITICAL_TRIM,127.53,122.97,3.58,0,Closed 0 worst trades
2026.02.16 12:14:40,410038624,Magic_251101,CRITICAL_TRIM,127.53,122.97,3.58,0,Closed 0 worst trades
2026.02.16 12:14:40,410038624,Magic_251101,CRITICAL_TRIM,127.53,122.97,3.58,0,Closed 0 worst trades
2026.02.16 12:14:41,410038624,Magic_251101,CRITICAL_TRIM,127.53,122.97,3.58,0,Closed 0 worst trades
2026.02.16 12:14:41,410038624,Magic_251101,CRITICAL_TRIM,127.53,122.97,3.58,0,Closed 0 worst trades
2026.02.16 12:14:41,410038624,Magic_251101,CRITICAL_TRIM,127.53,122.97,3.58,0,Closed 0 worst trades
2026.02.16 12:14:41,410038624,Magic_251101,CRITICAL_TRIM,127.53,122.97,3.58,0,Closed 0 worst trades
2026.02.16 12:14:42,410038624,Magic_251101,CRITICAL_TRIM,127.53,122.97,3.58,0,Closed 0 worst trades
2026.02.16 12:14:43,410038624,Magic_251101,CRITICAL_TRIM,127.53,122.97,3.58,0,Closed 0 worst trades
2026.02.16 12:14:43,410038624,Magic_251101,CRITICAL_TRIM,127.53,122.97,3.58,0,Closed 0 worst trades
2026.02.16 12:14:43,410038624,Magic_251101,CRITICAL_TRIM,127.53,122.97,3.58,0,Closed 0 worst trades
2026.02.16 12:14:44,410038624,Magic_251101,CRITICAL_TRIM,127.53,122.97,3.58,0,Closed 0 worst trades
2026.02.16 12:14:44,410038624,Magic_251101,CRITICAL_TRIM,127.53,122.97,3.58,0,Closed 0 worst trades
2026.02.16 12:14:44,410038624,Magic_251101,CRITICAL_TRIM,127.53,122.97,3.58,0,Closed 0 worst trades
2026.02.16 12:14:45,410038624,Magic_251101,CRITICAL_TRIM,127.53,122.97,3.58,0,Closed 0 worst trades
2026.02.16 12:14:45,410038624,Magic_251101,CRITICAL_TRIM,127.53,122.97,3.58,0,Closed 0 worst trades
2026.02.16 12:14:45,410038624,Magic_251101,CRITICAL_TRIM,127.53,122.97,3.58,0,Closed 0 worst trades
2026.02.16 12:14:45,410038624,Magic_251101,CRITICAL_TRIM,127.53,122.97,3.58,0,Closed 0 worst trades
2026.02.16 12:14:45,410038624,Magic_251101,CRITICAL_TRIM,127.53,122.97,3.58,0,Closed 0 worst trades
2026.02.16 12:14:46,410038624,Magic_251101,CRITICAL_TRIM,127.53,122.97,3.58,0,Closed 0 worst trades
2026.02.16 12:14:46,410038624,Magic_251101,CRITICAL_TRIM,127.53,122.97,3.58,0,Closed 0 worst trades
2026.02.16 12:14:46,410038624,Magic_251101,CRITICAL_TRIM,127.53,122.97,3.58,0,Closed 0 worst trades
2026.02.16 12:14:46,410038624,Magic_251101,CRITICAL_TRIM,127.53,122.97,3.58,0,Closed 0 worst trades
2026.02.16 12:14:46,410038624,Magic_251101,CRITICAL_TRIM,127.53,122.97,3.58,0,Closed 0 worst trades
2026.02.16 12:14:47,410038624,Magic_251101,CRITICAL_TRIM,127.53,122.97,3.58,0,Closed 0 worst trades
2026.02.16 12:14:47,410038624,Magic_251101,CRITICAL_TRIM,127.53,122.97,3.58,0,Closed 0 worst trades
2026.02.16 12:14:47,410038624,Magic_251101,CRITICAL_TRIM,127.53,122.97,3.58,0,Closed 0 worst trades
2026.02.16 12:14:47,410038624,Magic_251101,CRITICAL_TRIM,127.53,122.97,3.58,0,Closed 0 worst trades
2026.02.16 12:14:47,410038624,Magic_251101,CRITICAL_TRIM,127.53,122.97,3.58,0,Closed 0 worst trades
2026.02.16 12:14:47,410038624,Magic_251101,CRITICAL_TRIM,127.53,122.97,3.58,0,Closed 0 worst trades
2026.02.16 12:14:47,410038624,Magic_251101,CRITICAL_TRIM,127.53,122.97,3.58,0,Closed 0 worst trades
2026.02.16 12:14:48,410038624,Magic_251101,CRITICAL_TRIM,127.53,122.97,3.58,0,Closed 0 worst trades
2026.02.16 12:14:48,410038624,Magic_251101,CRITICAL_TRIM,127.53,122.97,3.58,0,Closed 0 worst trades
2026.02.16 12:14:48,410038624,Magic_251101,CRITICAL_TRIM,127.53,122.97,3.58,0,Closed 0 worst trades
2026.02.16 12:14:48,410038624,Magic_251101,CRITICAL_TRIM,127.53,122.97,3.58,0,Closed 0 worst trades
2026.02.16 12:14:48,410038624,Magic_251101,CRITICAL_TRIM,127.53,122.97,3.58,0,Closed 0 worst trades
2026.02.16 12:14:48,410038624,Magic_251101,CRITICAL_TRIM,127.53,122.97,3.58,0,Closed 0 worst trades
2026.02.16 12:14:48,410038624,Magic_251101,CRITICAL_TRIM,127.53,122.97,3.58,0,Closed 0 worst trades
2026.02.16 12:14:48,410038624,Magic_251101,CRITICAL_TRIM,127.53,122.97,3.58,0,Closed 0 worst trades
2026.02.16 12:14:49,410038624,Magic_251101,CRITICAL_TRIM,127.53,122.97,3.58,0,Closed 0 worst trades
2026.02.16 12:14:49,410038624,Magic_251101,CRITICAL_TRIM,127.53,122.97,3.58,0,Closed 0 worst trades
2026.02.16 12:14:49,410038624,Magic_251101,CRITICAL_TRIM,127.53,122.97,3.58,0,Closed 0 worst trades
2026.02.16 12:14:49,410038624,Magic_251101,CRITICAL_TRIM,127.53,122.97,3.58,0,Closed 0 worst trades
2026.02.16 12:14:49,410038624,Magic_251101,CRITICAL_TRIM,127.53,122.97,3.58,0,Closed 0 worst trades
2026.02.16 12:14:49,410038624,Magic_251101,CRITICAL_TRIM,127.53,122.97,3.58,0,Closed 0 worst trades
2026.02.16 12:14:49,410038624,Magic_251101,CRITICAL_TRIM,127.53,122.97,3.58,0,Closed 0 worst trades
2026.02.16 12:14:50,410038624,Magic_251101,CRITICAL_TRIM,127.53,122.97,3.58,0,Closed 0 worst trades
2026.02.16 12:14:50,410038624,Magic_251101,CRITICAL_TRIM,127.53,122.97,3.58,0,Closed 0 worst trades
2026.02.16 12:14:50,410038624,Magic_251101,CRITICAL_TRIM,127.53,122.97,3.58,0,Closed 0 worst trades
2026.02.16 12:14:50,410038624,Magic_251101,CRITICAL_TRIM,127.53,122.97,3.58,0,Closed 0 worst trades
2026.02.16 12:14:50,410038624,Magic_251101,CRITICAL_TRIM,127.53,122.97,3.58,0,Closed 0 worst trades
2026.02.16 12:14:50,410038624,Magic_251101,CRITICAL_TRIM,127.53,122.97,3.58,0,Closed 0 worst trades
2026.02.16 12:14:51,410038624,Magic_251101,CRITICAL_TRIM,127.53,122.97,3.58,0,Closed 0 worst trades
2026.02.16 12:14:51,410038624,Magic_251101,CRITICAL_TRIM,127.53,122.97,3.58,0,Closed 0 worst trades
2026.02.16 12:14:51,410038624,Magic_251101,CRITICAL_TRIM,127.53,122.97,3.58,0,Closed 0 worst trades
2026.02.16 12:14:51,410038624,Magic_251101,CRITICAL_TRIM,127.53,122.97,3.58,0,Closed 0 worst trades
2026.02.16 12:14:51,410038624,Magic_251101,CRITICAL_TRIM,127.53,122.97,3.58,0,Closed 0 worst trades
2026.02.16 12:14:52,410038624,Magic_251101,CRITICAL_TRIM,127.53,122.97,3.58,0,Closed 0 worst trades
2026.02.16 12:14:52,410038624,Magic_251101,CRITICAL_TRIM,127.53,122.97,3.58,0,Closed 0 worst trades
2026.02.16 12:14:52,410038624,Magic_251101,CRITICAL_TRIM,127.53,122.97,3.58,0,Closed 0 worst trades
2026.02.16 12:14:52,410038624,Magic_251101,CRITICAL_TRIM,127.53,122.97,3.58,0,Closed 0 worst trades
2026.02.16 12:14:52,410038624,Magic_251101,CRITICAL_TRIM,127.53,122.97,3.58,0,Closed 0 worst trades
2026.02.16 12:14:52,410038624,Magic_251101,CRITICAL_TRIM,127.53,122.97,3.58,0,Closed 0 worst trades
2026.02.16 12:14:53,410038624,Magic_251101,CRITICAL_TRIM,127.53,122.97,3.58,0,Closed 0 worst trades
2026.02.16 12:14:53,410038624,Magic_251101,CRITICAL_TRIM,127.53,122.97,3.58,0,Closed 0 worst trades
2026.02.16 12:14:53,410038624,Magic_251101,CRITICAL_TRIM,127.53,122.97,3.58,0,Closed 0 worst trades
2026.02.16 12:14:53,410038624,Magic_251101,CRITICAL_TRIM,127.53,122.97,3.58,0,Closed 0 worst trades
2026.02.16 12:14:53,410038624,Magic_251101,CRITICAL_TRIM,127.53,122.97,3.58,0,Closed 0 worst trades
2026.02.16 12:14:53,410038624,Magic_251101,CRITICAL_TRIM,127.53,122.97,3.58,0,Closed 0 worst trades
2026.02.16 12:14:53,410038624,Magic_251101,CRITICAL_TRIM,127.53,122.97,3.58,0,Closed 0 worst trades
2026.02.16 12:14:53,410038624,Magic_251101,CRITICAL_TRIM,127.53,122.97,3.58,0,Closed 0 worst trades
2026.02.16 12:14:53,410038624,Magic_251101,CRITICAL_TRIM,127.53,122.97,3.58,0,Closed 0 worst trades
2026.02.16 12:14:54,410038624,Magic_251101,CRITICAL_TRIM,127.53,122.97,3.58,0,Closed 0 worst trades
2026.02.16 12:14:54,410038624,Magic_251101,CRITICAL_TRIM,127.53,122.97,3.58,0,Closed 0 worst trades
2026.02.16 12:14:54,410038624,Magic_251101,CRITICAL_TRIM,127.53,122.97,3.58,0,Closed 0 worst trades
2026.02.16 12:14:54,410038624,Magic_251101,CRITICAL_TRIM,127.53,122.97,3.58,0,Closed 0 worst trades
2026.02.16 12:14:54,410038624,Magic_251101,CRITICAL_TRIM,127.53,122.97,3.58,0,Closed 0 worst trades
2026.02.16 12:14:54,410038624,Magic_251101,CRITICAL_TRIM,127.53,122.97,3.58,0,Closed 0 worst trades
2026.02.16 12:14:54,410038624,Magic_251101,CRITICAL_TRIM,127.53,122.97,3.58,0,Closed 0 worst trades
2026.02.16 12:14:54,410038624,Magic_251101,CRITICAL_TRIM,127.53,122.97,3.58,0,Closed 0 worst trades
2026.02.16 12:14:55,410038624,Magic_251101,CRITICAL_TRIM,127.53,122.97,3.58,0,Closed 0 worst trades
2026.02.16 12:14:55,410038624,Magic_251101,CRITICAL_TRIM,127.53,122.97,3.58,0,Closed 0 worst trades
2026.02.16 12:14:55,410038624,Magic_251101,CRITICAL_TRIM,127.53,122.97,3.58,0,Closed 0 worst trades
2026.02.16 12:14:55,410038624,Magic_251101,CRITICAL_TRIM,127.53,122.97,3.58,0,Closed 0 worst trades
2026.02.16 12:14:55,410038624,Magic_251101,CRITICAL_TRIM,127.53,122.97,3.58,0,Closed 0 worst trades
2026.02.16 12:14:55,410038624,Magic_251101,CRITICAL_TRIM,127.53,122.97,3.58,0,Closed 0 worst trades
2026.02.16 12:14:55,410038624,Magic_251101,CRITICAL_TRIM,127.53,122.97,3.58,0,Closed 0 worst trades
2026.02.16 12:14:55,410038624,Magic_251101,CRITICAL_TRIM,127.53,122.97,3.58,0,Closed 0 worst trades
2026.02.16 12:14:56,410038624,Magic_251101,CRITICAL_TRIM,127.53,122.97,3.58,0,Closed 0 worst trades
2026.02.16 12:14:56,410038624,Magic_251101,CRITICAL_TRIM,127.53,122.97,3.58,0,Closed 0 worst trades
2026.02.16 12:14:56,410038624,Magic_251101,CRITICAL_TRIM,127.53,122.97,3.58,0,Closed 0 worst trades
2026.02.16 12:14:56,410038624,Magic_251101,CRITICAL_TRIM,127.53,122.97,3.58,0,Closed 0 worst trades
2026.02.16 12:14:56,410038624,Magic_251101,CRITICAL_TRIM,127.53,122.97,3.58,0,Closed 0 worst trades
2026.02.16 12:14:57,410038624,Magic_251101,CRITICAL_TRIM,127.53,122.97,3.58,0,Closed 0 worst trades
2026.02.16 12:14:57,410038624,Magic_251101,CRITICAL_TRIM,127.53,122.97,3.58,0,Closed 0 worst trades
2026.02.16 12:14:57,410038624,Magic_251101,CRITICAL_TRIM,127.53,122.97,3.58,0,Closed 0 worst trades
2026.02.16 12:14:57,410038624,Magic_251101,CRITICAL_TRIM,127.53,122.97,3.58,0,Closed 0 worst trades
2026.02.16 12:14:57,410038624,Magic_251101,CRITICAL_TRIM,127.53,122.97,3.58,0,Closed 0 worst trades
2026.02.16 12:14:57,410038624,Magic_251101,CRITICAL_TRIM,127.53,122.97,3.58,0,Closed 0 worst trades
2026.02.16 12:14:57,410038624,Magic_251101,CRITICAL_TRIM,127.53,122.97,3.58,0,Closed 0 worst trades
2026.02.16 12:14:58,410038624,Magic_251101,CRITICAL_TRIM,127.53,122.97,3.58,0,Closed 0 worst trades
2026.02.16 12:14:58,410038624,Magic_251101,CRITICAL_TRIM,127.53,122.97,3.58,0,Closed 0 worst trades
2026.02.16 12:14:58,410038624,Magic_251101,CRITICAL_TRIM,127.53,122.97,3.58,0,Closed 0 worst trades
2026.02.16 12:14:58,410038624,Magic_251101,CRITICAL_TRIM,127.53,122.97,3.58,0,Closed 0 worst trades
2026.02.16 12:14:59,410038624,Magic_251101,CRITICAL_TRIM,127.53,122.97,3.58,0,Closed 0 worst trades
2026.02.16 12:14:59,410038624,Magic_251101,CRITICAL_TRIM,127.53,122.97,3.58,0,Closed 0 worst trades
2026.02.16 12:14:59,410038624,Magic_251101,CRITICAL_TRIM,127.53,122.97,3.58,0,Closed 0 worst trades
2026.02.16 12:14:59,410038624,Magic_251101,CRITICAL_TRIM,127.53,122.97,3.58,0,Closed 0 worst trades
2026.02.16 12:14:59,410038624,Magic_251101,CRITICAL_TRIM,127.53,122.97,3.58,0,Closed 0 worst trades
2026.02.16 12:14:59,410038624,Magic_251101,CRITICAL_TRIM,127.53,122.97,3.58,0,Closed 0 worst trades
2026.02.16 12:14:59,410038624,Magic_251101,CRITICAL_TRIM,127.53,122.97,3.58,0,Closed 0 worst trades
2026.02.16 12:14:59,410038624,Magic_251101,CRITICAL_TRIM,127.53,122.97,3.58,0,Closed 0 worst trades
2026.02.16 12:14:59,410038624,Magic_251101,CRITICAL_TRIM,127.53,122.97,3.58,0,Closed 0 worst trades
2026.02.16 12:15:00,410038624,Magic_251101,CRITICAL_TRIM,127.53,122.97,3.58,0,Closed 0 worst trades
2026.02.16 12:15:00,410038624,Magic_251101,CRITICAL_TRIM,127.53,122.97,3.58,0,Closed 0 worst trades
2026.02.16 12:15:00,410038624,Magic_251101,CRITICAL_TRIM,127.53,122.97,3.58,0,Closed 0 worst trades
2026.02.16 12:15:01,410038624,Magic_251101,CRITICAL_TRIM,127.53,122.97,3.58,0,Closed 0 worst trades
2026.02.16 12:15:01,410038624,Magic_251101,CRITICAL_TRIM,127.53,122.97,3.58,0,Closed 0 worst trades
2026.02.16 12:15:01,410038624,Magic_251101,CRITICAL_TRIM,127.53,122.97,3.58,0,Closed 0 worst trades
2026.02.16 12:15:01,410038624,Magic_251101,CRITICAL_TRIM,127.53,122.97,3.58,0,Closed 0 worst trades
2026.02.16 12:15:01,410038624,Magic_251101,CRITICAL_TRIM,127.53,122.97,3.58,0,Closed 0 worst trades
2026.02.16 12:15:01,410038624,Magic_251101,CRITICAL_TRIM,127.53,122.97,3.58,0,Closed 0 worst trades
2026.02.16 12:15:02,410038624,Magic_251101,CRITICAL_TRIM,127.53,122.97,3.58,0,Closed 0 worst trades
2026.02.16 12:15:02,410038624,Magic_251101,CRITICAL_TRIM,127.53,122.97,3.58,0,Closed 0 worst trades
2026.02.16 12:15:02,410038624,Magic_251101,CRITICAL_TRIM,127.53,122.97,3.58,0,Closed 0 worst trades
2026.02.16 12:15:02,410038624,Magic_251101,CRITICAL_TRIM,127.53,122.97,3.58,0,Closed 0 worst trades
2026.02.16 12:15:02,410038624,Magic_251101,CRITICAL_TRIM,127.53,122.97,3.58,0,Closed 0 worst trades
2026.02.16 12:15:03,410038624,Magic_251101,CRITICAL_TRIM,127.53,122.97,3.58,0,Closed 0 worst trades
2026.02.16 12:15:04,410038624,Magic_251101,CRITICAL_TRIM,127.53,122.97,3.58,0,Closed 0 worst trades
2026.02.16 12:15:05,410038624,Magic_251101,CRITICAL_TRIM,127.53,122.97,3.58,0,Closed 0 worst trades
2026.02.16 12:15:06,410038624,Magic_251101,CRITICAL_TRIM,127.53,122.97,3.58,0,Closed 0 worst trades
2026.02.16 12:15:06,410038624,Magic_251101,CRITICAL_TRIM,127.53,122.97,3.58,0,Closed 0 worst trades
2026.02.16 12:15:06,410038624,Magic_251101,CRITICAL_TRIM,127.53,122.97,3.58,0,Closed 0 worst trades
2026.02.16 12:15:06,410038624,Magic_251101,CRITICAL_TRIM,127.53,122.97,3.58,0,Closed 0 worst trades
2026.02.16 12:15:06,410038624,Magic_251101,CRITICAL_TRIM,127.53,122.97,3.58,0,Closed 0 worst trades
2026.02.16 12:15:06,410038624,Magic_251101,CRITICAL_TRIM,127.53,122.97,3.58,0,Closed 0 worst trades
2026.02.16 12:15:06,410038624,Magic_251101,CRITICAL_TRIM,127.53,122.97,3.58,0,Closed 0 worst trades
2026.02.16 12:15:07,410038624,Magic_251101,CRITICAL_TRIM,127.53,122.97,3.58,0,Closed 0 worst trades
2026.02.16 12:15:07,410038624,Magic_251101,CRITICAL_TRIM,127.53,122.97,3.58,0,Closed 0 worst trades
2026.02.16 12:15:07,410038624,Magic_251101,CRITICAL_TRIM,127.53,122.97,3.58,0,Closed 0 worst trades
2026.02.16 12:15:07,410038624,Magic_251101,CRITICAL_TRIM,127.53,122.97,3.58,0,Closed 0 worst trades
2026.02.16 12:15:07,410038624,Magic_251101,CRITICAL_TRIM,127.53,122.97,3.58,0,Closed 0 worst trades
2026.02.16 12:15:07,410038624,Magic_251101,CRITICAL_TRIM,127.53,122.97,3.58,0,Closed 0 worst trades
2026.02.16 12:15:08,410038624,Magic_251101,CRITICAL_TRIM,127.53,122.97,3.58,0,Closed 0 worst trades
2026.02.16 12:15:08,410038624,Magic_251101,CRITICAL_TRIM,127.53,122.97,3.58,0,Closed 0 worst trades
2026.02.16 12:15:08,410038624,Magic_251101,CRITICAL_TRIM,127.53,122.97,3.58,0,Closed 0 worst trades
2026.02.16 12:15:09,410038624,Magic_251101,CRITICAL_TRIM,127.53,122.97,3.58,0,Closed 0 worst trades
2026.02.16 12:15:09,410038624,Magic_251101,CRITICAL_TRIM,127.53,122.97,3.58,0,Closed 0 worst trades
2026.02.16 12:15:09,410038624,Magic_251101,CRITICAL_TRIM,127.53,122.97,3.58,0,Closed 0 worst trades
2026.02.16 12:15:09,410038624,Magic_251101,CRITICAL_TRIM,127.53,122.97,3.58,0,Closed 0 worst trades
2026.02.16 12:15:10,410038624,Magic_251101,CRITICAL_TRIM,127.53,122.97,3.58,0,Closed 0 worst trades
2026.02.16 12:15:10,410038624,Magic_251101,CRITICAL_TRIM,127.53,122.97,3.58,0,Closed 0 worst trades
2026.02.16 12:15:10,410038624,Magic_251101,CRITICAL_TRIM,127.53,122.97,3.58,0,Closed 0 worst trades
2026.02.16 12:15:10,410038624,Magic_251101,CRITICAL_TRIM,127.53,122.97,3.58,0,Closed 0 worst trades
2026.02.16 12:15:10,410038624,Magic_251101,CRITICAL_TRIM,127.53,122.97,3.58,0,Closed 0 worst trades
2026.02.16 12:15:10,410038624,Magic_251101,CRITICAL_TRIM,127.53,122.97,3.58,0,Closed 0 worst trades
2026.02.16 12:15:10,410038624,Magic_251101,CRITICAL_TRIM,127.53,122.97,3.58,0,Closed 0 worst trades
2026.02.16 12:15:11,410038624,Magic_251101,CRITICAL_TRIM,127.53,122.97,3.58,0,Closed 0 worst trades
2026.02.16 12:15:11,410038624,Magic_251101,CRITICAL_TRIM,127.53,122.97,3.58,0,Closed 0 worst trades
2026.02.16 12:15:11,410038624,Magic_251101,CRITICAL_TRIM,127.53,122.97,3.58,0,Closed 0 worst trades
2026.02.16 12:15:11,410038624,Magic_251101,CRITICAL_TRIM,127.53,122.97,3.58,0,Closed 0 worst trades
2026.02.16 12:15:11,410038624,Magic_251101,CRITICAL_TRIM,127.53,122.97,3.58,0,Closed 0 worst trades
2026.02.16 12:15:12,410038624,Magic_251101,CRITICAL_TRIM,127.53,122.97,3.58,0,Closed 0 worst trades
2026.02.16 12:15:13,410038624,Magic_251101,CRITICAL_TRIM,127.53,122.97,3.58,0,Closed 0 worst trades
2026.02.16 12:15:13,410038624,Magic_251101,CRITICAL_TRIM,127.53,122.97,3.58,0,Closed 0 worst trades
2026.02.16 12:15:13,410038624,Magic_251101,CRITICAL_TRIM,127.53,122.97,3.58,0,Closed 0 worst trades
2026.02.16 12:15:13,410038624,Magic_251101,CRITICAL_TRIM,127.53,122.97,3.58,0,Closed 0 worst trades
2026.02.16 12:15:13,410038624,Magic_251101,CRITICAL_TRIM,127.53,122.97,3.58,0,Closed 0 worst trades
2026.02.16 12:15:13,410038624,Magic_251101,CRITICAL_TRIM,127.53,122.97,3.58,0,Closed 0 worst trades
2026.02.16 12:15:13,410038624,Magic_251101,CRITICAL_TRIM,127.53,122.97,3.58,0,Closed 0 worst trades
2026.02.16 12:15:13,410038624,Magic_251101,CRITICAL_TRIM,127.53,122.97,3.58,0,Closed 0 worst trades
2026.02.16 12:15:14,410038624,Magic_251101,CRITICAL_TRIM,127.53,122.97,3.58,0,Closed 0 worst trades
2026.02.16 12:15:14,410038624,Magic_251101,CRITICAL_TRIM,127.53,122.97,3.58,0,Closed 0 worst trades
2026.02.16 12:15:14,410038624,Magic_251101,CRITICAL_TRIM,127.53,122.97,3.58,0,Closed 0 worst trades
2026.02.16 12:15:15,410038624,Magic_251101,CRITICAL_TRIM,127.53,122.97,3.58,0,Closed 0 worst trades
2026.02.16 12:15:15,410038624,Magic_251101,CRITICAL_TRIM,127.53,122.97,3.58,0,Closed 0 worst trades
2026.02.16 12:15:15,410038624,Magic_251101,CRITICAL_TRIM,127.53,122.97,3.58,0,Closed 0 worst trades
2026.02.16 12:15:15,410038624,Magic_251101,CRITICAL_TRIM,127.53,122.97,3.58,0,Closed 0 worst trades
2026.02.16 12:15:15,410038624,Magic_251101,CRITICAL_TRIM,127.53,122.97,3.58,0,Closed 0 worst trades
2026.02.16 12:15:15,410038624,Magic_251101,CRITICAL_TRIM,127.53,122.97,3.58,0,Closed 0 worst trades
2026.02.16 12:15:16,410038624,Magic_251101,CRITICAL_TRIM,127.53,122.97,3.58,0,Closed 0 worst trades
2026.02.16 12:15:17,410038624,Magic_251101,CRITICAL_TRIM,127.53,122.97,3.58,0,Closed 0 worst trades
2026.02.16 12:15:17,410038624,Magic_251101,CRITICAL_TRIM,127.53,122.97,3.58,0,Closed 0 worst trades
2026.02.16 12:15:17,410038624,Magic_251101,CRITICAL_TRIM,127.53,122.97,3.58,0,Closed 0 worst trades
2026.02.16 12:15:17,410038624,Magic_251101,CRITICAL_TRIM,127.53,122.97,3.58,0,Closed 0 worst trades
2026.02.16 12:15:17,410038624,Magic_251101,CRITICAL_TRIM,127.53,122.97,3.58,0,Closed 0 worst trades
2026.02.16 12:15:17,410038624,Magic_251101,CRITICAL_TRIM,127.53,122.97,3.58,0,Closed 0 worst trades
2026.02.16 12:15:18,410038624,Magic_251101,CRITICAL_TRIM,127.53,122.97,3.58,0,Closed 0 worst trades
2026.02.16 12:15:18,410038624,Magic_251101,CRITICAL_TRIM,127.53,122.97,3.58,0,Closed 0 worst trades
2026.02.16 12:15:18,410038624,Magic_251101,CRITICAL_TRIM,127.53,122.97,3.58,0,Closed 0 worst trades
2026.02.16 12:15:19,410038624,Magic_251101,CRITICAL_TRIM,127.53,122.97,3.58,0,Closed 0 worst trades
2026.02.16 12:15:19,410038624,Magic_251101,CRITICAL_TRIM,127.53,122.97,3.58,0,Closed 0 worst trades
2026.02.16 12:15:19,410038624,Magic_251101,CRITICAL_TRIM,127.53,122.97,3.58,0,Closed 0 worst trades
2026.02.16 12:15:19,410038624,Magic_251101,CRITICAL_TRIM,127.53,122.97,3.58,0,Closed 0 worst trades
2026.02.16 12:15:19,410038624,Magic_251101,CRITICAL_TRIM,127.53,122.97,3.58,0,Closed 0 worst trades
2026.02.16 12:15:20,410038624,Magic_251101,CRITICAL_TRIM,127.53,122.97,3.58,0,Closed 0 worst trades
2026.02.16 12:15:20,410038624,Magic_251101,CRITICAL_TRIM,127.53,122.97,3.58,0,Closed 0 worst trades
2026.02.16 12:15:20,410038624,Magic_251101,CRITICAL_TRIM,127.53,122.97,3.58,0,Closed 0 worst trades
2026.02.16 12:15:21,410038624,Magic_251101,CRITICAL_TRIM,127.53,122.97,3.58,0,Closed 0 worst trades
2026.02.16 12:15:21,410038624,Magic_251101,CRITICAL_TRIM,127.53,122.97,3.58,0,Closed 0 worst trades
2026.02.16 12:15:21,410038624,Magic_251101,CRITICAL_TRIM,127.53,122.97,3.58,0,Closed 0 worst trades
2026.02.16 12:15:21,410038624,Magic_251101,CRITICAL_TRIM,127.53,122.97,3.58,0,Closed 0 worst trades
2026.02.16 12:15:21,410038624,Magic_251101,CRITICAL_TRIM,127.53,122.97,3.58,0,Closed 0 worst trades
2026.02.16 12:15:21,410038624,Magic_251101,CRITICAL_TRIM,127.53,122.97,3.58,0,Closed 0 worst trades
2026.02.16 12:15:22,410038624,Magic_251101,CRITICAL_TRIM,127.53,122.97,3.58,0,Closed 0 worst trades
2026.02.16 12:15:22,410038624,Magic_251101,CRITICAL_TRIM,127.53,122.97,3.58,0,Closed 0 worst trades
2026.02.16 12:15:22,410038624,Magic_251101,CRITICAL_TRIM,127.53,122.97,3.58,0,Closed 0 worst trades
2026.02.16 12:15:23,410038624,Magic_251101,CRITICAL_TRIM,127.53,122.97,3.58,0,Closed 0 worst trades
2026.02.16 12:15:23,410038624,Magic_251101,CRITICAL_TRIM,127.53,122.97,3.58,0,Closed 0 worst trades
2026.02.16 12:15:23,410038624,Magic_251101,CRITICAL_TRIM,127.53,122.97,3.58,0,Closed 0 worst trades
2026.02.16 12:15:24,410038624,Magic_251101,CRITICAL_TRIM,127.53,122.97,3.58,0,Closed 0 worst trades
2026.02.16 12:15:24,410038624,Magic_251101,CRITICAL_TRIM,127.53,122.97,3.58,0,Closed 0 worst trades
2026.02.16 12:15:24,410038624,Magic_251101,CRITICAL_TRIM,127.53,122.97,3.58,0,Closed 0 worst trades
2026.02.16 12:15:24,410038624,Magic_251101,CRITICAL_TRIM,127.53,122.97,3.58,0,Closed 0 worst trades
2026.02.16 12:15:24,410038624,Magic_251101,CRITICAL_TRIM,127.53,122.97,3.58,0,Closed 0 worst trades
2026.02.16 12:15:24,410038624,Magic_251101,CRITICAL_TRIM,127.53,122.97,3.58,0,Closed 0 worst trades
2026.02.16 12:15:26,410038624,Magic_251101,CRITICAL_TRIM,127.53,122.97,3.58,0,Closed 0 worst trades
2026.02.16 12:15:26,410038624,Magic_251101,CRITICAL_TRIM,127.53,122.97,3.58,0,Closed 0 worst trades
2026.02.16 12:15:26,410038624,Magic_251101,CRITICAL_TRIM,127.53,122.97,3.58,0,Closed 0 worst trades
2026.02.16 12:15:26,410038624,Magic_251101,CRITICAL_TRIM,127.53,122.97,3.58,0,Closed 0 worst trades
2026.02.16 12:15:26,410038624,Magic_251101,CRITICAL_TRIM,127.53,122.97,3.58,0,Closed 0 worst trades
2026.02.16 12:15:27,410038624,Magic_251101,CRITICAL_TRIM,127.53,122.97,3.58,0,Closed 0 worst trades
2026.02.16 12:15:27,410038624,Magic_251101,CRITICAL_TRIM,127.53,122.97,3.58,0,Closed 0 worst trades
2026.02.16 12:15:27,410038624,Magic_251101,CRITICAL_TRIM,127.53,122.97,3.58,0,Closed 0 worst trades
2026.02.16 12:15:28,410038624,Magic_251101,CRITICAL_TRIM,127.53,122.97,3.58,0,Closed 0 worst trades
2026.02.16 12:15:28,410038624,Magic_251101,CRITICAL_TRIM,127.53,122.97,3.58,0,Closed 0 worst trades
2026.02.16 12:15:29,410038624,Magic_251101,CRITICAL_TRIM,127.53,122.97,3.58,0,Closed 0 worst trades
2026.02.16 12:15:29,410038624,Magic_251101,CRITICAL_TRIM,127.53,122.97,3.58,0,Closed 0 worst trades
2026.02.16 12:15:30,410038624,Magic_251101,CRITICAL_TRIM,127.53,122.97,3.58,0,Closed 0 worst trades
2026.02.16 12:15:30,410038624,Magic_251101,CRITICAL_TRIM,127.53,122.97,3.58,0,Closed 0 worst trades
2026.02.16 12:15:30,410038624,Magic_251101,CRITICAL_TRIM,127.53,122.97,3.58,0,Closed 0 worst trades
2026.02.16 12:15:30,410038624,Magic_251101,CRITICAL_TRIM,127.53,122.97,3.58,0,Closed 0 worst trades
2026.02.16 12:15:30,410038624,Magic_251101,CRITICAL_TRIM,127.53,122.97,3.58,0,Closed 0 worst trades
2026.02.16 12:15:30,410038624,Magic_251101,CRITICAL_TRIM,127.53,122.97,3.58,0,Closed 0 worst trades
2026.02.16 12:15:31,410038624,Magic_251101,CRITICAL_TRIM,127.53,122.97,3.58,0,Closed 0 worst trades
2026.02.16 12:15:31,410038624,Magic_251101,CRITICAL_TRIM,127.53,122.97,3.58,0,Closed 0 worst trades
2026.02.16 12:15:32,410038624,Magic_251101,CRITICAL_TRIM,127.53,122.97,3.58,0,Closed 0 worst trades
2026.02.16 12:15:32,410038624,Magic_251101,CRITICAL_TRIM,127.53,122.97,3.58,0,Closed 0 worst trades
2026.02.16 12:15:32,410038624,Magic_251101,CRITICAL_TRIM,127.53,122.97,3.58,0,Closed 0 worst trades
2026.02.16 12:15:32,410038624,Magic_251101,CRITICAL_TRIM,127.53,122.97,3.58,0,Closed 0 worst trades
2026.02.16 12:15:32,410038624,Magic_251101,CRITICAL_TRIM,127.53,122.97,3.58,0,Closed 0 worst trades
2026.02.16 12:15:33,410038624,Magic_251101,CRITICAL_TRIM,127.53,122.97,3.58,0,Closed 0 worst trades
2026.02.16 12:15:33,410038624,Magic_251101,CRITICAL_TRIM,127.53,122.97,3.58,0,Closed 0 worst trades
2026.02.16 12:15:33,410038624,Magic_251101,CRITICAL_TRIM,127.53,122.97,3.58,0,Closed 0 worst trades
2026.02.16 12:15:33,410038624,Magic_251101,CRITICAL_TRIM,127.53,122.97,3.58,0,Closed 0 worst trades
2026.02.16 12:15:34,410038624,Magic_251101,CRITICAL_TRIM,127.53,122.97,3.58,0,Closed 0 worst trades
2026.02.16 12:15:34,410038624,Magic_251101,CRITICAL_TRIM,127.53,122.97,3.58,0,Closed 0 worst trades
2026.02.16 12:15:35,410038624,Magic_251101,CRITICAL_TRIM,127.53,122.97,3.58,0,Closed 0 worst trades
2026.02.16 12:15:35,410038624,Magic_251101,CRITICAL_TRIM,127.53,122.97,3.58,0,Closed 0 worst trades
2026.02.16 12:15:35,410038624,Magic_251101,CRITICAL_TRIM,127.53,122.97,3.58,0,Closed 0 worst trades
2026.02.16 12:15:35,410038624,Magic_251101,CRITICAL_TRIM,127.53,122.97,3.58,0,Closed 0 worst trades
2026.02.16 12:15:35,410038624,Magic_251101,CRITICAL_TRIM,127.53,122.97,3.58,0,Closed 0 worst trades
2026.02.16 12:15:35,410038624,Magic_251101,CRITICAL_TRIM,127.53,122.97,3.58,0,Closed 0 worst trades
2026.02.16 12:15:35,410038624,Magic_251101,CRITICAL_TRIM,127.53,122.97,3.58,0,Closed 0 worst trades
2026.02.16 12:15:36,410038624,Magic_251101,CRITICAL_TRIM,127.53,122.97,3.58,0,Closed 0 worst trades
2026.02.16 12:15:36,410038624,Magic_251101,CRITICAL_TRIM,127.53,122.97,3.58,0,Closed 0 worst trades
2026.02.16 12:15:36,410038624,Magic_251101,CRITICAL_TRIM,127.53,122.97,3.58,0,Closed 0 worst trades
2026.02.16 12:15:36,410038624,Magic_251101,CRITICAL_TRIM,127.53,122.97,3.58,0,Closed 0 worst trades
2026.02.16 12:15:36,410038624,Magic_251101,CRITICAL_TRIM,127.53,122.97,3.58,0,Closed 0 worst trades
2026.02.16 12:15:37,410038624,Magic_251101,CRITICAL_TRIM,127.53,122.97,3.58,0,Closed 0 worst trades
2026.02.16 12:15:37,410038624,Magic_251101,CRITICAL_TRIM,127.53,122.97,3.58,0,Closed 0 worst trades
2026.02.16 12:15:37,410038624,Magic_251101,CRITICAL_TRIM,127.53,122.97,3.58,0,Closed 0 worst trades
2026.02.16 12:15:37,410038624,Magic_251101,CRITICAL_TRIM,127.53,122.97,3.58,0,Closed 0 worst trades
2026.02.16 12:15:37,410038624,Magic_251101,CRITICAL_TRIM,127.53,122.97,3.58,0,Closed 0 worst trades
2026.02.16 12:15:37,410038624,Magic_251101,CRITICAL_TRIM,127.53,122.97,3.58,0,Closed 0 worst trades
2026.02.16 12:15:39,410038624,Magic_251101,CRITICAL_TRIM,127.53,122.97,3.58,0,Closed 0 worst trades
2026.02.16 12:15:39,410038624,Magic_251101,CRITICAL_TRIM,127.53,122.97,3.58,0,Closed 0 worst trades
2026.02.16 12:15:39,410038624,Magic_251101,CRITICAL_TRIM,127.53,122.97,3.58,0,Closed 0 worst trades
2026.02.16 12:15:39,410038624,Magic_251101,CRITICAL_TRIM,127.53,122.97,3.58,0,Closed 0 worst trades
2026.02.16 12:15:40,410038624,Magic_251101,CRITICAL_TRIM,127.53,122.97,3.58,0,Closed 0 worst trades
2026.02.16 12:15:41,410038624,Magic_251101,CRITICAL_TRIM,127.53,122.97,3.58,0,Closed 0 worst trades
2026.02.16 12:15:42,410038624,Magic_251101,CRITICAL_TRIM,127.53,122.97,3.58,0,Closed 0 worst trades
2026.02.16 12:15:42,410038624,Magic_251101,CRITICAL_TRIM,127.53,122.97,3.58,0,Closed 0 worst trades
2026.02.16 12:15:42,410038624,Magic_251101,CRITICAL_TRIM,127.53,122.97,3.58,0,Closed 0 worst trades
2026.02.16 12:15:43,410038624,Magic_251101,CRITICAL_TRIM,127.53,122.97,3.58,0,Closed 0 worst trades
2026.02.16 12:15:44,410038624,Magic_251101,CRITICAL_TRIM,127.53,122.97,3.58,0,Closed 0 worst trades
2026.02.16 12:15:44,410038624,Magic_251101,CRITICAL_TRIM,127.53,122.97,3.58,0,Closed 0 worst trades
2026.02.16 12:15:44,410038624,Magic_251101,CRITICAL_TRIM,127.53,122.97,3.58,0,Closed 0 worst trades
2026.02.16 12:15:45,410038624,Magic_251101,CRITICAL_TRIM,127.53,122.97,3.58,0,Closed 0 worst trades
2026.02.16 12:15:46,410038624,Magic_251101,CRITICAL_TRIM,127.53,122.97,3.58,0,Closed 0 worst trades
2026.02.16 12:15:46,410038624,Magic_251101,CRITICAL_TRIM,127.53,122.97,3.58,0,Closed 0 worst trades
2026.02.16 12:15:47,410038624,Magic_251101,CRITICAL_TRIM,127.53,122.97,3.58,0,Closed 0 worst trades
2026.02.16 12:15:47,410038624,Magic_251101,CRITICAL_TRIM,127.53,122.97,3.58,0,Closed 0 worst trades
2026.02.16 12:15:47,410038624,Magic_251101,CRITICAL_TRIM,127.53,122.97,3.58,0,Closed 0 worst trades
2026.02.16 12:15:48,410038624,Magic_251101,CRITICAL_TRIM,127.53,122.97,3.58,0,Closed 0 worst trades
2026.02.16 12:15:48,410038624,Magic_251101,CRITICAL_TRIM,127.53,122.97,3.58,0,Closed 0 worst trades
2026.02.16 12:15:49,410038624,Magic_251101,CRITICAL_TRIM,127.53,122.97,3.58,0,Closed 0 worst trades
2026.02.16 12:15:49,410038624,Magic_251101,CRITICAL_TRIM,127.53,122.97,3.58,0,Closed 0 worst trades
2026.02.16 12:15:49,410038624,Magic_251101,CRITICAL_TRIM,127.53,122.97,3.58,0,Closed 0 worst trades
2026.02.16 12:15:49,410038624,Magic_251101,CRITICAL_TRIM,127.53,122.97,3.58,0,Closed 0 worst trades
2026.02.16 12:15:49,410038624,Magic_251101,CRITICAL_TRIM,127.53,122.97,3.58,0,Closed 0 worst trades
2026.02.16 12:15:49,410038624,Magic_251101,CRITICAL_TRIM,127.53,122.97,3.58,0,Closed 0 worst trades
2026.02.16 12:15:50,410038624,Magic_251101,CRITICAL_TRIM,127.53,122.97,3.58,0,Closed 0 worst trades
2026.02.16 12:15:50,410038624,Magic_251101,CRITICAL_TRIM,127.53,122.97,3.58,0,Closed 0 worst trades
2026.02.16 12:15:51,410038624,Magic_251101,CRITICAL_TRIM,127.53,122.97,3.58,0,Closed 0 worst trades
2026.02.16 12:15:51,410038624,Magic_251101,CRITICAL_TRIM,127.53,122.97,3.58,0,Closed 0 worst trades
2026.02.16 12:15:51,410038624,Magic_251101,CRITICAL_TRIM,127.53,122.97,3.58,0,Closed 0 worst trades
2026.02.16 12:15:52,410038624,Magic_251101,CRITICAL_TRIM,127.53,122.97,3.58,0,Closed 0 worst trades
2026.02.16 12:15:52,410038624,Magic_251101,CRITICAL_TRIM,127.53,122.97,3.58,0,Closed 0 worst trades
2026.02.16 12:15:55,410038624,Magic_251101,CRITICAL_TRIM,127.53,122.97,3.58,0,Closed 0 worst trades
2026.02.16 12:15:55,410038624,Magic_251101,CRITICAL_TRIM,127.53,122.97,3.58,0,Closed 0 worst trades
2026.02.16 12:15:55,410038624,Magic_251101,CRITICAL_TRIM,127.53,122.97,3.58,0,Closed 0 worst trades
2026.02.16 12:15:55,410038624,Magic_251101,CRITICAL_TRIM,127.53,122.97,3.58,0,Closed 0 worst trades
2026.02.16 12:15:57,410038624,Magic_251101,CRITICAL_TRIM,127.53,122.97,3.58,0,Closed 0 worst trades
2026.02.16 12:15:57,410038624,Magic_251101,CRITICAL_TRIM,127.53,122.97,3.58,0,Closed 0 worst trades
2026.02.16 12:15:59,410038624,Magic_251101,CRITICAL_TRIM,127.53,122.97,3.58,0,Closed 0 worst trades
2026.02.16 12:16:00,410038624,Magic_251101,CRITICAL_TRIM,127.53,122.97,3.58,0,Closed 0 worst trades
2026.02.16 12:16:00,410038624,Magic_251101,CRITICAL_TRIM,127.53,122.97,3.58,0,Closed 0 worst trades
2026.02.16 12:16:01,410038624,Magic_251101,CRITICAL_TRIM,127.53,122.97,3.58,0,Closed 0 worst trades
2026.02.16 12:16:01,410038624,Magic_251101,CRITICAL_TRIM,127.53,122.97,3.58,0,Closed 0 worst trades
2026.02.16 12:16:01,410038624,Magic_251101,CRITICAL_TRIM,127.53,122.97,3.58,0,Closed 0 worst trades
2026.02.16 12:16:01,410038624,Magic_251101,CRITICAL_TRIM,127.53,122.97,3.58,0,Closed 0 worst trades
2026.02.16 12:16:01,410038624,Magic_251101,CRITICAL_TRIM,127.53,122.97,3.58,0,Closed 0 worst trades
2026.02.16 12:16:02,410038624,Magic_251101,CRITICAL_TRIM,127.53,122.97,3.58,0,Closed 0 worst trades
2026.02.16 12:16:02,410038624,Magic_251101,CRITICAL_TRIM,127.53,122.97,3.58,0,Closed 0 worst trades
2026.02.16 12:16:02,410038624,Magic_251101,CRITICAL_TRIM,127.53,122.97,3.58,0,Closed 0 worst trades
2026.02.16 12:16:02,410038624,Magic_251101,CRITICAL_TRIM,127.53,122.97,3.58,0,Closed 0 worst trades
2026.02.16 12:16:02,410038624,Magic_251101,CRITICAL_TRIM,127.53,122.97,3.58,0,Closed 0 worst trades
2026.02.16 12:16:03,410038624,Magic_251101,CRITICAL_TRIM,127.53,122.97,3.58,0,Closed 0 worst trades
2026.02.16 12:16:03,410038624,Magic_251101,CRITICAL_TRIM,127.53,122.97,3.58,0,Closed 0 worst trades
2026.02.16 12:16:03,410038624,Magic_251101,CRITICAL_TRIM,127.53,122.97,3.58,0,Closed 0 worst trades
2026.02.16 12:16:03,410038624,Magic_251101,CRITICAL_TRIM,127.53,122.97,3.58,0,Closed 0 worst trades
2026.02.16 12:16:03,410038624,Magic_251101,CRITICAL_TRIM,127.53,122.97,3.58,0,Closed 0 worst trades
2026.02.16 12:16:04,410038624,Magic_251101,CRITICAL_TRIM,127.53,122.97,3.58,0,Closed 0 worst trades
2026.02.16 12:16:05,410038624,Magic_251101,CRITICAL_TRIM,127.53,122.97,3.58,0,Closed 0 worst trades
2026.02.16 12:16:05,410038624,Magic_251101,CRITICAL_TRIM,127.53,122.97,3.58,0,Closed 0 worst trades
2026.02.16 12:16:05,410038624,Magic_251101,CRITICAL_TRIM,127.53,122.97,3.58,0,Closed 0 worst trades
2026.02.16 12:16:05,410038624,Magic_251101,CRITICAL_TRIM,127.53,122.97,3.58,0,Closed 0 worst trades
2026.02.16 12:16:05,410038624,Magic_251101,CRITICAL_TRIM,127.53,122.97,3.58,0,Closed 0 worst trades
2026.02.16 12:16:06,410038624,Magic_251101,CRITICAL_TRIM,127.53,122.97,3.58,0,Closed 0 worst trades
2026.02.16 12:16:07,410038624,Magic_251101,CRITICAL_TRIM,127.53,122.97,3.58,0,Closed 0 worst trades
2026.02.16 12:16:07,410038624,Magic_251101,CRITICAL_TRIM,127.53,122.97,3.58,0,Closed 0 worst trades
2026.02.16 12:16:08,410038624,Magic_251101,CRITICAL_TRIM,127.53,122.97,3.58,0,Closed 0 worst trades
2026.02.16 12:16:09,410038624,Magic_251101,CRITICAL_TRIM,127.53,122.97,3.58,0,Closed 0 worst trades
2026.02.16 12:16:09,410038624,Magic_251101,CRITICAL_TRIM,127.53,122.97,3.58,0,Closed 0 worst trades
2026.02.16 12:16:10,410038624,Magic_251101,CRITICAL_TRIM,127.53,122.97,3.58,0,Closed 0 worst trades
2026.02.16 12:16:11,410038624,Magic_251101,CRITICAL_TRIM,127.53,122.97,3.58,0,Closed 0 worst trades
2026.02.16 12:16:12,410038624,Magic_251101,CRITICAL_TRIM,127.53,122.97,3.58,0,Closed 0 worst trades
2026.02.16 12:16:12,410038624,Magic_251101,CRITICAL_TRIM,127.53,122.97,3.58,0,Closed 0 worst trades
2026.02.16 12:16:12,410038624,Magic_251101,CRITICAL_TRIM,127.53,122.97,3.58,0,Closed 0 worst trades
2026.02.16 12:16:12,410038624,Magic_251101,CRITICAL_TRIM,127.53,122.97,3.58,0,Closed 0 worst trades
2026.02.16 12:16:13,410038624,Magic_251101,CRITICAL_TRIM,127.53,122.97,3.58,0,Closed 0 worst trades
2026.02.16 12:16:13,410038624,Magic_251101,CRITICAL_TRIM,127.53,122.97,3.58,0,Closed 0 worst trades
2026.02.16 12:16:13,410038624,Magic_251101,CRITICAL_TRIM,127.53,122.97,3.58,0,Closed 0 worst trades
2026.02.16 12:16:16,410038624,Magic_251101,CRITICAL_TRIM,127.53,122.97,3.58,0,Closed 0 worst trades
2026.02.16 12:16:16,410038624,Magic_251101,CRITICAL_TRIM,127.53,122.97,3.58,0,Closed 0 worst trades
2026.02.16 12:16:17,410038624,Magic_251101,CRITICAL_TRIM,127.53,122.97,3.58,0,Closed 0 worst trades
2026.02.16 12:16:17,410038624,Magic_251101,CRITICAL_TRIM,127.53,122.97,3.58,0,Closed 0 worst trades
2026.02.16 12:16:17,410038624,Magic_251101,CRITICAL_TRIM,127.53,122.97,3.58,0,Closed 0 worst trades
2026.02.16 12:16:17,410038624,Magic_251101,CRITICAL_TRIM,127.53,122.97,3.58,0,Closed 0 worst trades
2026.02.16 12:16:18,410038624,Magic_251101,CRITICAL_TRIM,127.53,122.97,3.58,0,Closed 0 worst trades
2026.02.16 12:16:20,410038624,Magic_251101,CRITICAL_TRIM,127.53,122.97,3.58,0,Closed 0 worst trades
2026.02.16 12:16:20,410038624,Magic_251101,CRITICAL_TRIM,127.53,122.97,3.58,0,Closed 0 worst trades
2026.02.16 12:16:20,410038624,Magic_251101,CRITICAL_TRIM,127.53,122.97,3.58,0,Closed 0 worst trades
2026.02.16 12:16:20,410038624,Magic_251101,CRITICAL_TRIM,127.53,122.97,3.58,0,Closed 0 worst trades
2026.02.16 12:16:20,410038624,Magic_251101,CRITICAL_TRIM,127.53,122.97,3.58,0,Closed 0 worst trades
2026.02.16 12:16:21,410038624,Magic_251101,CRITICAL_TRIM,127.53,122.97,3.58,0,Closed 0 worst trades
2026.02.16 12:16:22,410038624,Magic_251101,CRITICAL_TRIM,127.53,122.97,3.58,0,Closed 0 worst trades
2026.02.16 12:16:22,410038624,Magic_251101,CRITICAL_TRIM,127.53,122.97,3.58,0,Closed 0 worst trades
2026.02.16 12:16:22,410038624,Magic_251101,CRITICAL_TRIM,127.53,122.97,3.58,0,Closed 0 worst trades
2026.02.16 12:16:25,410038624,Magic_251101,CRITICAL_TRIM,127.53,122.97,3.58,0,Closed 0 worst trades
2026.02.16 12:16:25,410038624,Magic_251101,CRITICAL_TRIM,127.53,122.97,3.58,0,Closed 0 worst trades
2026.02.16 12:16:26,410038624,Magic_251101,CRITICAL_TRIM,127.53,122.97,3.58,0,Closed 0 worst trades
2026.02.16 12:16:26,410038624,Magic_251101,CRITICAL_TRIM,127.53,122.97,3.58,0,Closed 0 worst trades
2026.02.16 12:16:27,410038624,Magic_251101,CRITICAL_TRIM,127.53,122.97,3.58,0,Closed 0 worst trades
2026.02.16 12:16:28,410038624,Magic_251101,CRITICAL_TRIM,127.53,122.97,3.58,0,Closed 0 worst trades
2026.02.16 12:16:28,410038624,Magic_251101,CRITICAL_TRIM,127.53,122.97,3.58,0,Closed 0 worst trades
2026.02.16 12:16:28,410038624,Magic_251101,CRITICAL_TRIM,127.53,122.97,3.58,0,Closed 0 worst trades
2026.02.16 12:16:30,410038624,Magic_251101,CRITICAL_TRIM,127.53,122.97,3.58,0,Closed 0 worst trades
2026.02.16 12:16:31,410038624,Magic_251101,CRITICAL_TRIM,127.53,122.97,3.58,0,Closed 0 worst trades
2026.02.16 12:16:33,410038624,Magic_251101,CRITICAL_TRIM,127.53,122.97,3.58,0,Closed 0 worst trades
2026.02.16 12:16:34,410038624,Magic_251101,CRITICAL_TRIM,127.53,122.97,3.58,0,Closed 0 worst trades
2026.02.16 12:16:34,410038624,Magic_251101,CRITICAL_TRIM,127.53,122.97,3.58,0,Closed 0 worst trades
2026.02.16 12:16:35,410038624,Magic_251101,CRITICAL_TRIM,127.53,122.97,3.58,0,Closed 0 worst trades
2026.02.16 12:16:35,410038624,Magic_251101,CRITICAL_TRIM,127.53,122.97,3.58,0,Closed 0 worst trades
2026.02.16 12:16:36,410038624,Magic_251101,CRITICAL_TRIM,127.53,122.97,3.58,0,Closed 0 worst trades
2026.02.16 12:16:36,410038624,Magic_251101,CRITICAL_TRIM,127.53,122.97,3.58,0,Closed 0 worst trades
2026.02.16 12:16:37,410038624,Magic_251101,CRITICAL_TRIM,127.53,122.97,3.58,0,Closed 0 worst trades
2026.02.16 12:16:38,410038624,Magic_251101,CRITICAL_TRIM,127.53,122.97,3.58,0,Closed 0 worst trades
2026.02.16 12:16:39,410038624,Magic_251101,CRITICAL_TRIM,127.53,122.97,3.58,0,Closed 0 worst trades
2026.02.16 12:16:40,410038624,Magic_251101,CRITICAL_TRIM,127.53,122.97,3.58,0,Closed 0 worst trades
2026.02.16 12:16:44,410038624,Magic_251101,CRITICAL_TRIM,127.53,122.97,3.58,0,Closed 0 worst trades
2026.02.16 12:16:46,410038624,Magic_251101,CRITICAL_TRIM,127.53,122.97,3.58,0,Closed 0 worst trades
2026.02.16 12:16:46,410038624,Magic_251101,CRITICAL_TRIM,127.53,122.97,3.58,0,Closed 0 worst trades
2026.02.16 12:16:46,410038624,Magic_251101,CRITICAL_TRIM,127.53,122.97,3.58,0,Closed 0 worst trades
2026.02.16 12:16:46,410038624,Magic_251101,CRITICAL_TRIM,127.53,122.97,3.58,0,Closed 0 worst trades
2026.02.16 12:16:47,410038624,Magic_251101,CRITICAL_TRIM,127.53,122.97,3.58,0,Closed 0 worst trades
2026.02.16 12:16:47,410038624,Magic_251101,CRITICAL_TRIM,127.53,122.97,3.58,0,Closed 0 worst trades
2026.02.16 12:16:47,410038624,Magic_251101,CRITICAL_TRIM,127.53,122.97,3.58,0,Closed 0 worst trades
2026.02.16 12:16:47,410038624,Magic_251101,CRITICAL_TRIM,127.53,122.97,3.58,0,Closed 0 worst trades
2026.02.16 12:16:48,410038624,Magic_251101,CRITICAL_TRIM,127.53,122.97,3.58,0,Closed 0 worst trades
2026.02.16 12:16:48,410038624,Magic_251101,CRITICAL_TRIM,127.53,122.97,3.58,0,Closed 0 worst trades
2026.02.16 12:16:48,410038624,Magic_251101,CRITICAL_TRIM,127.53,122.97,3.58,0,Closed 0 worst trades
2026.02.16 12:16:48,410038624,Magic_251101,CRITICAL_TRIM,127.53,122.97,3.58,0,Closed 0 worst trades
2026.02.16 12:16:48,410038624,Magic_251101,CRITICAL_TRIM,127.53,122.97,3.58,0,Closed 0 worst trades
2026.02.16 12:16:48,410038624,Magic_251101,CRITICAL_TRIM,127.53,122.97,3.58,0,Closed 0 worst trades
2026.02.16 12:16:48,410038624,Magic_251101,CRITICAL_TRIM,127.53,122.97,3.58,0,Closed 0 worst trades
2026.02.16 12:16:48,410038624,Magic_251101,CRITICAL_TRIM,127.53,122.97,3.58,0,Closed 0 worst trades
2026.02.16 12:16:49,410038624,Magic_251101,CRITICAL_TRIM,127.53,122.97,3.58,0,Closed 0 worst trades
2026.02.16 12:16:49,410038624,Magic_251101,CRITICAL_TRIM,127.53,122.97,3.58,0,Closed 0 worst trades
2026.02.16 12:16:49,410038624,Magic_251101,CRITICAL_TRIM,127.53,122.97,3.58,0,Closed 0 worst trades
2026.02.16 12:16:49,410038624,Magic_251101,CRITICAL_TRIM,127.53,122.97,3.58,0,Closed 0 worst trades
2026.02.16 12:16:49,410038624,Magic_251101,CRITICAL_TRIM,127.53,122.97,3.58,0,Closed 0 worst trades
2026.02.16 12:16:50,410038624,Magic_251101,CRITICAL_TRIM,127.53,122.97,3.58,0,Closed 0 worst trades
2026.02.16 12:16:50,410038624,Magic_251101,CRITICAL_TRIM,127.53,122.97,3.58,0,Closed 0 worst trades
2026.02.16 12:16:50,410038624,Magic_251101,CRITICAL_TRIM,127.53,122.97,3.58,0,Closed 0 worst trades
2026.02.16 12:16:50,410038624,Magic_251101,CRITICAL_TRIM,127.53,122.97,3.58,0,Closed 0 worst trades
2026.02.16 12:16:50,410038624,Magic_251101,CRITICAL_TRIM,127.53,122.97,3.58,0,Closed 0 worst trades
2026.02.16 12:16:50,410038624,Magic_251101,CRITICAL_TRIM,127.53,122.97,3.58,0,Closed 0 worst trades
2026.02.16 12:16:50,410038624,Magic_251101,CRITICAL_TRIM,127.53,122.97,3.58,0,Closed 0 worst trades
2026.02.16 12:16:50,410038624,Magic_251101,CRITICAL_TRIM,127.53,122.97,3.58,0,Closed 0 worst trades
2026.02.16 12:16:51,410038624,Magic_251101,CRITICAL_TRIM,127.53,122.97,3.58,0,Closed 0 worst trades
2026.02.16 12:16:51,410038624,Magic_251101,CRITICAL_TRIM,127.53,122.97,3.58,0,Closed 0 worst trades
2026.02.16 12:16:51,410038624,Magic_251101,CRITICAL_TRIM,127.53,122.97,3.58,0,Closed 0 worst trades
2026.02.16 12:16:51,410038624,Magic_251101,CRITICAL_TRIM,127.53,122.97,3.58,0,Closed 0 worst trades
2026.02.16 12:16:52,410038624,Magic_251101,CRITICAL_TRIM,127.53,122.97,3.58,0,Closed 0 worst trades
2026.02.16 12:16:52,410038624,Magic_251101,CRITICAL_TRIM,127.53,122.97,3.58,0,Closed 0 worst trades
2026.02.16 12:16:52,410038624,Magic_251101,CRITICAL_TRIM,127.53,122.97,3.58,0,Closed 0 worst trades
2026.02.16 12:16:52,410038624,Magic_251101,CRITICAL_TRIM,127.53,122.97,3.58,0,Closed 0 worst trades
2026.02.16 12:16:52,410038624,Magic_251101,CRITICAL_TRIM,127.53,122.97,3.58,0,Closed 0 worst trades
2026.02.16 12:16:53,410038624,Magic_251101,CRITICAL_TRIM,127.53,122.97,3.58,0,Closed 0 worst trades
2026.02.16 12:16:53,410038624,Magic_251101,CRITICAL_TRIM,127.53,122.97,3.58,0,Closed 0 worst trades
2026.02.16 12:16:53,410038624,Magic_251101,CRITICAL_TRIM,127.53,122.97,3.58,0,Closed 0 worst trades
2026.02.16 12:16:53,410038624,Magic_251101,CRITICAL_TRIM,127.53,122.97,3.58,0,Closed 0 worst trades
2026.02.16 12:16:53,410038624,Magic_251101,CRITICAL_TRIM,127.53,122.97,3.58,0,Closed 0 worst trades
2026.02.16 12:16:54,410038624,Magic_251101,CRITICAL_TRIM,127.53,122.97,3.58,0,Closed 0 worst trades
2026.02.16 12:16:54,410038624,Magic_251101,CRITICAL_TRIM,127.53,122.97,3.58,0,Closed 0 worst trades
2026.02.16 12:16:54,410038624,Magic_251101,CRITICAL_TRIM,127.53,122.97,3.58,0,Closed 0 worst trades
2026.02.16 12:16:54,410038624,Magic_251101,CRITICAL_TRIM,127.53,122.97,3.58,0,Closed 0 worst trades
2026.02.16 12:16:54,410038624,Magic_251101,CRITICAL_TRIM,127.53,122.97,3.58,0,Closed 0 worst trades
2026.02.16 12:16:54,410038624,Magic_251101,CRITICAL_TRIM,127.53,122.97,3.58,0,Closed 0 worst trades
2026.02.16 12:16:54,410038624,Magic_251101,CRITICAL_TRIM,127.53,122.97,3.58,0,Closed 0 worst trades
2026.02.16 12:16:54,410038624,Magic_251101,CRITICAL_TRIM,127.53,122.97,3.58,0,Closed 0 worst trades
2026.02.16 12:16:55,410038624,Magic_251101,CRITICAL_TRIM,127.53,122.97,3.58,0,Closed 0 worst trades
2026.02.16 12:16:55,410038624,Magic_251101,CRITICAL_TRIM,127.53,122.97,3.58,0,Closed 0 worst trades
2026.02.16 12:16:55,410038624,Magic_251101,CRITICAL_TRIM,127.53,122.97,3.58,0,Closed 0 worst trades
2026.02.16 12:16:56,410038624,Magic_251101,CRITICAL_TRIM,127.53,122.97,3.58,0,Closed 0 worst trades
2026.02.16 12:16:56,410038624,Magic_251101,CRITICAL_TRIM,127.53,122.97,3.58,0,Closed 0 worst trades
2026.02.16 12:16:56,410038624,Magic_251101,CRITICAL_TRIM,127.53,122.97,3.58,0,Closed 0 worst trades
2026.02.16 12:16:56,410038624,Magic_251101,CRITICAL_TRIM,127.53,122.97,3.58,0,Closed 0 worst trades
2026.02.16 12:16:56,410038624,Magic_251101,CRITICAL_TRIM,127.53,122.97,3.58,0,Closed 0 worst trades
2026.02.16 12:16:56,410038624,Magic_251101,CRITICAL_TRIM,127.53,122.97,3.58,0,Closed 0 worst trades
2026.02.16 12:16:56,410038624,Magic_251101,CRITICAL_TRIM,127.53,122.97,3.58,0,Closed 0 worst trades
2026.02.16 12:16:56,410038624,Magic_251101,CRITICAL_TRIM,127.53,122.97,3.58,0,Closed 0 worst trades
2026.02.16 12:16:57,410038624,Magic_251101,CRITICAL_TRIM,127.53,122.97,3.58,0,Closed 0 worst trades
2026.02.16 12:16:57,410038624,Magic_251101,CRITICAL_TRIM,127.53,122.97,3.58,0,Closed 0 worst trades
2026.02.16 12:16:57,410038624,Magic_251101,CRITICAL_TRIM,127.53,122.97,3.58,0,Closed 0 worst trades
2026.02.16 12:16:57,410038624,Magic_251101,CRITICAL_TRIM,127.53,122.97,3.58,0,Closed 0 worst trades
2026.02.16 12:16:57,410038624,Magic_251101,CRITICAL_TRIM,127.53,122.97,3.58,0,Closed 0 worst trades
2026.02.16 12:16:57,410038624,Magic_251101,CRITICAL_TRIM,127.53,122.97,3.58,0,Closed 0 worst trades
2026.02.16 12:16:58,410038624,Magic_251101,CRITICAL_TRIM,127.53,122.97,3.58,0,Closed 0 worst trades
2026.02.16 12:16:58,410038624,Magic_251101,CRITICAL_TRIM,127.53,122.97,3.58,0,Closed 0 worst trades
2026.02.16 12:16:58,410038624,Magic_251101,CRITICAL_TRIM,127.53,122.97,3.58,0,Closed 0 worst trades
2026.02.16 12:16:58,410038624,Magic_251101,CRITICAL_TRIM,127.53,122.97,3.58,0,Closed 0 worst trades
2026.02.16 12:16:58,410038624,Magic_251101,CRITICAL_TRIM,127.53,122.97,3.58,0,Closed 0 worst trades
2026.02.16 12:16:58,410038624,Magic_251101,CRITICAL_TRIM,127.53,122.97,3.58,0,Closed 0 worst trades
2026.02.16 12:16:58,410038624,Magic_251101,CRITICAL_TRIM,127.53,122.97,3.58,0,Closed 0 worst trades
2026.02.16 12:16:59,410038624,Magic_251101,CRITICAL_TRIM,127.53,122.97,3.58,0,Closed 0 worst trades
2026.02.16 12:16:59,410038624,Magic_251101,CRITICAL_TRIM,127.53,122.97,3.58,0,Closed 0 worst trades
2026.02.16 12:16:59,410038624,Magic_251101,CRITICAL_TRIM,127.53,122.97,3.58,0,Closed 0 worst trades
2026.02.16 12:16:59,410038624,Magic_251101,CRITICAL_TRIM,127.53,122.97,3.58,0,Closed 0 worst trades
2026.02.16 12:16:59,410038624,Magic_251101,CRITICAL_TRIM,127.53,122.97,3.58,0,Closed 0 worst trades
2026.02.16 12:17:00,410038624,Magic_251101,CRITICAL_TRIM,127.53,122.97,3.58,0,Closed 0 worst trades
2026.02.16 12:17:00,410038624,Magic_251101,CRITICAL_TRIM,127.53,122.97,3.58,0,Closed 0 worst trades
2026.02.16 12:17:00,410038624,Magic_251101,CRITICAL_TRIM,127.53,122.97,3.58,0,Closed 0 worst trades
2026.02.16 12:17:00,410038624,Magic_251101,CRITICAL_TRIM,127.53,122.97,3.58,0,Closed 0 worst trades
2026.02.16 12:17:00,410038624,Magic_251101,CRITICAL_TRIM,127.53,122.97,3.58,0,Closed 0 worst trades
2026.02.16 12:17:00,410038624,Magic_251101,CRITICAL_TRIM,127.53,122.97,3.58,0,Closed 0 worst trades
2026.02.16 12:17:01,410038624,Magic_251101,CRITICAL_TRIM,127.53,122.97,3.58,0,Closed 0 worst trades
2026.02.16 12:17:01,410038624,Magic_251101,CRITICAL_TRIM,127.53,122.97,3.58,0,Closed 0 worst trades
2026.02.16 12:17:01,410038624,Magic_251101,CRITICAL_TRIM,127.53,122.97,3.58,0,Closed 0 worst trades
2026.02.16 12:17:02,410038624,Magic_251101,CRITICAL_TRIM,127.53,122.97,3.58,0,Closed 0 worst trades
2026.02.16 12:17:02,410038624,Magic_251101,CRITICAL_TRIM,127.53,122.97,3.58,0,Closed 0 worst trades
2026.02.16 12:17:02,410038624,Magic_251101,CRITICAL_TRIM,127.53,122.97,3.58,0,Closed 0 worst trades
2026.02.16 12:17:02,410038624,Magic_251101,CRITICAL_TRIM,127.53,122.97,3.58,0,Closed 0 worst trades
2026.02.16 12:17:03,410038624,Magic_251101,CRITICAL_TRIM,127.53,122.97,3.58,0,Closed 0 worst trades
2026.02.16 12:17:03,410038624,Magic_251101,CRITICAL_TRIM,127.53,122.97,3.58,0,Closed 0 worst trades
2026.02.16 12:17:03,410038624,Magic_251101,CRITICAL_TRIM,127.53,122.97,3.58,0,Closed 0 worst trades
2026.02.16 12:17:04,410038624,Magic_251101,CRITICAL_TRIM,127.53,122.97,3.58,0,Closed 0 worst trades
2026.02.16 12:17:04,410038624,Magic_251101,CRITICAL_TRIM,127.53,122.97,3.58,0,Closed 0 worst trades
2026.02.16 12:17:04,410038624,Magic_251101,CRITICAL_TRIM,127.53,122.97,3.58,0,Closed 0 worst trades
2026.02.16 12:17:05,410038624,Magic_251101,CRITICAL_TRIM,127.53,122.97,3.58,0,Closed 0 worst trades
2026.02.16 12:17:05,410038624,Magic_251101,CRITICAL_TRIM,127.53,122.97,3.58,0,Closed 0 worst trades
2026.02.16 12:17:05,410038624,Magic_251101,CRITICAL_TRIM,127.53,122.97,3.58,0,Closed 0 worst trades
2026.02.16 12:17:05,410038624,Magic_251101,CRITICAL_TRIM,127.53,122.97,3.58,0,Closed 0 worst trades
2026.02.16 12:17:06,410038624,Magic_251101,CRITICAL_TRIM,127.53,122.97,3.58,0,Closed 0 worst trades
2026.02.16 12:17:06,410038624,Magic_251101,CRITICAL_TRIM,127.53,122.97,3.58,0,Closed 0 worst trades
2026.02.16 12:17:06,410038624,Magic_251101,CRITICAL_TRIM,127.53,122.97,3.58,0,Closed 0 worst trades
2026.02.16 12:17:06,410038624,Magic_251101,CRITICAL_TRIM,127.53,122.97,3.58,0,Closed 0 worst trades
2026.02.16 12:17:08,410038624,Magic_251101,CRITICAL_TRIM,127.53,122.97,3.58,0,Closed 0 worst trades
2026.02.16 12:17:08,410038624,Magic_251101,CRITICAL_TRIM,127.53,122.97,3.58,0,Closed 0 worst trades
2026.02.16 12:17:08,410038624,Magic_251101,CRITICAL_TRIM,127.53,122.97,3.58,0,Closed 0 worst trades
2026.02.16 12:17:08,410038624,Magic_251101,CRITICAL_TRIM,127.53,122.97,3.58,0,Closed 0 worst trades
2026.02.16 12:17:08,410038624,Magic_251101,CRITICAL_TRIM,127.53,122.97,3.58,0,Closed 0 worst trades
2026.02.16 12:17:08,410038624,Magic_251101,CRITICAL_TRIM,127.53,122.97,3.58,0,Closed 0 worst trades
2026.02.16 12:17:08,410038624,Magic_251101,CRITICAL_TRIM,127.53,122.97,3.58,0,Closed 0 worst trades
2026.02.16 12:17:08,410038624,Magic_251101,CRITICAL_TRIM,127.53,122.97,3.58,0,Closed 0 worst trades
2026.02.16 12:17:09,410038624,Magic_251101,CRITICAL_TRIM,127.53,122.97,3.58,0,Closed 0 worst trades
2026.02.16 12:17:09,410038624,Magic_251101,CRITICAL_TRIM,127.53,122.97,3.58,0,Closed 0 worst trades
2026.02.16 12:17:09,410038624,Magic_251101,CRITICAL_TRIM,127.53,122.97,3.58,0,Closed 0 worst trades
2026.02.16 12:17:09,410038624,Magic_251101,CRITICAL_TRIM,127.53,122.97,3.58,0,Closed 0 worst trades
2026.02.16 12:17:09,410038624,Magic_251101,CRITICAL_TRIM,127.53,122.97,3.58,0,Closed 0 worst trades
2026.02.16 12:17:09,410038624,Magic_251101,CRITICAL_TRIM,127.53,122.97,3.58,0,Closed 0 worst trades
2026.02.16 12:17:09,410038624,Magic_251101,CRITICAL_TRIM,127.53,122.97,3.58,0,Closed 0 worst trades
2026.02.16 12:17:10,410038624,Magic_251101,CRITICAL_TRIM,127.53,122.97,3.58,0,Closed 0 worst trades
2026.02.16 12:17:10,410038624,Magic_251101,CRITICAL_TRIM,127.53,122.97,3.58,0,Closed 0 worst trades
2026.02.16 12:17:10,410038624,Magic_251101,CRITICAL_TRIM,127.53,122.97,3.58,0,Closed 0 worst trades
2026.02.16 12:17:10,410038624,Magic_251101,CRITICAL_TRIM,127.53,122.97,3.58,0,Closed 0 worst trades
2026.02.16 12:17:10,410038624,Magic_251101,CRITICAL_TRIM,127.53,122.97,3.58,0,Closed 0 worst trades
2026.02.16 12:17:10,410038624,Magic_251101,CRITICAL_TRIM,127.53,122.97,3.58,0,Closed 0 worst trades
2026.02.16 12:17:10,410038624,Magic_251101,CRITICAL_TRIM,127.53,122.97,3.58,0,Closed 0 worst trades
2026.02.16 12:17:10,410038624,Magic_251101,CRITICAL_TRIM,127.53,122.97,3.58,0,Closed 0 worst trades
2026.02.16 12:17:11,410038624,Magic_251101,CRITICAL_TRIM,127.53,122.97,3.58,0,Closed 0 worst trades
2026.02.16 12:17:11,410038624,Magic_251101,CRITICAL_TRIM,127.53,122.97,3.58,0,Closed 0 worst trades
2026.02.16 12:17:11,410038624,Magic_251101,CRITICAL_TRIM,127.53,122.97,3.58,0,Closed 0 worst trades
2026.02.16 12:17:12,410038624,Magic_251101,CRITICAL_TRIM,127.53,122.97,3.58,0,Closed 0 worst trades
2026.02.16 12:17:12,410038624,Magic_251101,CRITICAL_TRIM,127.53,122.97,3.58,0,Closed 0 worst trades
2026.02.16 12:17:12,410038624,Magic_251101,CRITICAL_TRIM,127.53,122.97,3.58,0,Closed 0 worst trades
2026.02.16 12:17:12,410038624,Magic_251101,CRITICAL_TRIM,127.53,122.97,3.58,0,Closed 0 worst trades
2026.02.16 12:17:13,410038624,Magic_251101,CRITICAL_TRIM,127.53,122.97,3.58,0,Closed 0 worst trades
2026.02.16 12:17:13,410038624,Magic_251101,CRITICAL_TRIM,127.53,122.97,3.58,0,Closed 0 worst trades
2026.02.16 12:17:13,410038624,Magic_251101,CRITICAL_TRIM,127.53,122.97,3.58,0,Closed 0 worst trades
2026.02.16 12:17:13,410038624,Magic_251101,CRITICAL_TRIM,127.53,122.97,3.58,0,Closed 0 worst trades
2026.02.16 12:17:13,410038624,Magic_251101,CRITICAL_TRIM,127.53,122.97,3.58,0,Closed 0 worst trades
2026.02.16 12:17:13,410038624,Magic_251101,CRITICAL_TRIM,127.53,122.97,3.58,0,Closed 0 worst trades
2026.02.16 12:17:13,410038624,Magic_251101,CRITICAL_TRIM,127.53,122.97,3.58,0,Closed 0 worst trades
2026.02.16 12:17:13,410038624,Magic_251101,CRITICAL_TRIM,127.53,122.97,3.58,0,Closed 0 worst trades
2026.02.16 12:17:14,410038624,Magic_251101,CRITICAL_TRIM,127.53,122.97,3.58,0,Closed 0 worst trades
2026.02.16 12:17:14,410038624,Magic_251101,CRITICAL_TRIM,127.53,122.97,3.58,0,Closed 0 worst trades
2026.02.16 12:17:14,410038624,Magic_251101,CRITICAL_TRIM,127.53,122.97,3.58,0,Closed 0 worst trades
2026.02.16 12:17:14,410038624,Magic_251101,CRITICAL_TRIM,127.53,122.97,3.58,0,Closed 0 worst trades
2026.02.16 12:17:14,410038624,Magic_251101,CRITICAL_TRIM,127.53,122.97,3.58,0,Closed 0 worst trades
2026.02.16 12:17:14,410038624,Magic_251101,CRITICAL_TRIM,127.53,122.97,3.58,0,Closed 0 worst trades
2026.02.16 12:17:14,410038624,Magic_251101,CRITICAL_TRIM,127.53,122.97,3.58,0,Closed 0 worst trades
2026.02.16 12:17:14,410038624,Magic_251101,CRITICAL_TRIM,127.53,122.97,3.58,0,Closed 0 worst trades
2026.02.16 12:17:14,410038624,Magic_251101,CRITICAL_TRIM,127.53,122.97,3.58,0,Closed 0 worst trades
2026.02.16 12:17:15,410038624,Magic_251101,CRITICAL_TRIM,127.53,122.97,3.58,0,Closed 0 worst trades
2026.02.16 12:17:15,410038624,Magic_251101,CRITICAL_TRIM,127.53,122.97,3.58,0,Closed 0 worst trades
2026.02.16 12:17:15,410038624,Magic_251101,CRITICAL_TRIM,127.53,122.97,3.58,0,Closed 0 worst trades
2026.02.16 12:17:15,410038624,Magic_251101,CRITICAL_TRIM,127.53,122.97,3.58,0,Closed 0 worst trades
2026.02.16 12:17:15,410038624,Magic_251101,CRITICAL_TRIM,127.53,122.97,3.58,0,Closed 0 worst trades
2026.02.16 12:17:16,410038624,Magic_251101,CRITICAL_TRIM,127.53,122.97,3.58,0,Closed 0 worst trades
2026.02.16 12:17:16,410038624,Magic_251101,CRITICAL_TRIM,127.53,122.97,3.58,0,Closed 0 worst trades
2026.02.16 12:17:16,410038624,Magic_251101,CRITICAL_TRIM,127.53,122.97,3.58,0,Closed 0 worst trades
2026.02.16 12:17:17,410038624,Magic_251101,CRITICAL_TRIM,127.53,122.97,3.58,0,Closed 0 worst trades
2026.02.16 12:17:17,410038624,Magic_251101,CRITICAL_TRIM,127.53,122.97,3.58,0,Closed 0 worst trades
2026.02.16 12:17:17,410038624,Magic_251101,CRITICAL_TRIM,127.53,122.97,3.58,0,Closed 0 worst trades
2026.02.16 12:17:18,410038624,Magic_251101,CRITICAL_TRIM,127.53,122.97,3.58,0,Closed 0 worst trades
2026.02.16 12:17:18,410038624,Magic_251101,CRITICAL_TRIM,127.53,122.97,3.58,0,Closed 0 worst trades
2026.02.16 12:17:19,410038624,Magic_251101,CRITICAL_TRIM,127.53,122.97,3.58,0,Closed 0 worst trades
2026.02.16 12:17:19,410038624,Magic_251101,CRITICAL_TRIM,127.53,122.97,3.58,0,Closed 0 worst trades
2026.02.16 12:17:19,410038624,Magic_251101,CRITICAL_TRIM,127.53,122.97,3.58,0,Closed 0 worst trades
2026.02.16 12:17:19,410038624,Magic_251101,CRITICAL_TRIM,127.53,122.97,3.58,0,Closed 0 worst trades
2026.02.16 12:17:19,410038624,Magic_251101,CRITICAL_TRIM,127.53,122.97,3.58,0,Closed 0 worst trades
2026.02.16 12:17:20,410038624,Magic_251101,CRITICAL_TRIM,127.53,122.97,3.58,0,Closed 0 worst trades
2026.02.16 12:17:20,410038624,Magic_251101,CRITICAL_TRIM,127.53,122.97,3.58,0,Closed 0 worst trades
2026.02.16 12:17:20,410038624,Magic_251101,CRITICAL_TRIM,127.53,122.97,3.58,0,Closed 0 worst trades
2026.02.16 12:17:21,410038624,Magic_251101,CRITICAL_TRIM,127.53,122.97,3.58,0,Closed 0 worst trades
2026.02.16 12:17:21,410038624,Magic_251101,CRITICAL_TRIM,127.53,122.97,3.58,0,Closed 0 worst trades
2026.02.16 12:17:21,410038624,Magic_251101,CRITICAL_TRIM,127.53,122.97,3.58,0,Closed 0 worst trades
2026.02.16 12:17:22,410038624,Magic_251101,CRITICAL_TRIM,127.53,122.97,3.58,0,Closed 0 worst trades
2026.02.16 12:17:22,410038624,Magic_251101,CRITICAL_TRIM,127.53,122.97,3.58,0,Closed 0 worst trades
2026.02.16 12:17:25,410038624,Magic_251101,CRITICAL_TRIM,127.53,122.97,3.58,0,Closed 0 worst trades
2026.02.16 12:17:26,410038624,Magic_251101,CRITICAL_TRIM,127.53,122.97,3.58,0,Closed 0 worst trades
2026.02.16 12:17:28,410038624,Magic_251101,CRITICAL_TRIM,127.53,122.97,3.58,0,Closed 0 worst trades
2026.02.16 12:17:28,410038624,Magic_251101,CRITICAL_TRIM,127.53,122.97,3.58,0,Closed 0 worst trades
2026.02.16 12:17:33,410038624,Magic_251101,CRITICAL_TRIM,127.53,122.97,3.58,0,Closed 0 worst trades
2026.02.16 12:17:33,410038624,Magic_251101,CRITICAL_TRIM,127.53,122.97,3.58,0,Closed 0 worst trades
2026.02.16 12:17:33,410038624,Magic_251101,CRITICAL_TRIM,127.53,122.97,3.58,0,Closed 0 worst trades
2026.02.16 12:17:33,410038624,Magic_251101,CRITICAL_TRIM,127.53,122.97,3.58,0,Closed 0 worst trades
2026.02.16 12:17:33,410038624,Magic_251101,CRITICAL_TRIM,127.53,122.97,3.58,0,Closed 0 worst trades
2026.02.16 12:17:33,410038624,Magic_251101,CRITICAL_TRIM,127.53,122.97,3.58,0,Closed 0 worst trades
2026.02.16 12:17:34,410038624,Magic_251101,CRITICAL_TRIM,127.53,122.97,3.58,0,Closed 0 worst trades
2026.02.16 12:17:34,410038624,Magic_251101,CRITICAL_TRIM,127.53,122.97,3.58,0,Closed 0 worst trades
2026.02.16 12:17:34,410038624,Magic_251101,CRITICAL_TRIM,127.53,122.97,3.58,0,Closed 0 worst trades
2026.02.16 12:17:35,410038624,Magic_251101,CRITICAL_TRIM,127.53,122.97,3.58,0,Closed 0 worst trades
2026.02.16 12:17:36,410038624,Magic_251101,CRITICAL_TRIM,127.53,122.97,3.58,0,Closed 0 worst trades
2026.02.16 12:17:36,410038624,Magic_251101,CRITICAL_TRIM,127.53,122.97,3.58,0,Closed 0 worst trades
2026.02.16 12:17:37,410038624,Magic_251101,CRITICAL_TRIM,127.53,122.97,3.58,0,Closed 0 worst trades
2026.02.16 12:17:38,410038624,Magic_251101,CRITICAL_TRIM,127.53,122.97,3.58,0,Closed 0 worst trades
2026.02.16 12:17:38,410038624,Magic_251101,CRITICAL_TRIM,127.53,122.97,3.58,0,Closed 0 worst trades
2026.02.16 12:17:39,410038624,Magic_251101,CRITICAL_TRIM,127.53,122.97,3.58,0,Closed 0 worst trades
2026.02.16 12:17:39,410038624,Magic_251101,CRITICAL_TRIM,127.53,122.97,3.58,0,Closed 0 worst trades
2026.02.16 12:17:39,410038624,Magic_251101,CRITICAL_TRIM,127.53,122.97,3.58,0,Closed 0 worst trades
2026.02.16 12:17:39,410038624,Magic_251101,CRITICAL_TRIM,127.53,122.97,3.58,0,Closed 0 worst trades
2026.02.16 12:17:39,410038624,Magic_251101,CRITICAL_TRIM,127.53,122.97,3.58,0,Closed 0 worst trades
2026.02.16 12:17:40,410038624,Magic_251101,CRITICAL_TRIM,127.53,122.97,3.58,0,Closed 0 worst trades
2026.02.16 12:17:40,410038624,Magic_251101,CRITICAL_TRIM,127.53,122.97,3.58,0,Closed 0 worst trades
2026.02.16 12:17:40,410038624,Magic_251101,CRITICAL_TRIM,127.53,122.97,3.58,0,Closed 0 worst trades
2026.02.16 12:17:41,410038624,Magic_251101,CRITICAL_TRIM,127.53,122.97,3.58,0,Closed 0 worst trades
2026.02.16 12:17:42,410038624,Magic_251101,CRITICAL_TRIM,127.53,122.97,3.58,0,Closed 0 worst trades
2026.02.16 12:17:42,410038624,Magic_251101,CRITICAL_TRIM,127.53,122.97,3.58,0,Closed 0 worst trades
2026.02.16 12:17:45,410038624,Magic_251101,CRITICAL_TRIM,127.53,122.97,3.58,0,Closed 0 worst trades
2026.02.16 12:17:46,410038624,Magic_251101,CRITICAL_TRIM,127.53,122.97,3.58,0,Closed 0 worst trades
2026.02.16 12:17:46,410038624,Magic_251101,CRITICAL_TRIM,127.53,122.97,3.58,0,Closed 0 worst trades
2026.02.16 12:17:46,410038624,Magic_251101,CRITICAL_TRIM,127.53,122.97,3.58,0,Closed 0 worst trades
2026.02.16 12:17:46,410038624,Magic_251101,CRITICAL_TRIM,127.53,122.97,3.58,0,Closed 0 worst trades
2026.02.16 12:17:46,410038624,Magic_251101,CRITICAL_TRIM,127.53,122.97,3.58,0,Closed 0 worst trades
2026.02.16 12:17:47,410038624,Magic_251101,CRITICAL_TRIM,127.53,122.97,3.58,0,Closed 0 worst trades
2026.02.16 12:17:47,410038624,Magic_251101,CRITICAL_TRIM,127.53,122.97,3.58,0,Closed 0 worst trades
2026.02.16 12:17:49,410038624,Magic_251101,CRITICAL_TRIM,127.53,122.97,3.58,0,Closed 0 worst trades
2026.02.16 12:17:49,410038624,Magic_251101,CRITICAL_TRIM,127.53,122.97,3.58,0,Closed 0 worst trades
2026.02.16 12:17:49,410038624,Magic_251101,CRITICAL_TRIM,127.53,122.97,3.58,0,Closed 0 worst trades
2026.02.16 12:17:49,410038624,Magic_251101,CRITICAL_TRIM,127.53,122.97,3.58,0,Closed 0 worst trades
2026.02.16 12:17:50,410038624,Magic_251101,CRITICAL_TRIM,127.53,122.97,3.58,0,Closed 0 worst trades
2026.02.16 12:17:50,410038624,Magic_251101,CRITICAL_TRIM,127.53,122.97,3.58,0,Closed 0 worst trades
2026.02.16 12:17:50,410038624,Magic_251101,CRITICAL_TRIM,127.53,122.97,3.58,0,Closed 0 worst trades
2026.02.16 12:17:50,410038624,Magic_251101,CRITICAL_TRIM,127.53,122.97,3.58,0,Closed 0 worst trades
2026.02.16 12:17:50,410038624,Magic_251101,CRITICAL_TRIM,127.53,122.97,3.58,0,Closed 0 worst trades
2026.02.16 12:17:50,410038624,Magic_251101,CRITICAL_TRIM,127.53,122.97,3.58,0,Closed 0 worst trades
2026.02.16 12:17:50,410038624,Magic_251101,CRITICAL_TRIM,127.53,122.97,3.58,0,Closed 0 worst trades
2026.02.16 12:17:51,410038624,Magic_251101,CRITICAL_TRIM,127.53,122.97,3.58,0,Closed 0 worst trades
2026.02.16 12:17:51,410038624,Magic_251101,CRITICAL_TRIM,127.53,122.97,3.58,0,Closed 0 worst trades
2026.02.16 12:17:51,410038624,Magic_251101,CRITICAL_TRIM,127.53,122.97,3.58,0,Closed 0 worst trades
2026.02.16 12:17:51,410038624,Magic_251101,CRITICAL_TRIM,127.53,122.97,3.58,0,Closed 0 worst trades
2026.02.16 12:17:52,410038624,Magic_251101,CRITICAL_TRIM,127.53,122.97,3.58,0,Closed 0 worst trades
2026.02.16 12:17:52,410038624,Magic_251101,CRITICAL_TRIM,127.53,122.97,3.58,0,Closed 0 worst trades
2026.02.16 12:17:52,410038624,Magic_251101,CRITICAL_TRIM,127.53,122.97,3.58,0,Closed 0 worst trades
2026.02.16 12:17:53,410038624,Magic_251101,CRITICAL_TRIM,127.53,122.97,3.58,0,Closed 0 worst trades
2026.02.16 12:17:53,410038624,Magic_251101,CRITICAL_TRIM,127.53,122.97,3.58,0,Closed 0 worst trades
2026.02.16 12:17:54,410038624,Magic_251101,CRITICAL_TRIM,127.53,122.97,3.58,0,Closed 0 worst trades
2026.02.16 12:17:54,410038624,Magic_251101,CRITICAL_TRIM,127.53,122.97,3.58,0,Closed 0 worst trades
2026.02.16 12:17:54,410038624,Magic_251101,CRITICAL_TRIM,127.53,122.97,3.58,0,Closed 0 worst trades
2026.02.16 12:17:55,410038624,Magic_251101,CRITICAL_TRIM,127.53,122.97,3.58,0,Closed 0 worst trades
2026.02.16 12:17:55,410038624,Magic_251101,CRITICAL_TRIM,127.53,122.97,3.58,0,Closed 0 worst trades
2026.02.16 12:17:55,410038624,Magic_251101,CRITICAL_TRIM,127.53,122.97,3.58,0,Closed 0 worst trades
2026.02.16 12:17:55,410038624,Magic_251101,CRITICAL_TRIM,127.53,122.97,3.58,0,Closed 0 worst trades
2026.02.16 12:17:55,410038624,Magic_251101,CRITICAL_TRIM,127.53,122.97,3.58,0,Closed 0 worst trades
2026.02.16 12:17:56,410038624,Magic_251101,CRITICAL_TRIM,127.53,122.97,3.58,0,Closed 0 worst trades
2026.02.16 12:17:56,410038624,Magic_251101,CRITICAL_TRIM,127.53,122.97,3.58,0,Closed 0 worst trades
2026.02.16 12:17:57,410038624,Magic_251101,CRITICAL_TRIM,127.53,122.97,3.58,0,Closed 0 worst trades
2026.02.16 12:17:58,410038624,Magic_251101,CRITICAL_TRIM,127.53,122.97,3.58,0,Closed 0 worst trades
2026.02.16 12:17:58,410038624,Magic_251101,CRITICAL_TRIM,127.53,122.97,3.58,0,Closed 0 worst trades
2026.02.16 12:17:58,410038624,Magic_251101,CRITICAL_TRIM,127.53,122.97,3.58,0,Closed 0 worst trades
2026.02.16 12:17:58,410038624,Magic_251101,CRITICAL_TRIM,127.53,122.97,3.58,0,Closed 0 worst trades
2026.02.16 12:17:58,410038624,Magic_251101,CRITICAL_TRIM,127.53,122.97,3.58,0,Closed 0 worst trades
2026.02.16 12:18:00,410038624,Magic_251101,CRITICAL_TRIM,127.53,122.97,3.58,0,Closed 0 worst trades
2026.02.16 12:18:00,410038624,Magic_251101,CRITICAL_TRIM,127.53,122.97,3.58,0,Closed 0 worst trades
2026.02.16 12:18:01,410038624,Magic_251101,CRITICAL_TRIM,127.53,122.97,3.58,0,Closed 0 worst trades
2026.02.16 12:18:01,410038624,Magic_251101,CRITICAL_TRIM,127.53,122.97,3.58,0,Closed 0 worst trades
2026.02.16 12:18:01,410038624,Magic_251101,CRITICAL_TRIM,127.53,122.97,3.58,0,Closed 0 worst trades
2026.02.16 12:18:02,410038624,Magic_251101,CRITICAL_TRIM,127.53,122.97,3.58,0,Closed 0 worst trades
2026.02.16 12:18:02,410038624,Magic_251101,CRITICAL_TRIM,127.53,122.97,3.58,0,Closed 0 worst trades
2026.02.16 12:18:02,410038624,Magic_251101,CRITICAL_TRIM,127.53,122.97,3.58,0,Closed 0 worst trades
2026.02.16 12:18:02,410038624,Magic_251101,CRITICAL_TRIM,127.53,122.97,3.58,0,Closed 0 worst trades
2026.02.16 12:18:03,410038624,Magic_251101,CRITICAL_TRIM,127.53,122.97,3.58,0,Closed 0 worst trades
2026.02.16 12:18:04,410038624,Magic_251101,CRITICAL_TRIM,127.53,122.97,3.58,0,Closed 0 worst trades
2026.02.16 12:18:04,410038624,Magic_251101,CRITICAL_TRIM,127.53,122.97,3.58,0,Closed 0 worst trades
2026.02.16 12:18:05,410038624,Magic_251101,CRITICAL_TRIM,127.53,122.97,3.58,0,Closed 0 worst trades
2026.02.16 12:18:05,410038624,Magic_251101,CRITICAL_TRIM,127.53,122.97,3.58,0,Closed 0 worst trades
2026.02.16 12:18:06,410038624,Magic_251101,CRITICAL_TRIM,127.53,122.97,3.58,0,Closed 0 worst trades
2026.02.16 12:18:06,410038624,Magic_251101,CRITICAL_TRIM,127.53,122.97,3.58,0,Closed 0 worst trades
2026.02.16 12:18:07,410038624,Magic_251101,CRITICAL_TRIM,127.53,122.97,3.58,0,Closed 0 worst trades
2026.02.16 12:18:07,410038624,Magic_251101,CRITICAL_TRIM,127.53,122.97,3.58,0,Closed 0 worst trades
2026.02.16 12:18:07,410038624,Magic_251101,CRITICAL_TRIM,127.53,122.97,3.58,0,Closed 0 worst trades
2026.02.16 12:18:08,410038624,Magic_251101,CRITICAL_TRIM,127.53,122.97,3.58,0,Closed 0 worst trades
2026.02.16 12:18:08,410038624,Magic_251101,CRITICAL_TRIM,127.53,122.97,3.58,0,Closed 0 worst trades
2026.02.16 12:18:08,410038624,Magic_251101,CRITICAL_TRIM,127.53,122.97,3.58,0,Closed 0 worst trades
2026.02.16 12:18:08,410038624,Magic_251101,CRITICAL_TRIM,127.53,122.97,3.58,0,Closed 0 worst trades
2026.02.16 12:18:08,410038624,Magic_251101,CRITICAL_TRIM,127.53,122.97,3.58,0,Closed 0 worst trades
2026.02.16 12:18:08,410038624,Magic_251101,CRITICAL_TRIM,127.53,122.97,3.58,0,Closed 0 worst trades
2026.02.16 12:18:09,410038624,Magic_251101,CRITICAL_TRIM,127.53,122.97,3.58,0,Closed 0 worst trades
2026.02.16 12:18:09,410038624,Magic_251101,CRITICAL_TRIM,127.53,122.97,3.58,0,Closed 0 worst trades
2026.02.16 12:18:09,410038624,Magic_251101,CRITICAL_TRIM,127.53,122.97,3.58,0,Closed 0 worst trades
2026.02.16 12:18:10,410038624,Magic_251101,CRITICAL_TRIM,127.53,122.97,3.58,0,Closed 0 worst trades
2026.02.16 12:18:10,410038624,Magic_251101,CRITICAL_TRIM,127.53,122.97,3.58,0,Closed 0 worst trades
2026.02.16 12:18:10,410038624,Magic_251101,CRITICAL_TRIM,127.53,122.97,3.58,0,Closed 0 worst trades
2026.02.16 12:18:11,410038624,Magic_251101,CRITICAL_TRIM,127.53,122.97,3.58,0,Closed 0 worst trades
2026.02.16 12:18:11,410038624,Magic_251101,CRITICAL_TRIM,127.53,122.97,3.58,0,Closed 0 worst trades
2026.02.16 12:18:11,410038624,Magic_251101,CRITICAL_TRIM,127.53,122.97,3.58,0,Closed 0 worst trades
2026.02.16 12:18:12,410038624,Magic_251101,CRITICAL_TRIM,127.53,122.97,3.58,0,Closed 0 worst trades
2026.02.16 12:18:12,410038624,Magic_251101,CRITICAL_TRIM,127.53,122.97,3.58,0,Closed 0 worst trades
2026.02.16 12:18:12,410038624,Magic_251101,CRITICAL_TRIM,127.53,122.97,3.58,0,Closed 0 worst trades
2026.02.16 12:18:12,410038624,Magic_251101,CRITICAL_TRIM,127.53,122.97,3.58,0,Closed 0 worst trades
2026.02.16 12:18:12,410038624,Magic_251101,CRITICAL_TRIM,127.53,122.97,3.58,0,Closed 0 worst trades
2026.02.16 12:18:12,410038624,Magic_251101,CRITICAL_TRIM,127.53,122.97,3.58,0,Closed 0 worst trades
2026.02.16 12:18:12,410038624,Magic_251101,CRITICAL_TRIM,127.53,122.97,3.58,0,Closed 0 worst trades
2026.02.16 12:18:13,410038624,Magic_251101,CRITICAL_TRIM,127.53,122.97,3.58,0,Closed 0 worst trades
2026.02.16 12:18:13,410038624,Magic_251101,CRITICAL_TRIM,127.53,122.97,3.58,0,Closed 0 worst trades
2026.02.16 12:18:13,410038624,Magic_251101,CRITICAL_TRIM,127.53,122.97,3.58,0,Closed 0 worst trades
2026.02.16 12:18:13,410038624,Magic_251101,CRITICAL_TRIM,127.53,122.97,3.58,0,Closed 0 worst trades
2026.02.16 12:18:14,410038624,Magic_251101,CRITICAL_TRIM,127.53,122.97,3.58,0,Closed 0 worst trades
2026.02.16 12:18:14,410038624,Magic_251101,CRITICAL_TRIM,127.53,122.97,3.58,0,Closed 0 worst trades
2026.02.16 12:18:15,410038624,Magic_251101,CRITICAL_TRIM,127.53,122.97,3.58,0,Closed 0 worst trades
2026.02.16 12:18:15,410038624,Magic_251101,CRITICAL_TRIM,127.53,122.97,3.58,0,Closed 0 worst trades
2026.02.16 12:18:16,410038624,Magic_251101,CRITICAL_TRIM,127.53,122.97,3.58,0,Closed 0 worst trades
2026.02.16 12:18:16,410038624,Magic_251101,CRITICAL_TRIM,127.53,122.97,3.58,0,Closed 0 worst trades
2026.02.16 12:18:16,410038624,Magic_251101,CRITICAL_TRIM,127.53,122.97,3.58,0,Closed 0 worst trades
2026.02.16 12:18:16,410038624,Magic_251101,CRITICAL_TRIM,127.53,122.97,3.58,0,Closed 0 worst trades
2026.02.16 12:18:16,410038624,Magic_251101,CRITICAL_TRIM,127.53,122.97,3.58,0,Closed 0 worst trades
2026.02.16 12:18:17,410038624,Magic_251101,CRITICAL_TRIM,127.53,122.97,3.58,0,Closed 0 worst trades
2026.02.16 12:18:17,410038624,Magic_251101,CRITICAL_TRIM,127.53,122.97,3.58,0,Closed 0 worst trades
2026.02.16 12:18:17,410038624,Magic_251101,CRITICAL_TRIM,127.53,122.97,3.58,0,Closed 0 worst trades
2026.02.16 12:18:17,410038624,Magic_251101,CRITICAL_TRIM,127.53,122.97,3.58,0,Closed 0 worst trades
2026.02.16 12:18:17,410038624,Magic_251101,CRITICAL_TRIM,127.53,122.97,3.58,0,Closed 0 worst trades
2026.02.16 12:18:18,410038624,Magic_251101,CRITICAL_TRIM,127.53,122.97,3.58,0,Closed 0 worst trades
2026.02.16 12:18:18,410038624,Magic_251101,CRITICAL_TRIM,127.53,122.97,3.58,0,Closed 0 worst trades
2026.02.16 12:18:18,410038624,Magic_251101,CRITICAL_TRIM,127.53,122.97,3.58,0,Closed 0 worst trades
2026.02.16 12:18:18,410038624,Magic_251101,CRITICAL_TRIM,127.53,122.97,3.58,0,Closed 0 worst trades
2026.02.16 12:18:18,410038624,Magic_251101,CRITICAL_TRIM,127.53,122.97,3.58,0,Closed 0 worst trades
2026.02.16 12:18:18,410038624,Magic_251101,CRITICAL_TRIM,127.53,122.97,3.58,0,Closed 0 worst trades
2026.02.16 12:18:18,410038624,Magic_251101,CRITICAL_TRIM,127.53,122.97,3.58,0,Closed 0 worst trades
2026.02.16 12:18:19,410038624,Magic_251101,CRITICAL_TRIM,127.53,122.97,3.58,0,Closed 0 worst trades
2026.02.16 12:18:19,410038624,Magic_251101,CRITICAL_TRIM,127.53,122.97,3.58,0,Closed 0 worst trades
2026.02.16 12:18:19,410038624,Magic_251101,CRITICAL_TRIM,127.53,122.97,3.58,0,Closed 0 worst trades
2026.02.16 12:18:19,410038624,Magic_251101,CRITICAL_TRIM,127.53,122.97,3.58,0,Closed 0 worst trades
2026.02.16 12:18:19,410038624,Magic_251101,CRITICAL_TRIM,127.53,122.97,3.58,0,Closed 0 worst trades
2026.02.16 12:18:20,410038624,Magic_251101,CRITICAL_TRIM,127.53,122.97,3.58,0,Closed 0 worst trades
2026.02.16 12:18:20,410038624,Magic_251101,CRITICAL_TRIM,127.53,122.97,3.58,0,Closed 0 worst trades
2026.02.16 12:18:20,410038624,Magic_251101,CRITICAL_TRIM,127.53,122.97,3.58,0,Closed 0 worst trades
2026.02.16 12:18:20,410038624,Magic_251101,CRITICAL_TRIM,127.53,122.97,3.58,0,Closed 0 worst trades
2026.02.16 12:18:20,410038624,Magic_251101,CRITICAL_TRIM,127.53,122.97,3.58,0,Closed 0 worst trades
2026.02.16 12:18:20,410038624,Magic_251101,CRITICAL_TRIM,127.53,122.97,3.58,0,Closed 0 worst trades
2026.02.16 12:18:20,410038624,Magic_251101,CRITICAL_TRIM,127.53,122.97,3.58,0,Closed 0 worst trades
2026.02.16 12:18:20,410038624,Magic_251101,CRITICAL_TRIM,127.53,122.97,3.58,0,Closed 0 worst trades
2026.02.16 12:18:21,410038624,Magic_251101,CRITICAL_TRIM,127.53,122.97,3.58,0,Closed 0 worst trades
2026.02.16 12:18:21,410038624,Magic_251101,CRITICAL_TRIM,127.53,122.97,3.58,0,Closed 0 worst trades
2026.02.16 12:18:21,410038624,Magic_251101,CRITICAL_TRIM,127.53,122.97,3.58,0,Closed 0 worst trades
2026.02.16 12:18:21,410038624,Magic_251101,CRITICAL_TRIM,127.53,122.97,3.58,0,Closed 0 worst trades
2026.02.16 12:18:21,410038624,Magic_251101,CRITICAL_TRIM,127.53,122.97,3.58,0,Closed 0 worst trades
2026.02.16 12:18:21,410038624,Magic_251101,CRITICAL_TRIM,127.53,122.97,3.58,0,Closed 0 worst trades
2026.02.16 12:18:22,410038624,Magic_251101,CRITICAL_TRIM,127.53,122.97,3.58,0,Closed 0 worst trades
2026.02.16 12:18:22,410038624,Magic_251101,CRITICAL_TRIM,127.53,122.97,3.58,0,Closed 0 worst trades
2026.02.16 12:18:22,410038624,Magic_251101,CRITICAL_TRIM,127.53,122.97,3.58,0,Closed 0 worst trades
2026.02.16 12:18:22,410038624,Magic_251101,CRITICAL_TRIM,127.53,122.97,3.58,0,Closed 0 worst trades
2026.02.16 12:18:23,410038624,Magic_251101,CRITICAL_TRIM,127.53,122.97,3.58,0,Closed 0 worst trades
2026.02.16 12:18:23,410038624,Magic_251101,CRITICAL_TRIM,127.53,122.97,3.58,0,Closed 0 worst trades
2026.02.16 12:18:23,410038624,Magic_251101,CRITICAL_TRIM,127.53,122.97,3.58,0,Closed 0 worst trades
2026.02.16 12:18:24,410038624,Magic_251101,CRITICAL_TRIM,127.53,122.97,3.58,0,Closed 0 worst trades
2026.02.16 12:18:24,410038624,Magic_251101,CRITICAL_TRIM,127.53,122.97,3.58,0,Closed 0 worst trades
2026.02.16 12:18:24,410038624,Magic_251101,CRITICAL_TRIM,127.53,122.97,3.58,0,Closed 0 worst trades
2026.02.16 12:18:24,410038624,Magic_251101,CRITICAL_TRIM,127.53,122.97,3.58,0,Closed 0 worst trades
2026.02.16 12:18:25,410038624,Magic_251101,CRITICAL_TRIM,127.53,122.97,3.58,0,Closed 0 worst trades
2026.02.16 12:18:25,410038624,Magic_251101,CRITICAL_TRIM,127.53,122.97,3.58,0,Closed 0 worst trades
2026.02.16 12:18:25,410038624,Magic_251101,CRITICAL_TRIM,127.53,122.97,3.58,0,Closed 0 worst trades
2026.02.16 12:18:25,410038624,Magic_251101,CRITICAL_TRIM,127.53,122.97,3.58,0,Closed 0 worst trades
2026.02.16 12:18:25,410038624,Magic_251101,CRITICAL_TRIM,127.53,122.97,3.58,0,Closed 0 worst trades
2026.02.16 12:18:26,410038624,Magic_251101,CRITICAL_TRIM,127.53,122.97,3.58,0,Closed 0 worst trades
2026.02.16 12:18:26,410038624,Magic_251101,CRITICAL_TRIM,127.53,122.97,3.58,0,Closed 0 worst trades
2026.02.16 12:18:26,410038624,Magic_251101,CRITICAL_TRIM,127.53,122.97,3.58,0,Closed 0 worst trades
2026.02.16 12:18:26,410038624,Magic_251101,CRITICAL_TRIM,127.53,122.97,3.58,0,Closed 0 worst trades
2026.02.16 12:18:26,410038624,Magic_251101,CRITICAL_TRIM,127.53,122.97,3.58,0,Closed 0 worst trades
2026.02.16 12:18:27,410038624,Magic_251101,CRITICAL_TRIM,127.53,122.97,3.58,0,Closed 0 worst trades
2026.02.16 12:18:27,410038624,Magic_251101,CRITICAL_TRIM,127.53,122.97,3.58,0,Closed 0 worst trades
2026.02.16 12:18:27,410038624,Magic_251101,CRITICAL_TRIM,127.53,122.97,3.58,0,Closed 0 worst trades
2026.02.16 12:18:27,410038624,Magic_251101,CRITICAL_TRIM,127.53,122.97,3.58,0,Closed 0 worst trades
2026.02.16 12:18:27,410038624,Magic_251101,CRITICAL_TRIM,127.53,122.97,3.58,0,Closed 0 worst trades
2026.02.16 12:18:27,410038624,Magic_251101,CRITICAL_TRIM,127.53,122.97,3.58,0,Closed 0 worst trades
2026.02.16 12:18:28,410038624,Magic_251101,CRITICAL_TRIM,127.53,122.97,3.58,0,Closed 0 worst trades
2026.02.16 12:18:28,410038624,Magic_251101,CRITICAL_TRIM,127.53,122.97,3.58,0,Closed 0 worst trades
2026.02.16 12:18:28,410038624,Magic_251101,CRITICAL_TRIM,127.53,122.97,3.58,0,Closed 0 worst trades
2026.02.16 12:18:28,410038624,Magic_251101,CRITICAL_TRIM,127.53,122.97,3.58,0,Closed 0 worst trades
2026.02.16 12:18:28,410038624,Magic_251101,CRITICAL_TRIM,127.53,122.97,3.58,0,Closed 0 worst trades
2026.02.16 12:18:28,410038624,Magic_251101,CRITICAL_TRIM,127.53,122.97,3.58,0,Closed 0 worst trades
2026.02.16 12:18:28,410038624,Magic_251101,CRITICAL_TRIM,127.53,122.97,3.58,0,Closed 0 worst trades
2026.02.16 12:18:29,410038624,Magic_251101,CRITICAL_TRIM,127.53,122.97,3.58,0,Closed 0 worst trades
2026.02.16 12:18:29,410038624,Magic_251101,CRITICAL_TRIM,127.53,122.97,3.58,0,Closed 0 worst trades
2026.02.16 12:18:29,410038624,Magic_251101,CRITICAL_TRIM,127.53,122.97,3.58,0,Closed 0 worst trades
2026.02.16 12:18:29,410038624,Magic_251101,CRITICAL_TRIM,127.53,122.97,3.58,0,Closed 0 worst trades
2026.02.16 12:18:30,410038624,Magic_251101,CRITICAL_TRIM,127.53,122.97,3.58,0,Closed 0 worst trades
2026.02.16 12:18:30,410038624,Magic_251101,CRITICAL_TRIM,127.53,122.97,3.58,0,Closed 0 worst trades
2026.02.16 12:18:30,410038624,Magic_251101,CRITICAL_TRIM,127.53,122.97,3.58,0,Closed 0 worst trades
2026.02.16 12:18:30,410038624,Magic_251101,CRITICAL_TRIM,127.53,122.97,3.58,0,Closed 0 worst trades
2026.02.16 12:18:31,410038624,Magic_251101,CRITICAL_TRIM,127.53,122.97,3.58,0,Closed 0 worst trades
2026.02.16 12:18:31,410038624,Magic_251101,CRITICAL_TRIM,127.53,122.97,3.58,0,Closed 0 worst trades
2026.02.16 12:18:31,410038624,Magic_251101,CRITICAL_TRIM,127.53,122.97,3.58,0,Closed 0 worst trades
2026.02.16 12:18:31,410038624,Magic_251101,CRITICAL_TRIM,127.53,122.97,3.58,0,Closed 0 worst trades
2026.02.16 12:18:31,410038624,Magic_251101,CRITICAL_TRIM,127.53,122.97,3.58,0,Closed 0 worst trades
2026.02.16 12:18:31,410038624,Magic_251101,CRITICAL_TRIM,127.53,122.97,3.58,0,Closed 0 worst trades
2026.02.16 12:18:32,410038624,Magic_251101,CRITICAL_TRIM,127.53,122.97,3.58,0,Closed 0 worst trades
2026.02.16 12:18:32,410038624,Magic_251101,CRITICAL_TRIM,127.53,122.97,3.58,0,Closed 0 worst trades
2026.02.16 12:18:32,410038624,Magic_251101,CRITICAL_TRIM,127.53,122.97,3.58,0,Closed 0 worst trades
2026.02.16 12:18:32,410038624,Magic_251101,CRITICAL_TRIM,127.53,122.97,3.58,0,Closed 0 worst trades
2026.02.16 12:18:32,410038624,Magic_251101,CRITICAL_TRIM,127.53,122.97,3.58,0,Closed 0 worst trades
2026.02.16 12:18:32,410038624,Magic_251101,CRITICAL_TRIM,127.53,122.97,3.58,0,Closed 0 worst trades
2026.02.16 12:18:32,410038624,Magic_251101,CRITICAL_TRIM,127.53,122.97,3.58,0,Closed 0 worst trades
2026.02.16 12:18:33,410038624,Magic_251101,CRITICAL_TRIM,127.53,122.97,3.58,0,Closed 0 worst trades
2026.02.16 12:18:33,410038624,Magic_251101,CRITICAL_TRIM,127.53,122.97,3.58,0,Closed 0 worst trades
2026.02.16 12:18:34,410038624,Magic_251101,CRITICAL_TRIM,127.53,122.97,3.58,0,Closed 0 worst trades
2026.02.16 12:18:34,410038624,Magic_251101,CRITICAL_TRIM,127.53,122.97,3.58,0,Closed 0 worst trades
2026.02.16 12:18:34,410038624,Magic_251101,CRITICAL_TRIM,127.53,122.97,3.58,0,Closed 0 worst trades
2026.02.16 12:18:34,410038624,Magic_251101,CRITICAL_TRIM,127.53,122.97,3.58,0,Closed 0 worst trades
2026.02.16 12:18:35,410038624,Magic_251101,CRITICAL_TRIM,127.53,122.97,3.58,0,Closed 0 worst trades
2026.02.16 12:18:35,410038624,Magic_251101,CRITICAL_TRIM,127.53,122.97,3.58,0,Closed 0 worst trades
2026.02.16 12:18:36,410038624,Magic_251101,CRITICAL_TRIM,127.53,122.97,3.58,0,Closed 0 worst trades
2026.02.16 12:18:36,410038624,Magic_251101,CRITICAL_TRIM,127.53,122.97,3.58,0,Closed 0 worst trades
2026.02.16 12:18:36,410038624,Magic_251101,CRITICAL_TRIM,127.53,122.97,3.58,0,Closed 0 worst trades
2026.02.16 12:18:36,410038624,Magic_251101,CRITICAL_TRIM,127.53,122.97,3.58,0,Closed 0 worst trades
2026.02.16 12:18:36,410038624,Magic_251101,CRITICAL_TRIM,127.53,122.97,3.58,0,Closed 0 worst trades
2026.02.16 12:18:36,410038624,Magic_251101,CRITICAL_TRIM,127.53,122.97,3.58,0,Closed 0 worst trades
2026.02.16 12:18:36,410038624,Magic_251101,CRITICAL_TRIM,127.53,122.97,3.58,0,Closed 0 worst trades
2026.02.16 12:18:36,410038624,Magic_251101,CRITICAL_TRIM,127.53,122.97,3.58,0,Closed 0 worst trades
2026.02.16 12:18:37,410038624,Magic_251101,CRITICAL_TRIM,127.53,122.97,3.58,0,Closed 0 worst trades
2026.02.16 12:18:37,410038624,Magic_251101,CRITICAL_TRIM,127.53,122.97,3.58,0,Closed 0 worst trades
2026.02.16 12:18:37,410038624,Magic_251101,CRITICAL_TRIM,127.53,122.97,3.58,0,Closed 0 worst trades
2026.02.16 12:18:37,410038624,Magic_251101,CRITICAL_TRIM,127.53,122.97,3.58,0,Closed 0 worst trades
2026.02.16 12:18:37,410038624,Magic_251101,CRITICAL_TRIM,127.53,122.97,3.58,0,Closed 0 worst trades
2026.02.16 12:18:38,410038624,Magic_251101,CRITICAL_TRIM,127.53,122.97,3.58,0,Closed 0 worst trades
2026.02.16 12:18:38,410038624,Magic_251101,CRITICAL_TRIM,127.53,122.97,3.58,0,Closed 0 worst trades
2026.02.16 12:18:38,410038624,Magic_251101,CRITICAL_TRIM,127.53,122.97,3.58,0,Closed 0 worst trades
2026.02.16 12:18:39,410038624,Magic_251101,CRITICAL_TRIM,127.53,122.97,3.58,0,Closed 0 worst trades
2026.02.16 12:18:40,410038624,Magic_251101,CRITICAL_TRIM,127.53,122.97,3.58,0,Closed 0 worst trades
2026.02.16 12:18:40,410038624,Magic_251101,CRITICAL_TRIM,127.53,122.97,3.58,0,Closed 0 worst trades
2026.02.16 12:18:40,410038624,Magic_251101,CRITICAL_TRIM,127.53,122.97,3.58,0,Closed 0 worst trades
2026.02.16 12:18:40,410038624,Magic_251101,CRITICAL_TRIM,127.53,122.97,3.58,0,Closed 0 worst trades
2026.02.16 12:18:40,410038624,Magic_251101,CRITICAL_TRIM,127.53,122.97,3.58,0,Closed 0 worst trades
2026.02.16 12:18:40,410038624,Magic_251101,CRITICAL_TRIM,127.53,122.97,3.58,0,Closed 0 worst trades
2026.02.16 12:18:40,410038624,Magic_251101,CRITICAL_TRIM,127.53,122.97,3.58,0,Closed 0 worst trades
2026.02.16 12:18:41,410038624,Magic_251101,CRITICAL_TRIM,127.53,122.97,3.58,0,Closed 0 worst trades
2026.02.16 12:18:41,410038624,Magic_251101,CRITICAL_TRIM,127.53,122.97,3.58,0,Closed 0 worst trades
2026.02.16 12:18:41,410038624,Magic_251101,CRITICAL_TRIM,127.53,122.97,3.58,0,Closed 0 worst trades
2026.02.16 12:18:41,410038624,Magic_251101,CRITICAL_TRIM,127.53,122.97,3.58,0,Closed 0 worst trades
2026.02.16 12:18:41,410038624,Magic_251101,CRITICAL_TRIM,127.53,122.97,3.58,0,Closed 0 worst trades
2026.02.16 12:18:41,410038624,Magic_251101,CRITICAL_TRIM,127.53,122.97,3.58,0,Closed 0 worst trades
2026.02.16 12:18:42,410038624,Magic_251101,CRITICAL_TRIM,127.53,122.97,3.58,0,Closed 0 worst trades
2026.02.16 12:18:42,410038624,Magic_251101,CRITICAL_TRIM,127.53,122.97,3.58,0,Closed 0 worst trades
2026.02.16 12:18:42,410038624,Magic_251101,CRITICAL_TRIM,127.53,122.97,3.58,0,Closed 0 worst trades
2026.02.16 12:18:42,410038624,Magic_251101,CRITICAL_TRIM,127.53,122.97,3.58,0,Closed 0 worst trades
2026.02.16 12:18:43,410038624,Magic_251101,CRITICAL_TRIM,127.53,122.97,3.58,0,Closed 0 worst trades
2026.02.16 12:18:43,410038624,Magic_251101,CRITICAL_TRIM,127.53,122.97,3.58,0,Closed 0 worst trades
2026.02.16 12:18:44,410038624,Magic_251101,CRITICAL_TRIM,127.53,122.97,3.58,0,Closed 0 worst trades
2026.02.16 12:18:44,410038624,Magic_251101,CRITICAL_TRIM,127.53,122.97,3.58,0,Closed 0 worst trades
2026.02.16 12:18:45,410038624,Magic_251101,CRITICAL_TRIM,127.53,122.97,3.58,0,Closed 0 worst trades
2026.02.16 12:18:45,410038624,Magic_251101,CRITICAL_TRIM,127.53,122.97,3.58,0,Closed 0 worst trades
2026.02.16 12:18:45,410038624,Magic_251101,CRITICAL_TRIM,127.53,122.97,3.58,0,Closed 0 worst trades
2026.02.16 12:18:45,410038624,Magic_251101,CRITICAL_TRIM,127.53,122.97,3.58,0,Closed 0 worst trades
2026.02.16 12:18:45,410038624,Magic_251101,CRITICAL_TRIM,127.53,122.97,3.58,0,Closed 0 worst trades
2026.02.16 12:18:45,410038624,Magic_251101,CRITICAL_TRIM,127.53,122.97,3.58,0,Closed 0 worst trades
2026.02.16 12:18:45,410038624,Magic_251101,CRITICAL_TRIM,127.53,122.97,3.58,0,Closed 0 worst trades
2026.02.16 12:18:45,410038624,Magic_251101,CRITICAL_TRIM,127.53,122.97,3.58,0,Closed 0 worst trades
2026.02.16 12:18:46,410038624,Magic_251101,CRITICAL_TRIM,127.53,122.97,3.58,0,Closed 0 worst trades
2026.02.16 12:18:46,410038624,Magic_251101,CRITICAL_TRIM,127.53,122.97,3.58,0,Closed 0 worst trades
2026.02.16 12:18:46,410038624,Magic_251101,CRITICAL_TRIM,127.53,122.97,3.58,0,Closed 0 worst trades
2026.02.16 12:18:46,410038624,Magic_251101,CRITICAL_TRIM,127.53,122.97,3.58,0,Closed 0 worst trades
2026.02.16 12:18:46,410038624,Magic_251101,CRITICAL_TRIM,127.53,122.97,3.58,0,Closed 0 worst trades
2026.02.16 12:18:46,410038624,Magic_251101,CRITICAL_TRIM,127.53,122.97,3.58,0,Closed 0 worst trades
2026.02.16 12:18:46,410038624,Magic_251101,CRITICAL_TRIM,127.53,122.97,3.58,0,Closed 0 worst trades
2026.02.16 12:18:47,410038624,Magic_251101,CRITICAL_TRIM,127.53,122.97,3.58,0,Closed 0 worst trades
2026.02.16 12:18:47,410038624,Magic_251101,CRITICAL_TRIM,127.53,122.97,3.58,0,Closed 0 worst trades
2026.02.16 12:18:47,410038624,Magic_251101,CRITICAL_TRIM,127.53,122.97,3.58,0,Closed 0 worst trades
2026.02.16 12:18:47,410038624,Magic_251101,CRITICAL_TRIM,127.53,122.97,3.58,0,Closed 0 worst trades
2026.02.16 12:18:47,410038624,Magic_251101,CRITICAL_TRIM,127.53,122.97,3.58,0,Closed 0 worst trades
2026.02.16 12:18:48,410038624,Magic_251101,CRITICAL_TRIM,127.53,122.97,3.58,0,Closed 0 worst trades
2026.02.16 12:18:48,410038624,Magic_251101,CRITICAL_TRIM,127.53,122.97,3.58,0,Closed 0 worst trades
2026.02.16 12:18:48,410038624,Magic_251101,CRITICAL_TRIM,127.53,122.97,3.58,0,Closed 0 worst trades
2026.02.16 12:18:48,410038624,Magic_251101,CRITICAL_TRIM,127.53,122.97,3.58,0,Closed 0 worst trades
2026.02.16 12:18:48,410038624,Magic_251101,CRITICAL_TRIM,127.53,122.97,3.58,0,Closed 0 worst trades
2026.02.16 12:18:48,410038624,Magic_251101,CRITICAL_TRIM,127.53,122.97,3.58,0,Closed 0 worst trades
2026.02.16 12:18:49,410038624,Magic_251101,CRITICAL_TRIM,127.53,122.97,3.58,0,Closed 0 worst trades
2026.02.16 12:18:49,410038624,Magic_251101,CRITICAL_TRIM,127.53,122.97,3.58,0,Closed 0 worst trades
2026.02.16 12:18:49,410038624,Magic_251101,CRITICAL_TRIM,127.53,122.97,3.58,0,Closed 0 worst trades
2026.02.16 12:18:49,410038624,Magic_251101,CRITICAL_TRIM,127.53,122.97,3.58,0,Closed 0 worst trades
2026.02.16 12:18:49,410038624,Magic_251101,CRITICAL_TRIM,127.53,122.97,3.58,0,Closed 0 worst trades
2026.02.16 12:18:49,410038624,Magic_251101,CRITICAL_TRIM,127.53,122.97,3.58,0,Closed 0 worst trades
2026.02.16 12:18:50,410038624,Magic_251101,CRITICAL_TRIM,127.53,122.97,3.58,0,Closed 0 worst trades
2026.02.16 12:18:50,410038624,Magic_251101,CRITICAL_TRIM,127.53,122.97,3.58,0,Closed 0 worst trades
2026.02.16 12:18:50,410038624,Magic_251101,CRITICAL_TRIM,127.53,122.97,3.58,0,Closed 0 worst trades
2026.02.16 12:18:50,410038624,Magic_251101,CRITICAL_TRIM,127.53,122.97,3.58,0,Closed 0 worst trades
2026.02.16 12:18:50,410038624,Magic_251101,CRITICAL_TRIM,127.53,122.97,3.58,0,Closed 0 worst trades
2026.02.16 12:18:50,410038624,Magic_251101,CRITICAL_TRIM,127.53,122.97,3.58,0,Closed 0 worst trades
2026.02.16 12:18:50,410038624,Magic_251101,CRITICAL_TRIM,127.53,122.97,3.58,0,Closed 0 worst trades
2026.02.16 12:18:50,410038624,Magic_251101,CRITICAL_TRIM,127.53,122.97,3.58,0,Closed 0 worst trades
2026.02.16 12:18:50,410038624,Magic_251101,CRITICAL_TRIM,127.53,122.97,3.58,0,Closed 0 worst trades
2026.02.16 12:18:50,410038624,Magic_251101,CRITICAL_TRIM,127.53,122.97,3.58,0,Closed 0 worst trades
2026.02.16 12:18:51,410038624,Magic_251101,CRITICAL_TRIM,127.53,122.97,3.58,0,Closed 0 worst trades
2026.02.16 12:18:51,410038624,Magic_251101,CRITICAL_TRIM,127.53,122.97,3.58,0,Closed 0 worst trades
2026.02.16 12:18:51,410038624,Magic_251101,CRITICAL_TRIM,127.53,122.97,3.58,0,Closed 0 worst trades
2026.02.16 12:18:51,410038624,Magic_251101,CRITICAL_TRIM,127.53,122.97,3.58,0,Closed 0 worst trades
2026.02.16 12:18:51,410038624,Magic_251101,CRITICAL_TRIM,127.53,122.97,3.58,0,Closed 0 worst trades
2026.02.16 12:18:51,410038624,Magic_251101,CRITICAL_TRIM,127.53,122.97,3.58,0,Closed 0 worst trades
2026.02.16 12:18:52,410038624,Magic_251101,CRITICAL_TRIM,127.53,122.97,3.58,0,Closed 0 worst trades
2026.02.16 12:18:52,410038624,Magic_251101,CRITICAL_TRIM,127.53,122.97,3.58,0,Closed 0 worst trades
2026.02.16 12:18:52,410038624,Magic_251101,CRITICAL_TRIM,127.53,122.97,3.58,0,Closed 0 worst trades
2026.02.16 12:18:52,410038624,Magic_251101,CRITICAL_TRIM,127.53,122.97,3.58,0,Closed 0 worst trades
2026.02.16 12:18:52,410038624,Magic_251101,CRITICAL_TRIM,127.53,122.97,3.58,0,Closed 0 worst trades
2026.02.16 12:18:53,410038624,Magic_251101,CRITICAL_TRIM,127.53,122.97,3.58,0,Closed 0 worst trades
2026.02.16 12:18:53,410038624,Magic_251101,CRITICAL_TRIM,127.53,122.97,3.58,0,Closed 0 worst trades
2026.02.16 12:18:53,410038624,Magic_251101,CRITICAL_TRIM,127.53,122.97,3.58,0,Closed 0 worst trades
2026.02.16 12:18:53,410038624,Magic_251101,CRITICAL_TRIM,127.53,122.97,3.58,0,Closed 0 worst trades
2026.02.16 12:18:53,410038624,Magic_251101,CRITICAL_TRIM,127.53,122.97,3.58,0,Closed 0 worst trades
2026.02.16 12:18:54,410038624,Magic_251101,CRITICAL_TRIM,127.53,122.97,3.58,0,Closed 0 worst trades
2026.02.16 12:18:54,410038624,Magic_251101,CRITICAL_TRIM,127.53,122.97,3.58,0,Closed 0 worst trades
2026.02.16 12:18:54,410038624,Magic_251101,CRITICAL_TRIM,127.53,122.97,3.58,0,Closed 0 worst trades
2026.02.16 12:18:54,410038624,Magic_251101,CRITICAL_TRIM,127.53,122.97,3.58,0,Closed 0 worst trades
2026.02.16 12:18:54,410038624,Magic_251101,CRITICAL_TRIM,127.53,122.97,3.58,0,Closed 0 worst trades
2026.02.16 12:18:54,410038624,Magic_251101,CRITICAL_TRIM,127.53,122.97,3.58,0,Closed 0 worst trades
2026.02.16 12:18:54,410038624,Magic_251101,CRITICAL_TRIM,127.53,122.97,3.58,0,Closed 0 worst trades
2026.02.16 12:18:54,410038624,Magic_251101,CRITICAL_TRIM,127.53,122.97,3.58,0,Closed 0 worst trades
2026.02.16 12:18:55,410038624,Magic_251101,CRITICAL_TRIM,127.53,122.97,3.58,0,Closed 0 worst trades
2026.02.16 12:18:55,410038624,Magic_251101,CRITICAL_TRIM,127.53,122.97,3.58,0,Closed 0 worst trades
2026.02.16 12:18:55,410038624,Magic_251101,CRITICAL_TRIM,127.53,122.97,3.58,0,Closed 0 worst trades
2026.02.16 12:18:55,410038624,Magic_251101,CRITICAL_TRIM,127.53,122.97,3.58,0,Closed 0 worst trades
2026.02.16 12:18:55,410038624,Magic_251101,CRITICAL_TRIM,127.53,122.97,3.58,0,Closed 0 worst trades
2026.02.16 12:18:55,410038624,Magic_251101,CRITICAL_TRIM,127.53,122.97,3.58,0,Closed 0 worst trades
2026.02.16 12:18:55,410038624,Magic_251101,CRITICAL_TRIM,127.53,122.97,3.58,0,Closed 0 worst trades
2026.02.16 12:18:56,410038624,Magic_251101,CRITICAL_TRIM,127.53,122.97,3.58,0,Closed 0 worst trades
2026.02.16 12:18:56,410038624,Magic_251101,CRITICAL_TRIM,127.53,122.97,3.58,0,Closed 0 worst trades
2026.02.16 12:18:56,410038624,Magic_251101,CRITICAL_TRIM,127.53,122.97,3.58,0,Closed 0 worst trades
2026.02.16 12:18:56,410038624,Magic_251101,CRITICAL_TRIM,127.53,122.97,3.58,0,Closed 0 worst trades
2026.02.16 12:18:56,410038624,Magic_251101,CRITICAL_TRIM,127.53,122.97,3.58,0,Closed 0 worst trades
2026.02.16 12:18:56,410038624,Magic_251101,CRITICAL_TRIM,127.53,122.97,3.58,0,Closed 0 worst trades
2026.02.16 12:18:57,410038624,Magic_251101,CRITICAL_TRIM,127.53,122.97,3.58,0,Closed 0 worst trades
2026.02.16 12:18:57,410038624,Magic_251101,CRITICAL_TRIM,127.53,122.97,3.58,0,Closed 0 worst trades
2026.02.16 12:18:57,410038624,Magic_251101,CRITICAL_TRIM,127.53,122.97,3.58,0,Closed 0 worst trades
2026.02.16 12:18:57,410038624,Magic_251101,CRITICAL_TRIM,127.53,122.97,3.58,0,Closed 0 worst trades
2026.02.16 12:18:58,410038624,Magic_251101,CRITICAL_TRIM,127.53,122.97,3.58,0,Closed 0 worst trades
2026.02.16 12:18:58,410038624,Magic_251101,CRITICAL_TRIM,127.53,122.97,3.58,0,Closed 0 worst trades
2026.02.16 12:18:59,410038624,Magic_251101,CRITICAL_TRIM,127.53,122.97,3.58,0,Closed 0 worst trades
2026.02.16 12:18:59,410038624,Magic_251101,CRITICAL_TRIM,127.53,122.97,3.58,0,Closed 0 worst trades
2026.02.16 12:18:59,410038624,Magic_251101,CRITICAL_TRIM,127.53,122.97,3.58,0,Closed 0 worst trades
2026.02.16 12:18:59,410038624,Magic_251101,CRITICAL_TRIM,127.53,122.97,3.58,0,Closed 0 worst trades
2026.02.16 12:18:59,410038624,Magic_251101,CRITICAL_TRIM,127.53,122.97,3.58,0,Closed 0 worst trades
2026.02.16 12:18:59,410038624,Magic_251101,CRITICAL_TRIM,127.53,122.97,3.58,0,Closed 0 worst trades
2026.02.16 12:19:00,410038624,Magic_251101,CRITICAL_TRIM,127.53,122.97,3.58,0,Closed 0 worst trades
2026.02.16 12:19:00,410038624,Magic_251101,CRITICAL_TRIM,127.53,122.97,3.58,0,Closed 0 worst trades
2026.02.16 12:19:00,410038624,Magic_251101,CRITICAL_TRIM,127.53,122.97,3.58,0,Closed 0 worst trades
2026.02.16 12:19:00,410038624,Magic_251101,CRITICAL_TRIM,127.53,122.97,3.58,0,Closed 0 worst trades
2026.02.16 12:19:00,410038624,Magic_251101,CRITICAL_TRIM,127.53,122.97,3.58,0,Closed 0 worst trades
2026.02.16 12:19:00,410038624,Magic_251101,CRITICAL_TRIM,127.53,122.97,3.58,0,Closed 0 worst trades
2026.02.16 12:19:00,410038624,Magic_251101,CRITICAL_TRIM,127.53,122.97,3.58,0,Closed 0 worst trades
2026.02.16 12:19:01,410038624,Magic_251101,CRITICAL_TRIM,127.53,122.97,3.58,0,Closed 0 worst trades
2026.02.16 12:19:01,410038624,Magic_251101,CRITICAL_TRIM,127.53,122.97,3.58,0,Closed 0 worst trades
2026.02.16 12:19:01,410038624,Magic_251101,CRITICAL_TRIM,127.53,122.97,3.58,0,Closed 0 worst trades
2026.02.16 12:19:01,410038624,Magic_251101,CRITICAL_TRIM,127.53,122.97,3.58,0,Closed 0 worst trades
2026.02.16 12:19:01,410038624,Magic_251101,CRITICAL_TRIM,127.53,122.97,3.58,0,Closed 0 worst trades
2026.02.16 12:19:01,410038624,Magic_251101,CRITICAL_TRIM,127.53,122.97,3.58,0,Closed 0 worst trades
2026.02.16 12:19:01,410038624,Magic_251101,CRITICAL_TRIM,127.53,122.97,3.58,0,Closed 0 worst trades
2026.02.16 12:19:01,410038624,Magic_251101,CRITICAL_TRIM,127.53,122.97,3.58,0,Closed 0 worst trades
2026.02.16 12:19:01,410038624,Magic_251101,CRITICAL_TRIM,127.53,122.97,3.58,0,Closed 0 worst trades
2026.02.16 12:19:02,410038624,Magic_251101,CRITICAL_TRIM,127.53,122.97,3.58,0,Closed 0 worst trades
2026.02.16 12:19:02,410038624,Magic_251101,CRITICAL_TRIM,127.53,122.97,3.58,0,Closed 0 worst trades
2026.02.16 12:19:02,410038624,Magic_251101,CRITICAL_TRIM,127.53,122.97,3.58,0,Closed 0 worst trades
2026.02.16 12:19:02,410038624,Magic_251101,CRITICAL_TRIM,127.53,122.97,3.58,0,Closed 0 worst trades
2026.02.16 12:19:02,410038624,Magic_251101,CRITICAL_TRIM,127.53,122.97,3.58,0,Closed 0 worst trades
2026.02.16 12:19:03,410038624,Magic_251101,CRITICAL_TRIM,127.53,122.97,3.58,0,Closed 0 worst trades
2026.02.16 12:19:03,410038624,Magic_251101,CRITICAL_TRIM,127.53,122.97,3.58,0,Closed 0 worst trades
2026.02.16 12:19:03,410038624,Magic_251101,CRITICAL_TRIM,127.53,122.97,3.58,0,Closed 0 worst trades
2026.02.16 12:19:03,410038624,Magic_251101,CRITICAL_TRIM,127.53,122.97,3.58,0,Closed 0 worst trades
2026.02.16 12:19:03,410038624,Magic_251101,CRITICAL_TRIM,127.53,122.97,3.58,0,Closed 0 worst trades
2026.02.16 12:19:04,410038624,Magic_251101,CRITICAL_TRIM,127.53,122.97,3.58,0,Closed 0 worst trades
2026.02.16 12:19:04,410038624,Magic_251101,CRITICAL_TRIM,127.53,122.97,3.58,0,Closed 0 worst trades
2026.02.16 12:19:06,410038624,Magic_251101,CRITICAL_TRIM,127.53,122.97,3.58,0,Closed 0 worst trades
2026.02.16 12:19:06,410038624,Magic_251101,CRITICAL_TRIM,127.53,122.97,3.58,0,Closed 0 worst trades
2026.02.16 12:19:06,410038624,Magic_251101,CRITICAL_TRIM,127.53,122.97,3.58,0,Closed 0 worst trades
2026.02.16 12:19:06,410038624,Magic_251101,CRITICAL_TRIM,127.53,122.97,3.58,0,Closed 0 worst trades
2026.02.16 12:19:06,410038624,Magic_251101,CRITICAL_TRIM,127.53,122.97,3.58,0,Closed 0 worst trades
2026.02.16 12:19:07,410038624,Magic_251101,CRITICAL_TRIM,127.53,122.97,3.58,0,Closed 0 worst trades
2026.02.16 12:19:07,410038624,Magic_251101,CRITICAL_TRIM,127.53,122.97,3.58,0,Closed 0 worst trades
2026.02.16 12:19:07,410038624,Magic_251101,CRITICAL_TRIM,127.53,122.97,3.58,0,Closed 0 worst trades
2026.02.16 12:19:07,410038624,Magic_251101,CRITICAL_TRIM,127.53,122.97,3.58,0,Closed 0 worst trades
2026.02.16 12:19:07,410038624,Magic_251101,CRITICAL_TRIM,127.53,122.97,3.58,0,Closed 0 worst trades
2026.02.16 12:19:07,410038624,Magic_251101,CRITICAL_TRIM,127.53,122.97,3.58,0,Closed 0 worst trades
2026.02.16 12:19:07,410038624,Magic_251101,CRITICAL_TRIM,127.53,122.97,3.58,0,Closed 0 worst trades
2026.02.16 12:19:07,410038624,Magic_251101,CRITICAL_TRIM,127.53,122.97,3.58,0,Closed 0 worst trades
2026.02.16 12:19:08,410038624,Magic_251101,CRITICAL_TRIM,127.53,122.97,3.58,0,Closed 0 worst trades
2026.02.16 12:19:08,410038624,Magic_251101,CRITICAL_TRIM,127.53,122.97,3.58,0,Closed 0 worst trades
2026.02.16 12:19:08,410038624,Magic_251101,CRITICAL_TRIM,127.53,122.97,3.58,0,Closed 0 worst trades
2026.02.16 12:19:09,410038624,Magic_251101,CRITICAL_TRIM,127.53,122.97,3.58,0,Closed 0 worst trades
2026.02.16 12:19:09,410038624,Magic_251101,CRITICAL_TRIM,127.53,122.97,3.58,0,Closed 0 worst trades
2026.02.16 12:19:09,410038624,Magic_251101,CRITICAL_TRIM,127.53,122.97,3.58,0,Closed 0 worst trades
2026.02.16 12:19:10,410038624,Magic_251101,CRITICAL_TRIM,127.53,122.97,3.58,0,Closed 0 worst trades
2026.02.16 12:19:10,410038624,Magic_251101,CRITICAL_TRIM,127.53,122.97,3.58,0,Closed 0 worst trades
2026.02.16 12:19:10,410038624,Magic_251101,CRITICAL_TRIM,127.53,122.97,3.58,0,Closed 0 worst trades
2026.02.16 12:19:10,410038624,Magic_251101,CRITICAL_TRIM,127.53,122.97,3.58,0,Closed 0 worst trades
2026.02.16 12:19:10,410038624,Magic_251101,CRITICAL_TRIM,127.53,122.97,3.58,0,Closed 0 worst trades
2026.02.16 12:19:10,410038624,Magic_251101,CRITICAL_TRIM,127.53,122.97,3.58,0,Closed 0 worst trades
2026.02.16 12:19:10,410038624,Magic_251101,CRITICAL_TRIM,127.53,122.97,3.58,0,Closed 0 worst trades
2026.02.16 12:19:11,410038624,Magic_251101,CRITICAL_TRIM,127.53,122.97,3.58,0,Closed 0 worst trades
2026.02.16 12:19:11,410038624,Magic_251101,CRITICAL_TRIM,127.53,122.97,3.58,0,Closed 0 worst trades
2026.02.16 12:19:11,410038624,Magic_251101,CRITICAL_TRIM,127.53,122.97,3.58,0,Closed 0 worst trades
2026.02.16 12:19:11,410038624,Magic_251101,CRITICAL_TRIM,127.53,122.97,3.58,0,Closed 0 worst trades
2026.02.16 12:19:11,410038624,Magic_251101,CRITICAL_TRIM,127.53,122.97,3.58,0,Closed 0 worst trades
2026.02.16 12:19:11,410038624,Magic_251101,CRITICAL_TRIM,127.53,122.97,3.58,0,Closed 0 worst trades
2026.02.16 12:19:11,410038624,Magic_251101,CRITICAL_TRIM,127.53,122.97,3.58,0,Closed 0 worst trades
2026.02.16 12:19:12,410038624,Magic_251101,CRITICAL_TRIM,127.53,122.97,3.58,0,Closed 0 worst trades
2026.02.16 12:19:12,410038624,Magic_251101,CRITICAL_TRIM,127.53,122.97,3.58,0,Closed 0 worst trades
2026.02.16 12:19:12,410038624,Magic_251101,CRITICAL_TRIM,127.53,122.97,3.58,0,Closed 0 worst trades
2026.02.16 12:19:13,410038624,Magic_251101,CRITICAL_TRIM,127.53,122.97,3.58,0,Closed 0 worst trades
2026.02.16 12:19:13,410038624,Magic_251101,CRITICAL_TRIM,127.53,122.97,3.58,0,Closed 0 worst trades
2026.02.16 12:19:13,410038624,Magic_251101,CRITICAL_TRIM,127.53,122.97,3.58,0,Closed 0 worst trades
2026.02.16 12:19:14,410038624,Magic_251101,CRITICAL_TRIM,127.53,122.97,3.58,0,Closed 0 worst trades
2026.02.16 12:19:14,410038624,Magic_251101,CRITICAL_TRIM,127.53,122.97,3.58,0,Closed 0 worst trades
2026.02.16 12:19:15,410038624,Magic_251101,CRITICAL_TRIM,127.53,122.97,3.58,0,Closed 0 worst trades
2026.02.16 12:19:15,410038624,Magic_251101,CRITICAL_TRIM,127.53,122.97,3.58,0,Closed 0 worst trades
2026.02.16 12:19:15,410038624,Magic_251101,CRITICAL_TRIM,127.53,122.97,3.58,0,Closed 0 worst trades
2026.02.16 12:19:15,410038624,Magic_251101,CRITICAL_TRIM,127.53,122.97,3.58,0,Closed 0 worst trades
2026.02.16 12:19:15,410038624,Magic_251101,CRITICAL_TRIM,127.53,122.97,3.58,0,Closed 0 worst trades
2026.02.16 12:19:16,410038624,Magic_251101,CRITICAL_TRIM,127.53,122.97,3.58,0,Closed 0 worst trades
2026.02.16 12:19:16,410038624,Magic_251101,CRITICAL_TRIM,127.53,122.97,3.58,0,Closed 0 worst trades
2026.02.16 12:19:16,410038624,Magic_251101,CRITICAL_TRIM,127.53,122.97,3.58,0,Closed 0 worst trades
2026.02.16 12:19:16,410038624,Magic_251101,CRITICAL_TRIM,127.53,122.97,3.58,0,Closed 0 worst trades
2026.02.16 12:19:17,410038624,Magic_251101,CRITICAL_TRIM,127.53,122.97,3.58,0,Closed 0 worst trades
2026.02.16 12:19:18,410038624,Magic_251101,CRITICAL_TRIM,127.53,122.97,3.58,0,Closed 0 worst trades
2026.02.16 12:19:18,410038624,Magic_251101,CRITICAL_TRIM,127.53,122.97,3.58,0,Closed 0 worst trades
2026.02.16 12:19:18,410038624,Magic_251101,CRITICAL_TRIM,127.53,122.97,3.58,0,Closed 0 worst trades
2026.02.16 12:19:18,410038624,Magic_251101,CRITICAL_TRIM,127.53,122.97,3.58,0,Closed 0 worst trades
2026.02.16 12:19:18,410038624,Magic_251101,CRITICAL_TRIM,127.53,122.97,3.58,0,Closed 0 worst trades
2026.02.16 12:19:18,410038624,Magic_251101,CRITICAL_TRIM,127.53,122.97,3.58,0,Closed 0 worst trades
2026.02.16 12:19:19,410038624,Magic_251101,CRITICAL_TRIM,127.53,122.97,3.58,0,Closed 0 worst trades
2026.02.16 12:19:19,410038624,Magic_251101,CRITICAL_TRIM,127.53,122.97,3.58,0,Closed 0 worst trades
2026.02.16 12:19:19,410038624,Magic_251101,CRITICAL_TRIM,127.53,122.97,3.58,0,Closed 0 worst trades
2026.02.16 12:19:20,410038624,Magic_251101,CRITICAL_TRIM,127.53,122.97,3.58,0,Closed 0 worst trades
2026.02.16 12:19:20,410038624,Magic_251101,CRITICAL_TRIM,127.53,122.97,3.58,0,Closed 0 worst trades
2026.02.16 12:19:20,410038624,Magic_251101,CRITICAL_TRIM,127.53,122.97,3.58,0,Closed 0 worst trades
2026.02.16 12:19:20,410038624,Magic_251101,CRITICAL_TRIM,127.53,122.97,3.58,0,Closed 0 worst trades
2026.02.16 12:19:20,410038624,Magic_251101,CRITICAL_TRIM,127.53,122.97,3.58,0,Closed 0 worst trades
2026.02.16 12:19:20,410038624,Magic_251101,CRITICAL_TRIM,127.53,122.97,3.58,0,Closed 0 worst trades
2026.02.16 12:19:21,410038624,Magic_251101,CRITICAL_TRIM,127.53,122.97,3.58,0,Closed 0 worst trades
2026.02.16 12:19:21,410038624,Magic_251101,CRITICAL_TRIM,127.53,122.97,3.58,0,Closed 0 worst trades
2026.02.16 12:19:21,410038624,Magic_251101,CRITICAL_TRIM,127.53,122.97,3.58,0,Closed 0 worst trades
2026.02.16 12:19:22,410038624,Magic_251101,CRITICAL_TRIM,127.53,122.97,3.58,0,Closed 0 worst trades
2026.02.16 12:19:22,410038624,Magic_251101,CRITICAL_TRIM,127.53,122.97,3.58,0,Closed 0 worst trades
2026.02.16 12:19:22,410038624,Magic_251101,CRITICAL_TRIM,127.53,122.97,3.58,0,Closed 0 worst trades
2026.02.16 12:19:22,410038624,Magic_251101,CRITICAL_TRIM,127.53,122.97,3.58,0,Closed 0 worst trades
2026.02.16 12:19:23,410038624,Magic_251101,CRITICAL_TRIM,127.53,122.97,3.58,0,Closed 0 worst trades
2026.02.16 12:19:23,410038624,Magic_251101,CRITICAL_TRIM,127.53,122.97,3.58,0,Closed 0 worst trades
2026.02.16 12:19:23,410038624,Magic_251101,CRITICAL_TRIM,127.53,122.97,3.58,0,Closed 0 worst trades
2026.02.16 12:19:23,410038624,Magic_251101,CRITICAL_TRIM,127.53,122.97,3.58,0,Closed 0 worst trades
2026.02.16 12:19:23,410038624,Magic_251101,CRITICAL_TRIM,127.53,122.97,3.58,0,Closed 0 worst trades
2026.02.16 12:19:23,410038624,Magic_251101,CRITICAL_TRIM,127.53,122.97,3.58,0,Closed 0 worst trades
2026.02.16 12:19:23,410038624,Magic_251101,CRITICAL_TRIM,127.53,122.97,3.58,0,Closed 0 worst trades
2026.02.16 12:19:23,410038624,Magic_251101,CRITICAL_TRIM,127.53,122.97,3.58,0,Closed 0 worst trades
2026.02.16 12:19:31,410038624,Magic_251101,CRITICAL_TRIM,127.53,122.97,3.58,0,Closed 0 worst trades
2026.02.16 12:19:32,410038624,Magic_251101,CRITICAL_TRIM,127.53,122.97,3.58,0,Closed 0 worst trades
2026.02.16 12:19:35,410038624,Magic_251101,CRITICAL_TRIM,127.53,122.97,3.58,0,Closed 0 worst trades
2026.02.16 12:19:35,410038624,Magic_251101,CRITICAL_TRIM,127.53,122.97,3.58,0,Closed 0 worst trades
2026.02.16 12:19:35,410038624,Magic_251101,CRITICAL_TRIM,127.53,122.97,3.58,0,Closed 0 worst trades
2026.02.16 12:19:36,410038624,Magic_251101,CRITICAL_TRIM,127.53,122.97,3.58,0,Closed 0 worst trades
2026.02.16 12:19:36,410038624,Magic_251101,CRITICAL_TRIM,127.53,122.97,3.58,0,Closed 0 worst trades
2026.02.16 12:19:36,410038624,Magic_251101,CRITICAL_TRIM,127.53,122.97,3.58,0,Closed 0 worst trades
2026.02.16 12:19:36,410038624,Magic_251101,CRITICAL_TRIM,127.53,122.97,3.58,0,Closed 0 worst trades
2026.02.16 12:19:36,410038624,Magic_251101,CRITICAL_TRIM,127.53,122.97,3.58,0,Closed 0 worst trades
2026.02.16 12:19:36,410038624,Magic_251101,CRITICAL_TRIM,127.53,122.97,3.58,0,Closed 0 worst trades
2026.02.16 12:19:37,410038624,Magic_251101,CRITICAL_TRIM,127.53,122.97,3.58,0,Closed 0 worst trades
2026.02.16 12:19:37,410038624,Magic_251101,CRITICAL_TRIM,127.53,122.97,3.58,0,Closed 0 worst trades
2026.02.16 12:19:37,410038624,Magic_251101,CRITICAL_TRIM,127.53,122.97,3.58,0,Closed 0 worst trades
2026.02.16 12:19:37,410038624,Magic_251101,CRITICAL_TRIM,127.53,122.97,3.58,0,Closed 0 worst trades
2026.02.16 12:19:37,410038624,Magic_251101,CRITICAL_TRIM,127.53,122.97,3.58,0,Closed 0 worst trades
2026.02.16 12:19:37,410038624,Magic_251101,CRITICAL_TRIM,127.53,122.97,3.58,0,Closed 0 worst trades
2026.02.16 12:19:38,410038624,Magic_251101,CRITICAL_TRIM,127.53,122.97,3.58,0,Closed 0 worst trades
2026.02.16 12:19:38,410038624,Magic_251101,CRITICAL_TRIM,127.53,122.97,3.58,0,Closed 0 worst trades
2026.02.16 12:19:38,410038624,Magic_251101,CRITICAL_TRIM,127.53,122.97,3.58,0,Closed 0 worst trades
2026.02.16 12:19:38,410038624,Magic_251101,CRITICAL_TRIM,127.53,122.97,3.58,0,Closed 0 worst trades
2026.02.16 12:19:39,410038624,Magic_251101,CRITICAL_TRIM,127.53,122.97,3.58,0,Closed 0 worst trades
2026.02.16 12:19:39,410038624,Magic_251101,CRITICAL_TRIM,127.53,122.97,3.58,0,Closed 0 worst trades
2026.02.16 12:19:40,410038624,Magic_251101,CRITICAL_TRIM,127.53,122.97,3.58,0,Closed 0 worst trades
2026.02.16 12:19:40,410038624,Magic_251101,CRITICAL_TRIM,127.53,122.97,3.58,0,Closed 0 worst trades
2026.02.16 12:19:40,410038624,Magic_251101,CRITICAL_TRIM,127.53,122.97,3.58,0,Closed 0 worst trades
2026.02.16 12:19:41,410038624,Magic_251101,CRITICAL_TRIM,127.53,122.97,3.58,0,Closed 0 worst trades
2026.02.16 12:19:41,410038624,Magic_251101,CRITICAL_TRIM,127.53,122.97,3.58,0,Closed 0 worst trades
2026.02.16 12:19:41,410038624,Magic_251101,CRITICAL_TRIM,127.53,122.97,3.58,0,Closed 0 worst trades
2026.02.16 12:19:41,410038624,Magic_251101,CRITICAL_TRIM,127.53,122.97,3.58,0,Closed 0 worst trades
2026.02.16 12:19:41,410038624,Magic_251101,CRITICAL_TRIM,127.53,122.97,3.58,0,Closed 0 worst trades
2026.02.16 12:19:42,410038624,Magic_251101,CRITICAL_TRIM,127.53,122.97,3.58,0,Closed 0 worst trades
2026.02.16 12:19:42,410038624,Magic_251101,CRITICAL_TRIM,127.53,122.97,3.58,0,Closed 0 worst trades
2026.02.16 12:19:42,410038624,Magic_251101,CRITICAL_TRIM,127.53,122.97,3.58,0,Closed 0 worst trades
2026.02.16 12:19:42,410038624,Magic_251101,CRITICAL_TRIM,127.53,122.97,3.58,0,Closed 0 worst trades
2026.02.16 12:19:43,410038624,Magic_251101,CRITICAL_TRIM,127.53,122.97,3.58,0,Closed 0 worst trades
2026.02.16 12:19:43,410038624,Magic_251101,CRITICAL_TRIM,127.53,122.97,3.58,0,Closed 0 worst trades
2026.02.16 12:19:43,410038624,Magic_251101,CRITICAL_TRIM,127.53,122.97,3.58,0,Closed 0 worst trades
2026.02.16 12:19:44,410038624,Magic_251101,CRITICAL_TRIM,127.53,122.97,3.58,0,Closed 0 worst trades
2026.02.16 12:19:44,410038624,Magic_251101,CRITICAL_TRIM,127.53,122.97,3.58,0,Closed 0 worst trades
2026.02.16 12:19:44,410038624,Magic_251101,CRITICAL_TRIM,127.53,122.97,3.58,0,Closed 0 worst trades
2026.02.16 12:19:45,410038624,Magic_251101,CRITICAL_TRIM,127.53,122.97,3.58,0,Closed 0 worst trades
2026.02.16 12:19:45,410038624,Magic_251101,CRITICAL_TRIM,127.53,122.97,3.58,0,Closed 0 worst trades
2026.02.16 12:19:45,410038624,Magic_251101,CRITICAL_TRIM,127.53,122.97,3.58,0,Closed 0 worst trades
2026.02.16 12:19:46,410038624,Magic_251101,CRITICAL_TRIM,127.53,122.97,3.58,0,Closed 0 worst trades
2026.02.16 12:19:46,410038624,Magic_251101,CRITICAL_TRIM,127.53,122.97,3.58,0,Closed 0 worst trades
2026.02.16 12:19:46,410038624,Magic_251101,CRITICAL_TRIM,127.53,122.97,3.58,0,Closed 0 worst trades
2026.02.16 12:19:46,410038624,Magic_251101,CRITICAL_TRIM,127.53,122.97,3.58,0,Closed 0 worst trades
2026.02.16 12:19:47,410038624,Magic_251101,CRITICAL_TRIM,127.53,122.97,3.58,0,Closed 0 worst trades
2026.02.16 12:19:47,410038624,Magic_251101,CRITICAL_TRIM,127.53,122.97,3.58,0,Closed 0 worst trades
2026.02.16 12:19:47,410038624,Magic_251101,CRITICAL_TRIM,127.53,122.97,3.58,0,Closed 0 worst trades
2026.02.16 12:19:48,410038624,Magic_251101,CRITICAL_TRIM,127.53,122.97,3.58,0,Closed 0 worst trades
2026.02.16 12:19:48,410038624,Magic_251101,CRITICAL_TRIM,127.53,122.97,3.58,0,Closed 0 worst trades
2026.02.16 12:19:49,410038624,Magic_251101,CRITICAL_TRIM,127.53,122.97,3.58,0,Closed 0 worst trades
2026.02.16 12:19:50,410038624,Magic_251101,CRITICAL_TRIM,127.53,122.97,3.58,0,Closed 0 worst trades
2026.02.16 12:19:53,410038624,Magic_251101,CRITICAL_TRIM,127.53,122.97,3.58,0,Closed 0 worst trades
2026.02.16 12:19:53,410038624,Magic_251101,CRITICAL_TRIM,127.53,122.97,3.58,0,Closed 0 worst trades
2026.02.16 12:19:53,410038624,Magic_251101,CRITICAL_TRIM,127.53,122.97,3.58,0,Closed 0 worst trades
2026.02.16 12:19:54,410038624,Magic_251101,CRITICAL_TRIM,127.53,122.97,3.58,0,Closed 0 worst trades
2026.02.16 12:19:54,410038624,Magic_251101,CRITICAL_TRIM,127.53,122.97,3.58,0,Closed 0 worst trades
2026.02.16 12:19:55,410038624,Magic_251101,CRITICAL_TRIM,127.53,122.97,3.58,0,Closed 0 worst trades
2026.02.16 12:19:55,410038624,Magic_251101,CRITICAL_TRIM,127.53,122.97,3.58,0,Closed 0 worst trades
2026.02.16 12:19:56,410038624,Magic_251101,CRITICAL_TRIM,127.53,122.97,3.58,0,Closed 0 worst trades
2026.02.16 12:19:58,410038624,Magic_251101,CRITICAL_TRIM,127.53,122.97,3.58,0,Closed 0 worst trades
2026.02.16 12:20:00,410038624,Magic_251101,CRITICAL_TRIM,127.53,122.97,3.58,0,Closed 0 worst trades
2026.02.16 12:20:00,410038624,Magic_251101,CRITICAL_TRIM,127.53,122.97,3.58,0,Closed 0 worst trades
2026.02.16 12:20:00,410038624,Magic_251101,CRITICAL_TRIM,127.53,122.97,3.58,0,Closed 0 worst trades
2026.02.16 12:20:00,410038624,Magic_251101,CRITICAL_TRIM,127.53,122.97,3.58,0,Closed 0 worst trades
2026.02.16 12:20:01,410038624,Magic_251101,CRITICAL_TRIM,127.53,122.97,3.58,0,Closed 0 worst trades
2026.02.16 12:20:02,410038624,Magic_251101,CRITICAL_TRIM,127.53,122.97,3.58,0,Closed 0 worst trades
2026.02.16 12:20:04,410038624,Magic_251101,CRITICAL_TRIM,127.53,122.97,3.58,0,Closed 0 worst trades
2026.02.16 12:20:04,410038624,Magic_251101,CRITICAL_TRIM,127.53,122.97,3.58,0,Closed 0 worst trades
2026.02.16 12:20:20,410038624,Magic_251101,CRITICAL_TRIM,127.53,122.97,3.58,0,Closed 0 worst trades
2026.02.16 12:20:20,410038624,Magic_251101,CRITICAL_TRIM,127.53,122.97,3.58,0,Closed 0 worst trades
2026.02.16 12:20:20,410038624,Magic_251101,CRITICAL_TRIM,127.53,122.97,3.58,0,Closed 0 worst trades
2026.02.16 12:20:20,410038624,Magic_251101,CRITICAL_TRIM,127.53,122.97,3.58,0,Closed 0 worst trades
2026.02.16 12:20:20,410038624,Magic_251101,CRITICAL_TRIM,127.53,122.97,3.58,0,Closed 0 worst trades
2026.02.16 12:20:20,410038624,Magic_251101,CRITICAL_TRIM,127.53,122.97,3.58,0,Closed 0 worst trades
2026.02.16 12:20:21,410038624,Magic_251101,CRITICAL_TRIM,127.53,122.97,3.58,0,Closed 0 worst trades
2026.02.16 12:20:21,410038624,Magic_251101,CRITICAL_TRIM,127.53,122.97,3.58,0,Closed 0 worst trades
2026.02.16 12:20:21,410038624,Magic_251101,CRITICAL_TRIM,127.53,122.97,3.58,0,Closed 0 worst trades
2026.02.16 12:20:21,410038624,Magic_251101,CRITICAL_TRIM,127.53,122.97,3.58,0,Closed 0 worst trades
2026.02.16 12:20:21,410038624,Magic_251101,CRITICAL_TRIM,127.53,122.97,3.58,0,Closed 0 worst trades
2026.02.16 12:20:22,410038624,Magic_251101,CRITICAL_TRIM,127.53,122.97,3.58,0,Closed 0 worst trades
2026.02.16 12:20:22,410038624,Magic_251101,CRITICAL_TRIM,127.53,122.97,3.58,0,Closed 0 worst trades
2026.02.16 12:20:22,410038624,Magic_251101,CRITICAL_TRIM,127.53,122.97,3.58,0,Closed 0 worst trades
2026.02.16 12:20:22,410038624,Magic_251101,CRITICAL_TRIM,127.53,122.97,3.58,0,Closed 0 worst trades
2026.02.16 12:20:22,410038624,Magic_251101,CRITICAL_TRIM,127.53,122.97,3.58,0,Closed 0 worst trades
2026.02.16 12:20:23,410038624,Magic_251101,CRITICAL_TRIM,127.53,122.97,3.58,0,Closed 0 worst trades
2026.02.16 12:20:24,410038624,Magic_251101,CRITICAL_TRIM,127.53,122.97,3.58,0,Closed 0 worst trades
2026.02.16 12:20:24,410038624,Magic_251101,CRITICAL_TRIM,127.53,122.97,3.58,0,Closed 0 worst trades
2026.02.16 12:20:25,410038624,Magic_251101,CRITICAL_TRIM,127.53,122.97,3.58,0,Closed 0 worst trades
2026.02.16 12:20:25,410038624,Magic_251101,CRITICAL_TRIM,127.53,122.97,3.58,0,Closed 0 worst trades
2026.02.16 12:20:25,410038624,Magic_251101,CRITICAL_TRIM,127.53,122.97,3.58,0,Closed 0 worst trades
2026.02.16 12:20:26,410038624,Magic_251101,CRITICAL_TRIM,127.53,122.97,3.58,0,Closed 0 worst trades
2026.02.16 12:20:27,410038624,Magic_251101,CRITICAL_TRIM,127.53,122.97,3.58,0,Closed 0 worst trades
2026.02.16 12:20:38,410038624,Magic_251101,CRITICAL_TRIM,127.53,122.97,3.58,0,Closed 0 worst trades
2026.02.16 12:20:38,410038624,Magic_251101,CRITICAL_TRIM,127.53,122.97,3.58,0,Closed 0 worst trades
2026.02.16 12:20:39,410038624,Magic_251101,CRITICAL_TRIM,127.53,122.97,3.58,0,Closed 0 worst trades
2026.02.16 12:20:39,410038624,Magic_251101,CRITICAL_TRIM,127.53,122.97,3.58,0,Closed 0 worst trades
2026.02.16 12:20:39,410038624,Magic_251101,CRITICAL_TRIM,127.53,122.97,3.58,0,Closed 0 worst trades
2026.02.16 12:20:39,410038624,Magic_251101,CRITICAL_TRIM,127.53,122.97,3.58,0,Closed 0 worst trades
2026.02.16 12:20:42,410038624,Magic_251101,CRITICAL_TRIM,127.53,122.97,3.58,0,Closed 0 worst trades
2026.02.16 12:20:42,410038624,Magic_251101,CRITICAL_TRIM,127.53,122.97,3.58,0,Closed 0 worst trades
2026.02.16 12:20:42,410038624,Magic_251101,CRITICAL_TRIM,127.53,122.97,3.58,0,Closed 0 worst trades
2026.02.16 12:20:43,410038624,Magic_251101,CRITICAL_TRIM,127.53,122.97,3.58,0,Closed 0 worst trades
2026.02.16 12:20:43,410038624,Magic_251101,CRITICAL_TRIM,127.53,122.97,3.58,0,Closed 0 worst trades
2026.02.16 12:20:43,410038624,Magic_251101,CRITICAL_TRIM,127.53,122.97,3.58,0,Closed 0 worst trades
2026.02.16 12:20:43,410038624,Magic_251101,CRITICAL_TRIM,127.53,122.97,3.58,0,Closed 0 worst trades
2026.02.16 12:20:43,410038624,Magic_251101,CRITICAL_TRIM,127.53,122.97,3.58,0,Closed 0 worst trades
2026.02.16 12:20:43,410038624,Magic_251101,CRITICAL_TRIM,127.53,122.97,3.58,0,Closed 0 worst trades
2026.02.16 12:20:45,410038624,Magic_251101,CRITICAL_TRIM,127.53,122.97,3.58,0,Closed 0 worst trades
2026.02.16 12:20:50,410038624,Magic_251101,CRITICAL_TRIM,127.53,122.97,3.58,0,Closed 0 worst trades
2026.02.16 12:20:50,410038624,Magic_251101,CRITICAL_TRIM,127.53,122.97,3.58,0,Closed 0 worst trades
2026.02.16 12:20:51,410038624,Magic_251101,CRITICAL_TRIM,127.53,122.97,3.58,0,Closed 0 worst trades
2026.02.16 12:20:51,410038624,Magic_251101,CRITICAL_TRIM,127.53,122.97,3.58,0,Closed 0 worst trades
2026.02.16 12:20:51,410038624,Magic_251101,CRITICAL_TRIM,127.53,122.97,3.58,0,Closed 0 worst trades
2026.02.16 12:20:51,410038624,Magic_251101,CRITICAL_TRIM,127.53,122.97,3.58,0,Closed 0 worst trades
2026.02.16 12:20:52,410038624,Magic_251101,CRITICAL_TRIM,127.53,122.97,3.58,0,Closed 0 worst trades
2026.02.16 12:20:52,410038624,Magic_251101,CRITICAL_TRIM,127.53,122.97,3.58,0,Closed 0 worst trades
2026.02.16 12:20:53,410038624,Magic_251101,CRITICAL_TRIM,127.53,122.97,3.58,0,Closed 0 worst trades
2026.02.16 12:20:53,410038624,Magic_251101,CRITICAL_TRIM,127.53,122.97,3.58,0,Closed 0 worst trades
2026.02.16 12:20:53,410038624,Magic_251101,CRITICAL_TRIM,127.53,122.97,3.58,0,Closed 0 worst trades
2026.02.16 12:20:53,410038624,Magic_251101,CRITICAL_TRIM,127.53,122.97,3.58,0,Closed 0 worst trades
2026.02.16 12:20:54,410038624,Magic_251101,CRITICAL_TRIM,127.53,122.97,3.58,0,Closed 0 worst trades
2026.02.16 12:20:54,410038624,Magic_251101,CRITICAL_TRIM,127.53,122.97,3.58,0,Closed 0 worst trades
2026.02.16 12:20:54,410038624,Magic_251101,CRITICAL_TRIM,127.53,122.97,3.58,0,Closed 0 worst trades
2026.02.16 12:20:54,410038624,Magic_251101,CRITICAL_TRIM,127.53,122.97,3.58,0,Closed 0 worst trades
2026.02.16 12:20:55,410038624,Magic_251101,CRITICAL_TRIM,127.53,122.97,3.58,0,Closed 0 worst trades
2026.02.16 12:20:55,410038624,Magic_251101,CRITICAL_TRIM,127.53,122.97,3.58,0,Closed 0 worst trades
2026.02.16 12:20:55,410038624,Magic_251101,CRITICAL_TRIM,127.53,122.97,3.58,0,Closed 0 worst trades
2026.02.16 12:20:55,410038624,Magic_251101,CRITICAL_TRIM,127.53,122.97,3.58,0,Closed 0 worst trades
2026.02.16 12:20:55,410038624,Magic_251101,CRITICAL_TRIM,127.53,122.97,3.58,0,Closed 0 worst trades
2026.02.16 12:20:55,410038624,Magic_251101,CRITICAL_TRIM,127.53,122.97,3.58,0,Closed 0 worst trades
2026.02.16 12:20:56,410038624,Magic_251101,CRITICAL_TRIM,127.53,122.97,3.58,0,Closed 0 worst trades
2026.02.16 12:20:56,410038624,Magic_251101,CRITICAL_TRIM,127.53,122.97,3.58,0,Closed 0 worst trades
2026.02.16 12:20:56,410038624,Magic_251101,CRITICAL_TRIM,127.53,122.97,3.58,0,Closed 0 worst trades
2026.02.16 12:20:56,410038624,Magic_251101,CRITICAL_TRIM,127.53,122.97,3.58,0,Closed 0 worst trades
2026.02.16 12:20:57,410038624,Magic_251101,CRITICAL_TRIM,127.53,122.97,3.58,0,Closed 0 worst trades
2026.02.16 12:20:57,410038624,Magic_251101,CRITICAL_TRIM,127.53,122.97,3.58,0,Closed 0 worst trades
2026.02.16 12:20:58,410038624,Magic_251101,CRITICAL_TRIM,127.53,122.97,3.58,0,Closed 0 worst trades
2026.02.16 12:20:58,410038624,Magic_251101,CRITICAL_TRIM,127.53,122.97,3.58,0,Closed 0 worst trades
2026.02.16 12:20:58,410038624,Magic_251101,CRITICAL_TRIM,127.53,122.97,3.58,0,Closed 0 worst trades
2026.02.16 12:20:59,410038624,Magic_251101,CRITICAL_TRIM,127.53,122.97,3.58,0,Closed 0 worst trades
2026.02.16 12:20:59,410038624,Magic_251101,CRITICAL_TRIM,127.53,122.97,3.58,0,Closed 0 worst trades
2026.02.16 12:20:59,410038624,Magic_251101,CRITICAL_TRIM,127.53,122.97,3.58,0,Closed 0 worst trades
2026.02.16 12:20:59,410038624,Magic_251101,CRITICAL_TRIM,127.53,122.97,3.58,0,Closed 0 worst trades
2026.02.16 12:21:00,410038624,Magic_251101,CRITICAL_TRIM,127.53,122.97,3.58,0,Closed 0 worst trades
2026.02.16 12:21:01,410038624,Magic_251101,CRITICAL_TRIM,127.53,122.97,3.58,0,Closed 0 worst trades
2026.02.16 12:21:01,410038624,Magic_251101,CRITICAL_TRIM,127.53,122.97,3.58,0,Closed 0 worst trades
2026.02.16 12:21:01,410038624,Magic_251101,CRITICAL_TRIM,127.53,122.97,3.58,0,Closed 0 worst trades
2026.02.16 12:21:02,410038624,Magic_251101,CRITICAL_TRIM,127.53,122.97,3.58,0,Closed 0 worst trades
2026.02.16 12:21:02,410038624,Magic_251101,CRITICAL_TRIM,127.53,122.97,3.58,0,Closed 0 worst trades
2026.02.16 12:21:02,410038624,Magic_251101,CRITICAL_TRIM,127.53,122.97,3.58,0,Closed 0 worst trades
2026.02.16 12:21:02,410038624,Magic_251101,CRITICAL_TRIM,127.53,122.97,3.58,0,Closed 0 worst trades
2026.02.16 12:21:03,410038624,Magic_251101,CRITICAL_TRIM,127.53,122.97,3.58,0,Closed 0 worst trades
2026.02.16 12:21:04,410038624,Magic_251101,CRITICAL_TRIM,127.53,122.97,3.58,0,Closed 0 worst trades
2026.02.16 12:21:05,410038624,Magic_251101,CRITICAL_TRIM,127.53,122.97,3.58,0,Closed 0 worst trades
2026.02.16 12:21:05,410038624,Magic_251101,CRITICAL_TRIM,127.53,122.97,3.58,0,Closed 0 worst trades
2026.02.16 12:21:06,410038624,Magic_251101,CRITICAL_TRIM,127.53,122.97,3.58,0,Closed 0 worst trades
2026.02.16 12:21:06,410038624,Magic_251101,CRITICAL_TRIM,127.53,122.97,3.58,0,Closed 0 worst trades
2026.02.16 12:21:06,410038624,Magic_251101,CRITICAL_TRIM,127.53,122.97,3.58,0,Closed 0 worst trades
2026.02.16 12:21:06,410038624,Magic_251101,CRITICAL_TRIM,127.53,122.97,3.58,0,Closed 0 worst trades
2026.02.16 12:21:06,410038624,Magic_251101,CRITICAL_TRIM,127.53,122.97,3.58,0,Closed 0 worst trades
2026.02.16 12:21:07,410038624,Magic_251101,CRITICAL_TRIM,127.53,122.97,3.58,0,Closed 0 worst trades
2026.02.16 12:21:07,410038624,Magic_251101,CRITICAL_TRIM,127.53,122.97,3.58,0,Closed 0 worst trades
2026.02.16 12:21:07,410038624,Magic_251101,CRITICAL_TRIM,127.53,122.97,3.58,0,Closed 0 worst trades
2026.02.16 12:21:07,410038624,Magic_251101,CRITICAL_TRIM,127.53,122.97,3.58,0,Closed 0 worst trades
2026.02.16 12:21:07,410038624,Magic_251101,CRITICAL_TRIM,127.53,122.97,3.58,0,Closed 0 worst trades
2026.02.16 12:21:07,410038624,Magic_251101,CRITICAL_TRIM,127.53,122.97,3.58,0,Closed 0 worst trades
2026.02.16 12:21:08,410038624,Magic_251101,CRITICAL_TRIM,127.53,122.97,3.58,0,Closed 0 worst trades
2026.02.16 12:21:08,410038624,Magic_251101,CRITICAL_TRIM,127.53,122.97,3.58,0,Closed 0 worst trades
2026.02.16 12:21:08,410038624,Magic_251101,CRITICAL_TRIM,127.53,122.97,3.58,0,Closed 0 worst trades
2026.02.16 12:21:08,410038624,Magic_251101,CRITICAL_TRIM,127.53,122.97,3.58,0,Closed 0 worst trades
2026.02.16 12:21:08,410038624,Magic_251101,CRITICAL_TRIM,127.53,122.97,3.58,0,Closed 0 worst trades
2026.02.16 12:21:09,410038624,Magic_251101,CRITICAL_TRIM,127.53,122.97,3.58,0,Closed 0 worst trades
2026.02.16 12:21:09,410038624,Magic_251101,CRITICAL_TRIM,127.53,122.97,3.58,0,Closed 0 worst trades
2026.02.16 12:21:09,410038624,Magic_251101,CRITICAL_TRIM,127.53,122.97,3.58,0,Closed 0 worst trades
2026.02.16 12:21:10,410038624,Magic_251101,CRITICAL_TRIM,127.53,122.97,3.58,0,Closed 0 worst trades
2026.02.16 12:21:10,410038624,Magic_251101,CRITICAL_TRIM,127.53,122.97,3.58,0,Closed 0 worst trades
2026.02.16 12:21:10,410038624,Magic_251101,CRITICAL_TRIM,127.53,122.97,3.58,0,Closed 0 worst trades
2026.02.16 12:21:10,410038624,Magic_251101,CRITICAL_TRIM,127.53,122.97,3.58,0,Closed 0 worst trades
2026.02.16 12:21:11,410038624,Magic_251101,CRITICAL_TRIM,127.53,122.97,3.58,0,Closed 0 worst trades
2026.02.16 12:21:11,410038624,Magic_251101,CRITICAL_TRIM,127.53,122.97,3.58,0,Closed 0 worst trades
2026.02.16 12:21:12,410038624,Magic_251101,CRITICAL_TRIM,127.53,122.97,3.58,0,Closed 0 worst trades
2026.02.16 12:21:12,410038624,Magic_251101,CRITICAL_TRIM,127.53,122.97,3.58,0,Closed 0 worst trades
2026.02.16 12:21:12,410038624,Magic_251101,CRITICAL_TRIM,127.53,122.97,3.58,0,Closed 0 worst trades
2026.02.16 12:21:12,410038624,Magic_251101,CRITICAL_TRIM,127.53,122.97,3.58,0,Closed 0 worst trades
2026.02.16 12:21:12,410038624,Magic_251101,CRITICAL_TRIM,127.53,122.97,3.58,0,Closed 0 worst trades
2026.02.16 12:21:13,410038624,Magic_251101,CRITICAL_TRIM,127.53,122.97,3.58,0,Closed 0 worst trades
2026.02.16 12:21:13,410038624,Magic_251101,CRITICAL_TRIM,127.53,122.97,3.58,0,Closed 0 worst trades
2026.02.16 12:21:13,410038624,Magic_251101,CRITICAL_TRIM,127.53,122.97,3.58,0,Closed 0 worst trades
2026.02.16 12:21:14,410038624,Magic_251101,CRITICAL_TRIM,127.53,122.97,3.58,0,Closed 0 worst trades
2026.02.16 12:21:14,410038624,Magic_251101,CRITICAL_TRIM,127.53,122.97,3.58,0,Closed 0 worst trades
2026.02.16 12:21:14,410038624,Magic_251101,CRITICAL_TRIM,127.53,122.97,3.58,0,Closed 0 worst trades
2026.02.16 12:21:14,410038624,Magic_251101,CRITICAL_TRIM,127.53,122.97,3.58,0,Closed 0 worst trades
2026.02.16 12:21:14,410038624,Magic_251101,CRITICAL_TRIM,127.53,122.97,3.58,0,Closed 0 worst trades
2026.02.16 12:21:14,410038624,Magic_251101,CRITICAL_TRIM,127.53,122.97,3.58,0,Closed 0 worst trades
2026.02.16 12:21:15,410038624,Magic_251101,CRITICAL_TRIM,127.53,122.97,3.58,0,Closed 0 worst trades
2026.02.16 12:21:15,410038624,Magic_251101,CRITICAL_TRIM,127.53,122.97,3.58,0,Closed 0 worst trades
2026.02.16 12:21:15,410038624,Magic_251101,CRITICAL_TRIM,127.53,122.97,3.58,0,Closed 0 worst trades
2026.02.16 12:21:15,410038624,Magic_251101,CRITICAL_TRIM,127.53,122.97,3.58,0,Closed 0 worst trades
2026.02.16 12:21:15,410038624,Magic_251101,CRITICAL_TRIM,127.53,122.97,3.58,0,Closed 0 worst trades
2026.02.16 12:21:15,410038624,Magic_251101,CRITICAL_TRIM,127.53,122.97,3.58,0,Closed 0 worst trades
2026.02.16 12:21:16,410038624,Magic_251101,CRITICAL_TRIM,127.53,122.97,3.58,0,Closed 0 worst trades
2026.02.16 12:21:16,410038624,Magic_251101,CRITICAL_TRIM,127.53,122.97,3.58,0,Closed 0 worst trades
2026.02.16 12:21:16,410038624,Magic_251101,CRITICAL_TRIM,127.53,122.97,3.58,0,Closed 0 worst trades
2026.02.16 12:21:16,410038624,Magic_251101,CRITICAL_TRIM,127.53,122.97,3.58,0,Closed 0 worst trades
2026.02.16 12:21:17,410038624,Magic_251101,CRITICAL_TRIM,127.53,122.97,3.58,0,Closed 0 worst trades
2026.02.16 12:21:17,410038624,Magic_251101,CRITICAL_TRIM,127.53,122.97,3.58,0,Closed 0 worst trades
2026.02.16 12:21:17,410038624,Magic_251101,CRITICAL_TRIM,127.53,122.97,3.58,0,Closed 0 worst trades
2026.02.16 12:21:17,410038624,Magic_251101,CRITICAL_TRIM,127.53,122.97,3.58,0,Closed 0 worst trades
2026.02.16 12:21:17,410038624,Magic_251101,CRITICAL_TRIM,127.53,122.97,3.58,0,Closed 0 worst trades
2026.02.16 12:21:17,410038624,Magic_251101,CRITICAL_TRIM,127.53,122.97,3.58,0,Closed 0 worst trades
2026.02.16 12:21:18,410038624,Magic_251101,CRITICAL_TRIM,127.53,122.97,3.58,0,Closed 0 worst trades
2026.02.16 12:21:18,410038624,Magic_251101,CRITICAL_TRIM,127.53,122.97,3.58,0,Closed 0 worst trades
2026.02.16 12:21:18,410038624,Magic_251101,CRITICAL_TRIM,127.53,122.97,3.58,0,Closed 0 worst trades
2026.02.16 12:21:18,410038624,Magic_251101,CRITICAL_TRIM,127.53,122.97,3.58,0,Closed 0 worst trades
2026.02.16 12:21:19,410038624,Magic_251101,CRITICAL_TRIM,127.53,122.97,3.58,0,Closed 0 worst trades
2026.02.16 12:21:19,410038624,Magic_251101,CRITICAL_TRIM,127.53,122.97,3.58,0,Closed 0 worst trades
2026.02.16 12:21:19,410038624,Magic_251101,CRITICAL_TRIM,127.53,122.97,3.58,0,Closed 0 worst trades
2026.02.16 12:21:20,410038624,Magic_251101,CRITICAL_TRIM,127.53,122.97,3.58,0,Closed 0 worst trades
2026.02.16 12:21:20,410038624,Magic_251101,CRITICAL_TRIM,127.53,122.97,3.58,0,Closed 0 worst trades
2026.02.16 12:21:20,410038624,Magic_251101,CRITICAL_TRIM,127.53,122.97,3.58,0,Closed 0 worst trades
2026.02.16 12:21:20,410038624,Magic_251101,CRITICAL_TRIM,127.53,122.97,3.58,0,Closed 0 worst trades
2026.02.16 12:21:20,410038624,Magic_251101,CRITICAL_TRIM,127.53,122.97,3.58,0,Closed 0 worst trades
2026.02.16 12:21:21,410038624,Magic_251101,CRITICAL_TRIM,127.53,122.97,3.58,0,Closed 0 worst trades
2026.02.16 12:21:21,410038624,Magic_251101,CRITICAL_TRIM,127.53,122.97,3.58,0,Closed 0 worst trades
2026.02.16 12:21:21,410038624,Magic_251101,CRITICAL_TRIM,127.53,122.97,3.58,0,Closed 0 worst trades
2026.02.16 12:21:21,410038624,Magic_251101,CRITICAL_TRIM,127.53,122.97,3.58,0,Closed 0 worst trades
2026.02.16 12:21:21,410038624,Magic_251101,CRITICAL_TRIM,127.53,122.97,3.58,0,Closed 0 worst trades
2026.02.16 12:21:21,410038624,Magic_251101,CRITICAL_TRIM,127.53,122.97,3.58,0,Closed 0 worst trades
2026.02.16 12:21:22,410038624,Magic_251101,CRITICAL_TRIM,127.53,122.97,3.58,0,Closed 0 worst trades
2026.02.16 12:21:22,410038624,Magic_251101,CRITICAL_TRIM,127.53,122.97,3.58,0,Closed 0 worst trades
2026.02.16 12:21:22,410038624,Magic_251101,CRITICAL_TRIM,127.53,122.97,3.58,0,Closed 0 worst trades
2026.02.16 12:21:22,410038624,Magic_251101,CRITICAL_TRIM,127.53,122.97,3.58,0,Closed 0 worst trades
2026.02.16 12:21:22,410038624,Magic_251101,CRITICAL_TRIM,127.53,122.97,3.58,0,Closed 0 worst trades
2026.02.16 12:21:22,410038624,Magic_251101,CRITICAL_TRIM,127.53,122.97,3.58,0,Closed 0 worst trades
2026.02.16 12:21:22,410038624,Magic_251101,CRITICAL_TRIM,127.53,122.97,3.58,0,Closed 0 worst trades
2026.02.16 12:21:23,410038624,Magic_251101,CRITICAL_TRIM,127.53,122.97,3.58,0,Closed 0 worst trades
2026.02.16 12:21:23,410038624,Magic_251101,CRITICAL_TRIM,127.53,122.97,3.58,0,Closed 0 worst trades
2026.02.16 12:21:23,410038624,Magic_251101,CRITICAL_TRIM,127.53,122.97,3.58,0,Closed 0 worst trades
2026.02.16 12:21:23,410038624,Magic_251101,CRITICAL_TRIM,127.53,122.97,3.58,0,Closed 0 worst trades
2026.02.16 12:21:23,410038624,Magic_251101,CRITICAL_TRIM,127.53,122.97,3.58,0,Closed 0 worst trades
2026.02.16 12:21:23,410038624,Magic_251101,CRITICAL_TRIM,127.53,122.97,3.58,0,Closed 0 worst trades
2026.02.16 12:21:24,410038624,Magic_251101,CRITICAL_TRIM,127.53,122.97,3.58,0,Closed 0 worst trades
2026.02.16 12:21:24,410038624,Magic_251101,CRITICAL_TRIM,127.53,122.97,3.58,0,Closed 0 worst trades
2026.02.16 12:21:24,410038624,Magic_251101,CRITICAL_TRIM,127.53,122.97,3.58,0,Closed 0 worst trades
2026.02.16 12:21:24,410038624,Magic_251101,CRITICAL_TRIM,127.53,122.97,3.58,0,Closed 0 worst trades
2026.02.16 12:21:24,410038624,Magic_251101,CRITICAL_TRIM,127.53,122.97,3.58,0,Closed 0 worst trades
2026.02.16 12:21:24,410038624,Magic_251101,CRITICAL_TRIM,127.53,122.97,3.58,0,Closed 0 worst trades
2026.02.16 12:21:24,410038624,Magic_251101,CRITICAL_TRIM,127.53,122.97,3.58,0,Closed 0 worst trades
2026.02.16 12:21:24,410038624,Magic_251101,CRITICAL_TRIM,127.53,122.97,3.58,0,Closed 0 worst trades
2026.02.16 12:21:25,410038624,Magic_251101,CRITICAL_TRIM,127.53,122.97,3.58,0,Closed 0 worst trades
2026.02.16 12:21:25,410038624,Magic_251101,CRITICAL_TRIM,127.53,122.97,3.58,0,Closed 0 worst trades
2026.02.16 12:21:25,410038624,Magic_251101,CRITICAL_TRIM,127.53,122.97,3.58,0,Closed 0 worst trades
2026.02.16 12:21:26,410038624,Magic_251101,CRITICAL_TRIM,127.53,122.97,3.58,0,Closed 0 worst trades
2026.02.16 12:21:26,410038624,Magic_251101,CRITICAL_TRIM,127.53,122.97,3.58,0,Closed 0 worst trades
2026.02.16 12:21:26,410038624,Magic_251101,CRITICAL_TRIM,127.53,122.97,3.58,0,Closed 0 worst trades
2026.02.16 12:21:26,410038624,Magic_251101,CRITICAL_TRIM,127.53,122.97,3.58,0,Closed 0 worst trades
2026.02.16 12:21:27,410038624,Magic_251101,CRITICAL_TRIM,127.53,122.97,3.58,0,Closed 0 worst trades
2026.02.16 12:21:27,410038624,Magic_251101,CRITICAL_TRIM,127.53,122.97,3.58,0,Closed 0 worst trades
2026.02.16 12:21:27,410038624,Magic_251101,CRITICAL_TRIM,127.53,122.97,3.58,0,Closed 0 worst trades
2026.02.16 12:21:27,410038624,Magic_251101,CRITICAL_TRIM,127.53,122.97,3.58,0,Closed 0 worst trades
2026.02.16 12:21:27,410038624,Magic_251101,CRITICAL_TRIM,127.53,122.97,3.58,0,Closed 0 worst trades
2026.02.16 12:21:27,410038624,Magic_251101,CRITICAL_TRIM,127.53,122.97,3.58,0,Closed 0 worst trades
2026.02.16 12:21:27,410038624,Magic_251101,CRITICAL_TRIM,127.53,122.97,3.58,0,Closed 0 worst trades
2026.02.16 12:21:27,410038624,Magic_251101,CRITICAL_TRIM,127.53,122.97,3.58,0,Closed 0 worst trades
2026.02.16 12:21:28,410038624,Magic_251101,CRITICAL_TRIM,127.53,122.97,3.58,0,Closed 0 worst trades
2026.02.16 12:21:28,410038624,Magic_251101,CRITICAL_TRIM,127.53,122.97,3.58,0,Closed 0 worst trades
2026.02.16 12:21:28,410038624,Magic_251101,CRITICAL_TRIM,127.53,122.97,3.58,0,Closed 0 worst trades
2026.02.16 12:21:28,410038624,Magic_251101,CRITICAL_TRIM,127.53,122.97,3.58,0,Closed 0 worst trades
2026.02.16 12:21:28,410038624,Magic_251101,CRITICAL_TRIM,127.53,122.97,3.58,0,Closed 0 worst trades
2026.02.16 12:21:28,410038624,Magic_251101,CRITICAL_TRIM,127.53,122.97,3.58,0,Closed 0 worst trades
2026.02.16 12:21:29,410038624,Magic_251101,CRITICAL_TRIM,127.53,122.97,3.58,0,Closed 0 worst trades
2026.02.16 12:21:29,410038624,Magic_251101,CRITICAL_TRIM,127.53,122.97,3.58,0,Closed 0 worst trades
2026.02.16 12:21:29,410038624,Magic_251101,CRITICAL_TRIM,127.53,122.97,3.58,0,Closed 0 worst trades
2026.02.16 12:21:29,410038624,Magic_251101,CRITICAL_TRIM,127.53,122.97,3.58,0,Closed 0 worst trades
2026.02.16 12:21:29,410038624,Magic_251101,CRITICAL_TRIM,127.53,122.97,3.58,0,Closed 0 worst trades
2026.02.16 12:21:29,410038624,Magic_251101,CRITICAL_TRIM,127.53,122.97,3.58,0,Closed 0 worst trades
2026.02.16 12:21:30,410038624,Magic_251101,CRITICAL_TRIM,127.53,122.97,3.58,0,Closed 0 worst trades
2026.02.16 12:21:30,410038624,Magic_251101,CRITICAL_TRIM,127.53,122.97,3.58,0,Closed 0 worst trades
2026.02.16 12:21:30,410038624,Magic_251101,CRITICAL_TRIM,127.53,122.97,3.58,0,Closed 0 worst trades
2026.02.16 12:21:31,410038624,Magic_251101,CRITICAL_TRIM,127.53,122.97,3.58,0,Closed 0 worst trades
2026.02.16 12:21:31,410038624,Magic_251101,CRITICAL_TRIM,127.53,122.97,3.58,0,Closed 0 worst trades
2026.02.16 12:21:31,410038624,Magic_251101,CRITICAL_TRIM,127.53,122.97,3.58,0,Closed 0 worst trades
2026.02.16 12:21:31,410038624,Magic_251101,CRITICAL_TRIM,127.53,122.97,3.58,0,Closed 0 worst trades
2026.02.16 12:21:31,410038624,Magic_251101,CRITICAL_TRIM,127.53,122.97,3.58,0,Closed 0 worst trades
2026.02.16 12:21:32,410038624,Magic_251101,CRITICAL_TRIM,127.53,122.97,3.58,0,Closed 0 worst trades
2026.02.16 12:21:32,410038624,Magic_251101,CRITICAL_TRIM,127.53,122.97,3.58,0,Closed 0 worst trades
2026.02.16 12:21:32,410038624,Magic_251101,CRITICAL_TRIM,127.53,122.97,3.58,0,Closed 0 worst trades
2026.02.16 12:21:32,410038624,Magic_251101,CRITICAL_TRIM,127.53,122.97,3.58,0,Closed 0 worst trades
2026.02.16 12:21:32,410038624,Magic_251101,CRITICAL_TRIM,127.53,122.97,3.58,0,Closed 0 worst trades
2026.02.16 12:21:32,410038624,Magic_251101,CRITICAL_TRIM,127.53,122.97,3.58,0,Closed 0 worst trades
2026.02.16 12:21:32,410038624,Magic_251101,CRITICAL_TRIM,127.53,122.97,3.58,0,Closed 0 worst trades
2026.02.16 12:21:32,410038624,Magic_251101,CRITICAL_TRIM,127.53,122.97,3.58,0,Closed 0 worst trades
2026.02.16 12:21:33,410038624,Magic_251101,CRITICAL_TRIM,127.53,122.97,3.58,0,Closed 0 worst trades
2026.02.16 12:21:33,410038624,Magic_251101,CRITICAL_TRIM,127.53,122.97,3.58,0,Closed 0 worst trades
2026.02.16 12:21:33,410038624,Magic_251101,CRITICAL_TRIM,127.53,122.97,3.58,0,Closed 0 worst trades
2026.02.16 12:21:33,410038624,Magic_251101,CRITICAL_TRIM,127.53,122.97,3.58,0,Closed 0 worst trades
2026.02.16 12:21:33,410038624,Magic_251101,CRITICAL_TRIM,127.53,122.97,3.58,0,Closed 0 worst trades
2026.02.16 12:21:33,410038624,Magic_251101,CRITICAL_TRIM,127.53,122.97,3.58,0,Closed 0 worst trades
2026.02.16 12:21:34,410038624,Magic_251101,CRITICAL_TRIM,127.53,122.97,3.58,0,Closed 0 worst trades
2026.02.16 12:21:34,410038624,Magic_251101,CRITICAL_TRIM,127.53,122.97,3.58,0,Closed 0 worst trades
2026.02.16 12:21:37,410038624,Magic_251101,CRITICAL_TRIM,127.53,122.97,3.58,0,Closed 0 worst trades
2026.02.16 12:21:37,410038624,Magic_251101,CRITICAL_TRIM,127.53,122.97,3.58,0,Closed 0 worst trades
2026.02.16 12:21:37,410038624,Magic_251101,CRITICAL_TRIM,127.53,122.97,3.58,0,Closed 0 worst trades
2026.02.16 12:21:37,410038624,Magic_251101,CRITICAL_TRIM,127.53,122.97,3.58,0,Closed 0 worst trades
2026.02.16 12:21:37,410038624,Magic_251101,CRITICAL_TRIM,127.53,122.97,3.58,0,Closed 0 worst trades
2026.02.16 12:21:38,410038624,Magic_251101,CRITICAL_TRIM,127.53,122.97,3.58,0,Closed 0 worst trades
2026.02.16 12:21:38,410038624,Magic_251101,CRITICAL_TRIM,127.53,122.97,3.58,0,Closed 0 worst trades
2026.02.16 12:21:38,410038624,Magic_251101,CRITICAL_TRIM,127.53,122.97,3.58,0,Closed 0 worst trades
2026.02.16 12:21:38,410038624,Magic_251101,CRITICAL_TRIM,127.53,122.97,3.58,0,Closed 0 worst trades
2026.02.16 12:21:38,410038624,Magic_251101,CRITICAL_TRIM,127.53,122.97,3.58,0,Closed 0 worst trades
2026.02.16 12:21:39,410038624,Magic_251101,CRITICAL_TRIM,127.53,122.97,3.58,0,Closed 0 worst trades
2026.02.16 12:21:39,410038624,Magic_251101,CRITICAL_TRIM,127.53,122.97,3.58,0,Closed 0 worst trades
2026.02.16 12:21:39,410038624,Magic_251101,CRITICAL_TRIM,127.53,122.97,3.58,0,Closed 0 worst trades
2026.02.16 12:21:39,410038624,Magic_251101,CRITICAL_TRIM,127.53,122.97,3.58,0,Closed 0 worst trades
2026.02.16 12:21:39,410038624,Magic_251101,CRITICAL_TRIM,127.53,122.97,3.58,0,Closed 0 worst trades
2026.02.16 12:21:39,410038624,Magic_251101,CRITICAL_TRIM,127.53,122.97,3.58,0,Closed 0 worst trades
2026.02.16 12:21:39,410038624,Magic_251101,CRITICAL_TRIM,127.53,122.97,3.58,0,Closed 0 worst trades
2026.02.16 12:21:40,410038624,Magic_251101,CRITICAL_TRIM,127.53,122.97,3.58,0,Closed 0 worst trades
2026.02.16 12:21:40,410038624,Magic_251101,CRITICAL_TRIM,127.53,122.97,3.58,0,Closed 0 worst trades
2026.02.16 12:21:40,410038624,Magic_251101,CRITICAL_TRIM,127.53,122.97,3.58,0,Closed 0 worst trades
2026.02.16 12:21:42,410038624,Magic_251101,CRITICAL_TRIM,127.53,122.97,3.58,0,Closed 0 worst trades
2026.02.16 12:21:42,410038624,Magic_251101,CRITICAL_TRIM,127.53,122.97,3.58,0,Closed 0 worst trades
2026.02.16 12:21:43,410038624,Magic_251101,CRITICAL_TRIM,127.53,122.97,3.58,0,Closed 0 worst trades
2026.02.16 12:21:43,410038624,Magic_251101,CRITICAL_TRIM,127.53,122.97,3.58,0,Closed 0 worst trades
2026.02.16 12:21:43,410038624,Magic_251101,CRITICAL_TRIM,127.53,122.97,3.58,0,Closed 0 worst trades
2026.02.16 12:21:43,410038624,Magic_251101,CRITICAL_TRIM,127.53,122.97,3.58,0,Closed 0 worst trades
2026.02.16 12:21:43,410038624,Magic_251101,CRITICAL_TRIM,127.53,122.97,3.58,0,Closed 0 worst trades
2026.02.16 12:21:43,410038624,Magic_251101,CRITICAL_TRIM,127.53,122.97,3.58,0,Closed 0 worst trades
2026.02.16 12:21:44,410038624,Magic_251101,CRITICAL_TRIM,127.53,122.97,3.58,0,Closed 0 worst trades
2026.02.16 12:21:44,410038624,Magic_251101,CRITICAL_TRIM,127.53,122.97,3.58,0,Closed 0 worst trades
2026.02.16 12:21:44,410038624,Magic_251101,CRITICAL_TRIM,127.53,122.97,3.58,0,Closed 0 worst trades
2026.02.16 12:21:45,410038624,Magic_251101,CRITICAL_TRIM,127.53,122.97,3.58,0,Closed 0 worst trades
2026.02.16 12:21:45,410038624,Magic_251101,CRITICAL_TRIM,127.53,122.97,3.58,0,Closed 0 worst trades
2026.02.16 12:21:45,410038624,Magic_251101,CRITICAL_TRIM,127.53,122.97,3.58,0,Closed 0 worst trades
2026.02.16 12:21:45,410038624,Magic_251101,CRITICAL_TRIM,127.53,122.97,3.58,0,Closed 0 worst trades
2026.02.16 12:21:45,410038624,Magic_251101,CRITICAL_TRIM,127.53,122.97,3.58,0,Closed 0 worst trades
2026.02.16 12:21:46,410038624,Magic_251101,CRITICAL_TRIM,127.53,122.97,3.58,0,Closed 0 worst trades
2026.02.16 12:21:46,410038624,Magic_251101,CRITICAL_TRIM,127.53,122.97,3.58,0,Closed 0 worst trades
2026.02.16 12:21:46,410038624,Magic_251101,CRITICAL_TRIM,127.53,122.97,3.58,0,Closed 0 worst trades
2026.02.16 12:21:46,410038624,Magic_251101,CRITICAL_TRIM,127.53,122.97,3.58,0,Closed 0 worst trades
2026.02.16 12:21:46,410038624,Magic_251101,CRITICAL_TRIM,127.53,122.97,3.58,0,Closed 0 worst trades
2026.02.16 12:21:46,410038624,Magic_251101,CRITICAL_TRIM,127.53,122.97,3.58,0,Closed 0 worst trades
2026.02.16 12:21:47,410038624,Magic_251101,CRITICAL_TRIM,127.53,122.97,3.58,0,Closed 0 worst trades
2026.02.16 12:21:47,410038624,Magic_251101,CRITICAL_TRIM,127.53,122.97,3.58,0,Closed 0 worst trades
2026.02.16 12:21:47,410038624,Magic_251101,CRITICAL_TRIM,127.53,122.97,3.58,0,Closed 0 worst trades
2026.02.16 12:21:47,410038624,Magic_251101,CRITICAL_TRIM,127.53,122.97,3.58,0,Closed 0 worst trades
2026.02.16 12:21:47,410038624,Magic_251101,CRITICAL_TRIM,127.53,122.97,3.58,0,Closed 0 worst trades
2026.02.16 12:21:47,410038624,Magic_251101,CRITICAL_TRIM,127.53,122.97,3.58,0,Closed 0 worst trades
2026.02.16 12:21:47,410038624,Magic_251101,CRITICAL_TRIM,127.53,122.97,3.58,0,Closed 0 worst trades
2026.02.16 12:21:48,410038624,Magic_251101,CRITICAL_TRIM,127.53,122.97,3.58,0,Closed 0 worst trades
2026.02.16 12:21:48,410038624,Magic_251101,CRITICAL_TRIM,127.53,122.97,3.58,0,Closed 0 worst trades
2026.02.16 12:21:48,410038624,Magic_251101,CRITICAL_TRIM,127.53,122.97,3.58,0,Closed 0 worst trades
2026.02.16 12:21:48,410038624,Magic_251101,CRITICAL_TRIM,127.53,122.97,3.58,0,Closed 0 worst trades
2026.02.16 12:21:48,410038624,Magic_251101,CRITICAL_TRIM,127.53,122.97,3.58,0,Closed 0 worst trades
2026.02.16 12:21:48,410038624,Magic_251101,CRITICAL_TRIM,127.53,122.97,3.58,0,Closed 0 worst trades
2026.02.16 12:21:49,410038624,Magic_251101,CRITICAL_TRIM,127.53,122.97,3.58,0,Closed 0 worst trades
2026.02.16 12:21:49,410038624,Magic_251101,CRITICAL_TRIM,127.53,122.97,3.58,0,Closed 0 worst trades
2026.02.16 12:21:49,410038624,Magic_251101,CRITICAL_TRIM,127.53,122.97,3.58,0,Closed 0 worst trades
2026.02.16 12:21:49,410038624,Magic_251101,CRITICAL_TRIM,127.53,122.97,3.58,0,Closed 0 worst trades
2026.02.16 12:21:49,410038624,Magic_251101,CRITICAL_TRIM,127.53,122.97,3.58,0,Closed 0 worst trades
2026.02.16 12:21:49,410038624,Magic_251101,CRITICAL_TRIM,127.53,122.97,3.58,0,Closed 0 worst trades
2026.02.16 12:21:49,410038624,Magic_251101,CRITICAL_TRIM,127.53,122.97,3.58,0,Closed 0 worst trades
2026.02.16 12:21:49,410038624,Magic_251101,CRITICAL_TRIM,127.53,122.97,3.58,0,Closed 0 worst trades
2026.02.16 12:21:50,410038624,Magic_251101,CRITICAL_TRIM,127.53,122.97,3.58,0,Closed 0 worst trades
2026.02.16 12:21:50,410038624,Magic_251101,CRITICAL_TRIM,127.53,122.97,3.58,0,Closed 0 worst trades
2026.02.16 12:21:50,410038624,Magic_251101,CRITICAL_TRIM,127.53,122.97,3.58,0,Closed 0 worst trades
2026.02.16 12:21:50,410038624,Magic_251101,CRITICAL_TRIM,127.53,122.97,3.58,0,Closed 0 worst trades
2026.02.16 12:21:51,410038624,Magic_251101,CRITICAL_TRIM,127.53,122.97,3.58,0,Closed 0 worst trades
2026.02.16 12:21:51,410038624,Magic_251101,CRITICAL_TRIM,127.53,122.97,3.58,0,Closed 0 worst trades
2026.02.16 12:21:52,410038624,Magic_251101,CRITICAL_TRIM,127.53,122.97,3.58,0,Closed 0 worst trades
2026.02.16 12:21:52,410038624,Magic_251101,CRITICAL_TRIM,127.53,122.97,3.58,0,Closed 0 worst trades
2026.02.16 12:21:52,410038624,Magic_251101,CRITICAL_TRIM,127.53,122.97,3.58,0,Closed 0 worst trades
2026.02.16 12:21:52,410038624,Magic_251101,CRITICAL_TRIM,127.53,122.97,3.58,0,Closed 0 worst trades
2026.02.16 12:21:52,410038624,Magic_251101,CRITICAL_TRIM,127.53,122.97,3.58,0,Closed 0 worst trades
2026.02.16 12:21:52,410038624,Magic_251101,CRITICAL_TRIM,127.53,122.97,3.58,0,Closed 0 worst trades
2026.02.16 12:21:53,410038624,Magic_251101,CRITICAL_TRIM,127.53,122.97,3.58,0,Closed 0 worst trades
2026.02.16 12:21:53,410038624,Magic_251101,CRITICAL_TRIM,127.53,122.97,3.58,0,Closed 0 worst trades
2026.02.16 12:21:53,410038624,Magic_251101,CRITICAL_TRIM,127.53,122.97,3.58,0,Closed 0 worst trades
2026.02.16 12:21:53,410038624,Magic_251101,CRITICAL_TRIM,127.53,122.97,3.58,0,Closed 0 worst trades
2026.02.16 12:21:54,410038624,Magic_251101,CRITICAL_TRIM,127.53,122.97,3.58,0,Closed 0 worst trades
2026.02.16 12:21:54,410038624,Magic_251101,CRITICAL_TRIM,127.53,122.97,3.58,0,Closed 0 worst trades
2026.02.16 12:21:54,410038624,Magic_251101,CRITICAL_TRIM,127.53,122.97,3.58,0,Closed 0 worst trades
2026.02.16 12:21:54,410038624,Magic_251101,CRITICAL_TRIM,127.53,122.97,3.58,0,Closed 0 worst trades
2026.02.16 12:21:54,410038624,Magic_251101,CRITICAL_TRIM,127.53,122.97,3.58,0,Closed 0 worst trades
2026.02.16 12:21:54,410038624,Magic_251101,CRITICAL_TRIM,127.53,122.97,3.58,0,Closed 0 worst trades
2026.02.16 12:21:54,410038624,Magic_251101,CRITICAL_TRIM,127.53,122.97,3.58,0,Closed 0 worst trades
2026.02.16 12:21:55,410038624,Magic_251101,CRITICAL_TRIM,127.53,122.97,3.58,0,Closed 0 worst trades
2026.02.16 12:21:55,410038624,Magic_251101,CRITICAL_TRIM,127.53,122.97,3.58,0,Closed 0 worst trades
2026.02.16 12:21:55,410038624,Magic_251101,CRITICAL_TRIM,127.53,122.97,3.58,0,Closed 0 worst trades
2026.02.16 12:21:55,410038624,Magic_251101,CRITICAL_TRIM,127.53,122.97,3.58,0,Closed 0 worst trades
2026.02.16 12:21:55,410038624,Magic_251101,CRITICAL_TRIM,127.53,122.97,3.58,0,Closed 0 worst trades
2026.02.16 12:21:55,410038624,Magic_251101,CRITICAL_TRIM,127.53,122.97,3.58,0,Closed 0 worst trades
2026.02.16 12:21:55,410038624,Magic_251101,CRITICAL_TRIM,127.53,122.97,3.58,0,Closed 0 worst trades
2026.02.16 12:21:55,410038624,Magic_251101,CRITICAL_TRIM,127.53,122.97,3.58,0,Closed 0 worst trades
2026.02.16 12:21:56,410038624,Magic_251101,CRITICAL_TRIM,127.53,122.97,3.58,0,Closed 0 worst trades
2026.02.16 12:21:56,410038624,Magic_251101,CRITICAL_TRIM,127.53,122.97,3.58,0,Closed 0 worst trades
2026.02.16 12:21:56,410038624,Magic_251101,CRITICAL_TRIM,127.53,122.97,3.58,0,Closed 0 worst trades
2026.02.16 12:21:56,410038624,Magic_251101,CRITICAL_TRIM,127.53,122.97,3.58,0,Closed 0 worst trades
2026.02.16 12:21:56,410038624,Magic_251101,CRITICAL_TRIM,127.53,122.97,3.58,0,Closed 0 worst trades
2026.02.16 12:21:56,410038624,Magic_251101,CRITICAL_TRIM,127.53,122.97,3.58,0,Closed 0 worst trades
2026.02.16 12:21:56,410038624,Magic_251101,CRITICAL_TRIM,127.53,122.97,3.58,0,Closed 0 worst trades
2026.02.16 12:21:56,410038624,Magic_251101,CRITICAL_TRIM,127.53,122.97,3.58,0,Closed 0 worst trades
2026.02.16 12:21:57,410038624,Magic_251101,CRITICAL_TRIM,127.53,122.97,3.58,0,Closed 0 worst trades
2026.02.16 12:21:57,410038624,Magic_251101,CRITICAL_TRIM,127.53,122.97,3.58,0,Closed 0 worst trades
2026.02.16 12:21:57,410038624,Magic_251101,CRITICAL_TRIM,127.53,122.97,3.58,0,Closed 0 worst trades
2026.02.16 12:21:57,410038624,Magic_251101,CRITICAL_TRIM,127.53,122.97,3.58,0,Closed 0 worst trades
2026.02.16 12:21:57,410038624,Magic_251101,CRITICAL_TRIM,127.53,122.97,3.58,0,Closed 0 worst trades
2026.02.16 12:21:57,410038624,Magic_251101,CRITICAL_TRIM,127.53,122.97,3.58,0,Closed 0 worst trades
2026.02.16 12:21:57,410038624,Magic_251101,CRITICAL_TRIM,127.53,122.97,3.58,0,Closed 0 worst trades
2026.02.16 12:21:58,410038624,Magic_251101,CRITICAL_TRIM,127.53,122.97,3.58,0,Closed 0 worst trades
2026.02.16 12:21:58,410038624,Magic_251101,CRITICAL_TRIM,127.53,122.97,3.58,0,Closed 0 worst trades
2026.02.16 12:21:58,410038624,Magic_251101,CRITICAL_TRIM,127.53,122.97,3.58,0,Closed 0 worst trades
2026.02.16 12:21:58,410038624,Magic_251101,CRITICAL_TRIM,127.53,122.97,3.58,0,Closed 0 worst trades
2026.02.16 12:21:58,410038624,Magic_251101,CRITICAL_TRIM,127.53,122.97,3.58,0,Closed 0 worst trades
2026.02.16 12:21:58,410038624,Magic_251101,CRITICAL_TRIM,127.53,122.97,3.58,0,Closed 0 worst trades
2026.02.16 12:21:58,410038624,Magic_251101,CRITICAL_TRIM,127.53,122.97,3.58,0,Closed 0 worst trades
2026.02.16 12:21:58,410038624,Magic_251101,CRITICAL_TRIM,127.53,122.97,3.58,0,Closed 0 worst trades
2026.02.16 12:21:58,410038624,Magic_251101,CRITICAL_TRIM,127.53,122.97,3.58,0,Closed 0 worst trades
2026.02.16 12:21:58,410038624,Magic_251101,CRITICAL_TRIM,127.53,122.97,3.58,0,Closed 0 worst trades
2026.02.16 12:21:58,410038624,Magic_251101,CRITICAL_TRIM,127.53,122.97,3.58,0,Closed 0 worst trades
2026.02.16 12:21:59,410038624,Magic_251101,CRITICAL_TRIM,127.53,122.97,3.58,0,Closed 0 worst trades
2026.02.16 12:21:59,410038624,Magic_251101,CRITICAL_TRIM,127.53,122.97,3.58,0,Closed 0 worst trades
2026.02.16 12:21:59,410038624,Magic_251101,CRITICAL_TRIM,127.53,122.97,3.58,0,Closed 0 worst trades
2026.02.16 12:21:59,410038624,Magic_251101,CRITICAL_TRIM,127.53,122.97,3.58,0,Closed 0 worst trades
2026.02.16 12:21:59,410038624,Magic_251101,CRITICAL_TRIM,127.53,122.97,3.58,0,Closed 0 worst trades
2026.02.16 12:21:59,410038624,Magic_251101,CRITICAL_TRIM,127.53,122.97,3.58,0,Closed 0 worst trades
2026.02.16 12:21:59,410038624,Magic_251101,CRITICAL_TRIM,127.53,122.97,3.58,0,Closed 0 worst trades
2026.02.16 12:21:59,410038624,Magic_251101,CRITICAL_TRIM,127.53,122.97,3.58,0,Closed 0 worst trades
2026.02.16 12:22:00,410038624,Magic_251101,CRITICAL_TRIM,127.53,122.97,3.58,0,Closed 0 worst trades
2026.02.16 12:22:00,410038624,Magic_251101,CRITICAL_TRIM,127.53,122.97,3.58,0,Closed 0 worst trades
2026.02.16 12:22:00,410038624,Magic_251101,CRITICAL_TRIM,127.53,122.97,3.58,0,Closed 0 worst trades
2026.02.16 12:22:00,410038624,Magic_251101,CRITICAL_TRIM,127.53,122.97,3.58,0,Closed 0 worst trades
2026.02.16 12:22:00,410038624,Magic_251101,CRITICAL_TRIM,127.53,122.97,3.58,0,Closed 0 worst trades
2026.02.16 12:22:00,410038624,Magic_251101,CRITICAL_TRIM,127.53,122.97,3.58,0,Closed 0 worst trades
2026.02.16 12:22:01,410038624,Magic_251101,CRITICAL_TRIM,127.53,122.97,3.58,0,Closed 0 worst trades
2026.02.16 12:22:01,410038624,Magic_251101,CRITICAL_TRIM,127.53,122.97,3.58,0,Closed 0 worst trades
2026.02.16 12:22:01,410038624,Magic_251101,CRITICAL_TRIM,127.53,122.97,3.58,0,Closed 0 worst trades
2026.02.16 12:22:01,410038624,Magic_251101,CRITICAL_TRIM,127.53,122.97,3.58,0,Closed 0 worst trades
2026.02.16 12:22:01,410038624,Magic_251101,CRITICAL_TRIM,127.53,122.97,3.58,0,Closed 0 worst trades
2026.02.16 12:22:01,410038624,Magic_251101,CRITICAL_TRIM,127.53,122.97,3.58,0,Closed 0 worst trades
2026.02.16 12:22:01,410038624,Magic_251101,CRITICAL_TRIM,127.53,122.97,3.58,0,Closed 0 worst trades
2026.02.16 12:22:01,410038624,Magic_251101,CRITICAL_TRIM,127.53,122.97,3.58,0,Closed 0 worst trades
2026.02.16 12:22:01,410038624,Magic_251101,CRITICAL_TRIM,127.53,122.97,3.58,0,Closed 0 worst trades
2026.02.16 12:22:02,410038624,Magic_251101,CRITICAL_TRIM,127.53,122.97,3.58,0,Closed 0 worst trades
2026.02.16 12:22:02,410038624,Magic_251101,CRITICAL_TRIM,127.53,122.97,3.58,0,Closed 0 worst trades
2026.02.16 12:22:02,410038624,Magic_251101,CRITICAL_TRIM,127.53,122.97,3.58,0,Closed 0 worst trades
2026.02.16 12:22:02,410038624,Magic_251101,CRITICAL_TRIM,127.53,122.97,3.58,0,Closed 0 worst trades
2026.02.16 12:22:02,410038624,Magic_251101,CRITICAL_TRIM,127.53,122.97,3.58,0,Closed 0 worst trades
2026.02.16 12:22:02,410038624,Magic_251101,CRITICAL_TRIM,127.53,122.97,3.58,0,Closed 0 worst trades
2026.02.16 12:22:02,410038624,Magic_251101,CRITICAL_TRIM,127.53,122.97,3.58,0,Closed 0 worst trades
2026.02.16 12:22:03,410038624,Magic_251101,CRITICAL_TRIM,127.53,122.97,3.58,0,Closed 0 worst trades
2026.02.16 12:22:03,410038624,Magic_251101,CRITICAL_TRIM,127.53,122.97,3.58,0,Closed 0 worst trades
2026.02.16 12:22:03,410038624,Magic_251101,CRITICAL_TRIM,127.53,122.97,3.58,0,Closed 0 worst trades
2026.02.16 12:22:03,410038624,Magic_251101,CRITICAL_TRIM,127.53,122.97,3.58,0,Closed 0 worst trades
2026.02.16 12:22:03,410038624,Magic_251101,CRITICAL_TRIM,127.53,122.97,3.58,0,Closed 0 worst trades
2026.02.16 12:22:03,410038624,Magic_251101,CRITICAL_TRIM,127.53,122.97,3.58,0,Closed 0 worst trades
2026.02.16 12:22:03,410038624,Magic_251101,CRITICAL_TRIM,127.53,122.97,3.58,0,Closed 0 worst trades
2026.02.16 12:22:03,410038624,Magic_251101,CRITICAL_TRIM,127.53,122.97,3.58,0,Closed 0 worst trades
2026.02.16 12:22:03,410038624,Magic_251101,CRITICAL_TRIM,127.53,122.97,3.58,0,Closed 0 worst trades
2026.02.16 12:22:04,410038624,Magic_251101,CRITICAL_TRIM,127.53,122.97,3.58,0,Closed 0 worst trades
2026.02.16 12:22:04,410038624,Magic_251101,CRITICAL_TRIM,127.53,122.97,3.58,0,Closed 0 worst trades
2026.02.16 12:22:04,410038624,Magic_251101,CRITICAL_TRIM,127.53,122.97,3.58,0,Closed 0 worst trades
2026.02.16 12:22:04,410038624,Magic_251101,CRITICAL_TRIM,127.53,122.97,3.58,0,Closed 0 worst trades
2026.02.16 12:22:04,410038624,Magic_251101,CRITICAL_TRIM,127.53,122.97,3.58,0,Closed 0 worst trades
2026.02.16 12:22:04,410038624,Magic_251101,CRITICAL_TRIM,127.53,122.97,3.58,0,Closed 0 worst trades
2026.02.16 12:22:04,410038624,Magic_251101,CRITICAL_TRIM,127.53,122.97,3.58,0,Closed 0 worst trades
2026.02.16 12:22:04,410038624,Magic_251101,CRITICAL_TRIM,127.53,122.97,3.58,0,Closed 0 worst trades
2026.02.16 12:22:05,410038624,Magic_251101,CRITICAL_TRIM,127.53,122.97,3.58,0,Closed 0 worst trades
2026.02.16 12:22:05,410038624,Magic_251101,CRITICAL_TRIM,127.53,122.97,3.58,0,Closed 0 worst trades
2026.02.16 12:22:05,410038624,Magic_251101,CRITICAL_TRIM,127.53,122.97,3.58,0,Closed 0 worst trades
2026.02.16 12:22:05,410038624,Magic_251101,CRITICAL_TRIM,127.53,122.97,3.58,0,Closed 0 worst trades
2026.02.16 12:22:05,410038624,Magic_251101,CRITICAL_TRIM,127.53,122.97,3.58,0,Closed 0 worst trades
2026.02.16 12:22:05,410038624,Magic_251101,CRITICAL_TRIM,127.53,122.97,3.58,0,Closed 0 worst trades
2026.02.16 12:22:06,410038624,Magic_251101,CRITICAL_TRIM,127.53,122.97,3.58,0,Closed 0 worst trades
2026.02.16 12:22:06,410038624,Magic_251101,CRITICAL_TRIM,127.53,122.97,3.58,0,Closed 0 worst trades
2026.02.16 12:22:06,410038624,Magic_251101,CRITICAL_TRIM,127.53,122.97,3.58,0,Closed 0 worst trades
2026.02.16 12:22:06,410038624,Magic_251101,CRITICAL_TRIM,127.53,122.97,3.58,0,Closed 0 worst trades
2026.02.16 12:22:06,410038624,Magic_251101,CRITICAL_TRIM,127.53,122.97,3.58,0,Closed 0 worst trades
2026.02.16 12:22:06,410038624,Magic_251101,CRITICAL_TRIM,127.53,122.97,3.58,0,Closed 0 worst trades
2026.02.16 12:22:06,410038624,Magic_251101,CRITICAL_TRIM,127.53,122.97,3.58,0,Closed 0 worst trades
2026.02.16 12:22:07,410038624,Magic_251101,CRITICAL_TRIM,127.53,122.97,3.58,0,Closed 0 worst trades
2026.02.16 12:22:07,410038624,Magic_251101,CRITICAL_TRIM,127.53,122.97,3.58,0,Closed 0 worst trades
2026.02.16 12:22:07,410038624,Magic_251101,CRITICAL_TRIM,127.53,122.97,3.58,0,Closed 0 worst trades
2026.02.16 12:22:07,410038624,Magic_251101,CRITICAL_TRIM,127.53,122.97,3.58,0,Closed 0 worst trades
2026.02.16 12:22:08,410038624,Magic_251101,CRITICAL_TRIM,127.53,122.97,3.58,0,Closed 0 worst trades
2026.02.16 12:22:08,410038624,Magic_251101,CRITICAL_TRIM,127.53,122.97,3.58,0,Closed 0 worst trades
2026.02.16 12:22:08,410038624,Magic_251101,CRITICAL_TRIM,127.53,122.97,3.58,0,Closed 0 worst trades
2026.02.16 12:22:09,410038624,Magic_251101,CRITICAL_TRIM,127.53,122.97,3.58,0,Closed 0 worst trades
2026.02.16 12:22:09,410038624,Magic_251101,CRITICAL_TRIM,127.53,122.97,3.58,0,Closed 0 worst trades
2026.02.16 12:22:09,410038624,Magic_251101,CRITICAL_TRIM,127.53,122.97,3.58,0,Closed 0 worst trades
2026.02.16 12:22:09,410038624,Magic_251101,CRITICAL_TRIM,127.53,122.97,3.58,0,Closed 0 worst trades
2026.02.16 12:22:09,410038624,Magic_251101,CRITICAL_TRIM,127.53,122.97,3.58,0,Closed 0 worst trades
2026.02.16 12:22:10,410038624,Magic_251101,CRITICAL_TRIM,127.53,122.97,3.58,0,Closed 0 worst trades
2026.02.16 12:22:10,410038624,Magic_251101,CRITICAL_TRIM,127.53,122.97,3.58,0,Closed 0 worst trades
2026.02.16 12:22:10,410038624,Magic_251101,CRITICAL_TRIM,127.53,122.97,3.58,0,Closed 0 worst trades
2026.02.16 12:22:10,410038624,Magic_251101,CRITICAL_TRIM,127.53,122.97,3.58,0,Closed 0 worst trades
2026.02.16 12:22:10,410038624,Magic_251101,CRITICAL_TRIM,127.53,122.97,3.58,0,Closed 0 worst trades
2026.02.16 12:22:10,410038624,Magic_251101,CRITICAL_TRIM,127.53,122.97,3.58,0,Closed 0 worst trades
2026.02.16 12:22:11,410038624,Magic_251101,CRITICAL_TRIM,127.53,122.97,3.58,0,Closed 0 worst trades
2026.02.16 12:22:11,410038624,Magic_251101,CRITICAL_TRIM,127.53,122.97,3.58,0,Closed 0 worst trades
2026.02.16 12:22:11,410038624,Magic_251101,CRITICAL_TRIM,127.53,122.97,3.58,0,Closed 0 worst trades
2026.02.16 12:22:11,410038624,Magic_251101,CRITICAL_TRIM,127.53,122.97,3.58,0,Closed 0 worst trades
2026.02.16 12:22:11,410038624,Magic_251101,CRITICAL_TRIM,127.53,122.97,3.58,0,Closed 0 worst trades
2026.02.16 12:22:11,410038624,Magic_251101,CRITICAL_TRIM,127.53,122.97,3.58,0,Closed 0 worst trades
2026.02.16 12:22:12,410038624,Magic_251101,CRITICAL_TRIM,127.53,122.97,3.58,0,Closed 0 worst trades
2026.02.16 12:22:13,410038624,Magic_251101,CRITICAL_TRIM,127.53,122.97,3.58,0,Closed 0 worst trades
2026.02.16 12:22:13,410038624,Magic_251101,CRITICAL_TRIM,127.53,122.97,3.58,0,Closed 0 worst trades
2026.02.16 12:22:13,410038624,Magic_251101,CRITICAL_TRIM,127.53,122.97,3.58,0,Closed 0 worst trades
2026.02.16 12:22:13,410038624,Magic_251101,CRITICAL_TRIM,127.53,122.97,3.58,0,Closed 0 worst trades
2026.02.16 12:22:13,410038624,Magic_251101,CRITICAL_TRIM,127.53,122.97,3.58,0,Closed 0 worst trades
2026.02.16 12:22:13,410038624,Magic_251101,CRITICAL_TRIM,127.53,122.97,3.58,0,Closed 0 worst trades
2026.02.16 12:22:13,410038624,Magic_251101,CRITICAL_TRIM,127.53,122.97,3.58,0,Closed 0 worst trades
2026.02.16 12:22:13,410038624,Magic_251101,CRITICAL_TRIM,127.53,122.97,3.58,0,Closed 0 worst trades
2026.02.16 12:22:13,410038624,Magic_251101,CRITICAL_TRIM,127.53,122.97,3.58,0,Closed 0 worst trades
2026.02.16 12:22:14,410038624,Magic_251101,CRITICAL_TRIM,127.53,122.97,3.58,0,Closed 0 worst trades
2026.02.16 12:22:14,410038624,Magic_251101,CRITICAL_TRIM,127.53,122.97,3.58,0,Closed 0 worst trades
2026.02.16 12:22:14,410038624,Magic_251101,CRITICAL_TRIM,127.53,122.97,3.58,0,Closed 0 worst trades
2026.02.16 12:22:14,410038624,Magic_251101,CRITICAL_TRIM,127.53,122.97,3.58,0,Closed 0 worst trades
2026.02.16 12:22:14,410038624,Magic_251101,CRITICAL_TRIM,127.53,122.97,3.58,0,Closed 0 worst trades
2026.02.16 12:22:15,410038624,Magic_251101,CRITICAL_TRIM,127.53,122.97,3.58,0,Closed 0 worst trades
2026.02.16 12:22:15,410038624,Magic_251101,CRITICAL_TRIM,127.53,122.97,3.58,0,Closed 0 worst trades
2026.02.16 12:22:15,410038624,Magic_251101,CRITICAL_TRIM,127.53,122.97,3.58,0,Closed 0 worst trades
2026.02.16 12:22:15,410038624,Magic_251101,CRITICAL_TRIM,127.53,122.97,3.58,0,Closed 0 worst trades
2026.02.16 12:22:15,410038624,Magic_251101,CRITICAL_TRIM,127.53,122.97,3.58,0,Closed 0 worst trades
2026.02.16 12:22:15,410038624,Magic_251101,CRITICAL_TRIM,127.53,122.97,3.58,0,Closed 0 worst trades
2026.02.16 12:22:15,410038624,Magic_251101,CRITICAL_TRIM,127.53,122.97,3.58,0,Closed 0 worst trades
2026.02.16 12:22:15,410038624,Magic_251101,CRITICAL_TRIM,127.53,122.97,3.58,0,Closed 0 worst trades
2026.02.16 12:22:16,410038624,Magic_251101,CRITICAL_TRIM,127.53,122.97,3.58,0,Closed 0 worst trades
2026.02.16 12:22:17,410038624,Magic_251101,CRITICAL_TRIM,127.53,122.97,3.58,0,Closed 0 worst trades
2026.02.16 12:22:17,410038624,Magic_251101,CRITICAL_TRIM,127.53,122.97,3.58,0,Closed 0 worst trades
2026.02.16 12:22:17,410038624,Magic_251101,CRITICAL_TRIM,127.53,122.97,3.58,0,Closed 0 worst trades
2026.02.16 12:22:17,410038624,Magic_251101,CRITICAL_TRIM,127.53,122.97,3.58,0,Closed 0 worst trades
2026.02.16 12:22:18,410038624,Magic_251101,CRITICAL_TRIM,127.53,122.97,3.58,0,Closed 0 worst trades
2026.02.16 12:22:18,410038624,Magic_251101,CRITICAL_TRIM,127.53,122.97,3.58,0,Closed 0 worst trades
2026.02.16 12:22:18,410038624,Magic_251101,CRITICAL_TRIM,127.53,122.97,3.58,0,Closed 0 worst trades
2026.02.16 12:22:18,410038624,Magic_251101,CRITICAL_TRIM,127.53,122.97,3.58,0,Closed 0 worst trades
2026.02.16 12:22:18,410038624,Magic_251101,CRITICAL_TRIM,127.53,122.97,3.58,0,Closed 0 worst trades
2026.02.16 12:22:18,410038624,Magic_251101,CRITICAL_TRIM,127.53,122.97,3.58,0,Closed 0 worst trades
2026.02.16 12:22:18,410038624,Magic_251101,CRITICAL_TRIM,127.53,122.97,3.58,0,Closed 0 worst trades
2026.02.16 12:22:18,410038624,Magic_251101,CRITICAL_TRIM,127.53,122.97,3.58,0,Closed 0 worst trades
2026.02.16 12:22:19,410038624,Magic_251101,CRITICAL_TRIM,127.53,122.97,3.58,0,Closed 0 worst trades
2026.02.16 12:22:19,410038624,Magic_251101,CRITICAL_TRIM,127.53,122.97,3.58,0,Closed 0 worst trades
2026.02.16 12:22:19,410038624,Magic_251101,CRITICAL_TRIM,127.53,122.97,3.58,0,Closed 0 worst trades
2026.02.16 12:22:19,410038624,Magic_251101,CRITICAL_TRIM,127.53,122.97,3.58,0,Closed 0 worst trades
2026.02.16 12:22:20,410038624,Magic_251101,CRITICAL_TRIM,127.53,122.97,3.58,0,Closed 0 worst trades
2026.02.16 12:22:20,410038624,Magic_251101,CRITICAL_TRIM,127.53,122.97,3.58,0,Closed 0 worst trades
2026.02.16 12:22:20,410038624,Magic_251101,CRITICAL_TRIM,127.53,122.97,3.58,0,Closed 0 worst trades
2026.02.16 12:22:20,410038624,Magic_251101,CRITICAL_TRIM,127.53,122.97,3.58,0,Closed 0 worst trades
2026.02.16 12:22:20,410038624,Magic_251101,CRITICAL_TRIM,127.53,122.97,3.58,0,Closed 0 worst trades
2026.02.16 12:22:20,410038624,Magic_251101,CRITICAL_TRIM,127.53,122.97,3.58,0,Closed 0 worst trades
2026.02.16 12:22:20,410038624,Magic_251101,CRITICAL_TRIM,127.53,122.97,3.58,0,Closed 0 worst trades
2026.02.16 12:22:20,410038624,Magic_251101,CRITICAL_TRIM,127.53,122.97,3.58,0,Closed 0 worst trades
2026.02.16 12:22:21,410038624,Magic_251101,CRITICAL_TRIM,127.53,122.97,3.58,0,Closed 0 worst trades
2026.02.16 12:22:21,410038624,Magic_251101,CRITICAL_TRIM,127.53,122.97,3.58,0,Closed 0 worst trades
2026.02.16 12:22:21,410038624,Magic_251101,CRITICAL_TRIM,127.53,122.97,3.58,0,Closed 0 worst trades
2026.02.16 12:22:21,410038624,Magic_251101,CRITICAL_TRIM,127.53,122.97,3.58,0,Closed 0 worst trades
2026.02.16 12:22:21,410038624,Magic_251101,CRITICAL_TRIM,127.53,122.97,3.58,0,Closed 0 worst trades
2026.02.16 12:22:21,410038624,Magic_251101,CRITICAL_TRIM,127.53,122.97,3.58,0,Closed 0 worst trades
2026.02.16 12:22:21,410038624,Magic_251101,CRITICAL_TRIM,127.53,122.97,3.58,0,Closed 0 worst trades
2026.02.16 12:22:21,410038624,Magic_251101,CRITICAL_TRIM,127.53,122.97,3.58,0,Closed 0 worst trades
2026.02.16 12:22:21,410038624,Magic_251101,CRITICAL_TRIM,127.53,122.97,3.58,0,Closed 0 worst trades
2026.02.16 12:22:21,410038624,Magic_251101,CRITICAL_TRIM,127.53,122.97,3.58,0,Closed 0 worst trades
2026.02.16 12:22:22,410038624,Magic_251101,CRITICAL_TRIM,127.53,122.97,3.58,0,Closed 0 worst trades
2026.02.16 12:22:22,410038624,Magic_251101,CRITICAL_TRIM,127.53,122.97,3.58,0,Closed 0 worst trades
2026.02.16 12:22:22,410038624,Magic_251101,CRITICAL_TRIM,127.53,122.97,3.58,0,Closed 0 worst trades
2026.02.16 12:22:22,410038624,Magic_251101,CRITICAL_TRIM,127.53,122.97,3.58,0,Closed 0 worst trades
2026.02.16 12:22:22,410038624,Magic_251101,CRITICAL_TRIM,127.53,122.97,3.58,0,Closed 0 worst trades
2026.02.16 12:22:22,410038624,Magic_251101,CRITICAL_TRIM,127.53,122.97,3.58,0,Closed 0 worst trades
2026.02.16 12:22:22,410038624,Magic_251101,CRITICAL_TRIM,127.53,122.97,3.58,0,Closed 0 worst trades
2026.02.16 12:22:22,410038624,Magic_251101,CRITICAL_TRIM,127.53,122.97,3.58,0,Closed 0 worst trades
2026.02.16 12:22:23,410038624,Magic_251101,CRITICAL_TRIM,127.53,122.97,3.58,0,Closed 0 worst trades
2026.02.16 12:22:23,410038624,Magic_251101,CRITICAL_TRIM,127.53,122.97,3.58,0,Closed 0 worst trades
2026.02.16 12:22:23,410038624,Magic_251101,CRITICAL_TRIM,127.53,122.97,3.58,0,Closed 0 worst trades
2026.02.16 12:22:23,410038624,Magic_251101,CRITICAL_TRIM,127.53,122.97,3.58,0,Closed 0 worst trades
2026.02.16 12:22:23,410038624,Magic_251101,CRITICAL_TRIM,127.53,122.97,3.58,0,Closed 0 worst trades
2026.02.16 12:22:23,410038624,Magic_251101,CRITICAL_TRIM,127.53,122.97,3.58,0,Closed 0 worst trades
2026.02.16 12:22:23,410038624,Magic_251101,CRITICAL_TRIM,127.53,122.97,3.58,0,Closed 0 worst trades
2026.02.16 12:22:23,410038624,Magic_251101,CRITICAL_TRIM,127.53,122.97,3.58,0,Closed 0 worst trades
2026.02.16 12:22:24,410038624,Magic_251101,CRITICAL_TRIM,127.53,122.97,3.58,0,Closed 0 worst trades
2026.02.16 12:22:24,410038624,Magic_251101,CRITICAL_TRIM,127.53,122.97,3.58,0,Closed 0 worst trades
2026.02.16 12:22:24,410038624,Magic_251101,CRITICAL_TRIM,127.53,122.97,3.58,0,Closed 0 worst trades
2026.02.16 12:22:24,410038624,Magic_251101,CRITICAL_TRIM,127.53,122.97,3.58,0,Closed 0 worst trades
2026.02.16 12:22:24,410038624,Magic_251101,CRITICAL_TRIM,127.53,122.97,3.58,0,Closed 0 worst trades
2026.02.16 12:22:24,410038624,Magic_251101,CRITICAL_TRIM,127.53,122.97,3.58,0,Closed 0 worst trades
2026.02.16 12:22:25,410038624,Magic_251101,CRITICAL_TRIM,127.53,122.97,3.58,0,Closed 0 worst trades
2026.02.16 12:22:25,410038624,Magic_251101,CRITICAL_TRIM,127.53,122.97,3.58,0,Closed 0 worst trades
2026.02.16 12:22:25,410038624,Magic_251101,CRITICAL_TRIM,127.53,122.97,3.58,0,Closed 0 worst trades
2026.02.16 12:22:25,410038624,Magic_251101,CRITICAL_TRIM,127.53,122.97,3.58,0,Closed 0 worst trades
2026.02.16 12:22:25,410038624,Magic_251101,CRITICAL_TRIM,127.53,122.97,3.58,0,Closed 0 worst trades
2026.02.16 12:22:25,410038624,Magic_251101,CRITICAL_TRIM,127.53,122.97,3.58,0,Closed 0 worst trades
2026.02.16 12:22:25,410038624,Magic_251101,CRITICAL_TRIM,127.53,122.97,3.58,0,Closed 0 worst trades
2026.02.16 12:22:25,410038624,Magic_251101,CRITICAL_TRIM,127.53,122.97,3.58,0,Closed 0 worst trades
2026.02.16 12:22:26,410038624,Magic_251101,CRITICAL_TRIM,127.53,122.97,3.58,0,Closed 0 worst trades
2026.02.16 12:22:26,410038624,Magic_251101,CRITICAL_TRIM,127.53,122.97,3.58,0,Closed 0 worst trades
2026.02.16 12:22:26,410038624,Magic_251101,CRITICAL_TRIM,127.53,122.97,3.58,0,Closed 0 worst trades
2026.02.16 12:22:26,410038624,Magic_251101,CRITICAL_TRIM,127.53,122.97,3.58,0,Closed 0 worst trades
2026.02.16 12:22:26,410038624,Magic_251101,CRITICAL_TRIM,127.53,122.97,3.58,0,Closed 0 worst trades
2026.02.16 12:22:26,410038624,Magic_251101,CRITICAL_TRIM,127.53,122.97,3.58,0,Closed 0 worst trades
2026.02.16 12:22:26,410038624,Magic_251101,CRITICAL_TRIM,127.53,122.97,3.58,0,Closed 0 worst trades
2026.02.16 12:22:26,410038624,Magic_251101,CRITICAL_TRIM,127.53,122.97,3.58,0,Closed 0 worst trades
2026.02.16 12:22:26,410038624,Magic_251101,CRITICAL_TRIM,127.53,122.97,3.58,0,Closed 0 worst trades
2026.02.16 12:22:26,410038624,Magic_251101,CRITICAL_TRIM,127.53,122.97,3.58,0,Closed 0 worst trades
2026.02.16 12:22:27,410038624,Magic_251101,CRITICAL_TRIM,127.53,122.97,3.58,0,Closed 0 worst trades
2026.02.16 12:22:27,410038624,Magic_251101,CRITICAL_TRIM,127.53,122.97,3.58,0,Closed 0 worst trades
2026.02.16 12:22:27,410038624,Magic_251101,CRITICAL_TRIM,127.53,122.97,3.58,0,Closed 0 worst trades
2026.02.16 12:22:27,410038624,Magic_251101,CRITICAL_TRIM,127.53,122.97,3.58,0,Closed 0 worst trades
2026.02.16 12:22:27,410038624,Magic_251101,CRITICAL_TRIM,127.53,122.97,3.58,0,Closed 0 worst trades
2026.02.16 12:22:27,410038624,Magic_251101,CRITICAL_TRIM,127.53,122.97,3.58,0,Closed 0 worst trades
2026.02.16 12:22:27,410038624,Magic_251101,CRITICAL_TRIM,127.53,122.97,3.58,0,Closed 0 worst trades
2026.02.16 12:22:27,410038624,Magic_251101,CRITICAL_TRIM,127.53,122.97,3.58,0,Closed 0 worst trades
2026.02.16 12:22:28,410038624,Magic_251101,CRITICAL_TRIM,127.53,122.97,3.58,0,Closed 0 worst trades
2026.02.16 12:22:28,410038624,Magic_251101,CRITICAL_TRIM,127.53,122.97,3.58,0,Closed 0 worst trades
2026.02.16 12:22:28,410038624,Magic_251101,CRITICAL_TRIM,127.53,122.97,3.58,0,Closed 0 worst trades
2026.02.16 12:22:28,410038624,Magic_251101,CRITICAL_TRIM,127.53,122.97,3.58,0,Closed 0 worst trades
2026.02.16 12:22:28,410038624,Magic_251101,CRITICAL_TRIM,127.53,122.97,3.58,0,Closed 0 worst trades
2026.02.16 12:22:28,410038624,Magic_251101,CRITICAL_TRIM,127.53,122.97,3.58,0,Closed 0 worst trades
2026.02.16 12:22:28,410038624,Magic_251101,CRITICAL_TRIM,127.53,122.97,3.58,0,Closed 0 worst trades
2026.02.16 12:22:28,410038624,Magic_251101,CRITICAL_TRIM,127.53,122.97,3.58,0,Closed 0 worst trades
2026.02.16 12:22:29,410038624,Magic_251101,CRITICAL_TRIM,127.53,122.97,3.58,0,Closed 0 worst trades
2026.02.16 12:22:29,410038624,Magic_251101,CRITICAL_TRIM,127.53,122.97,3.58,0,Closed 0 worst trades
2026.02.16 12:22:29,410038624,Magic_251101,CRITICAL_TRIM,127.53,122.97,3.58,0,Closed 0 worst trades
2026.02.16 12:22:29,410038624,Magic_251101,CRITICAL_TRIM,127.53,122.97,3.58,0,Closed 0 worst trades
2026.02.16 12:22:30,410038624,Magic_251101,CRITICAL_TRIM,127.53,122.97,3.58,0,Closed 0 worst trades
2026.02.16 12:22:30,410038624,Magic_251101,CRITICAL_TRIM,127.53,122.97,3.58,0,Closed 0 worst trades
2026.02.16 12:22:30,410038624,Magic_251101,CRITICAL_TRIM,127.53,122.97,3.58,0,Closed 0 worst trades
2026.02.16 12:22:30,410038624,Magic_251101,CRITICAL_TRIM,127.53,122.97,3.58,0,Closed 0 worst trades
2026.02.16 12:22:30,410038624,Magic_251101,CRITICAL_TRIM,127.53,122.97,3.58,0,Closed 0 worst trades
2026.02.16 12:22:30,410038624,Magic_251101,CRITICAL_TRIM,127.53,122.97,3.58,0,Closed 0 worst trades
2026.02.16 12:22:30,410038624,Magic_251101,CRITICAL_TRIM,127.53,122.97,3.58,0,Closed 0 worst trades
2026.02.16 12:22:31,410038624,Magic_251101,CRITICAL_TRIM,127.53,122.97,3.58,0,Closed 0 worst trades
2026.02.16 12:22:31,410038624,Magic_251101,CRITICAL_TRIM,127.53,122.97,3.58,0,Closed 0 worst trades
2026.02.16 12:22:31,410038624,Magic_251101,CRITICAL_TRIM,127.53,122.97,3.58,0,Closed 0 worst trades
2026.02.16 12:22:31,410038624,Magic_251101,CRITICAL_TRIM,127.53,122.97,3.58,0,Closed 0 worst trades
2026.02.16 12:22:31,410038624,Magic_251101,CRITICAL_TRIM,127.53,122.97,3.58,0,Closed 0 worst trades
2026.02.16 12:22:31,410038624,Magic_251101,CRITICAL_TRIM,127.53,122.97,3.58,0,Closed 0 worst trades
2026.02.16 12:22:31,410038624,Magic_251101,CRITICAL_TRIM,127.53,122.97,3.58,0,Closed 0 worst trades
2026.02.16 12:22:32,410038624,Magic_251101,CRITICAL_TRIM,127.53,122.97,3.58,0,Closed 0 worst trades
2026.02.16 12:22:32,410038624,Magic_251101,CRITICAL_TRIM,127.53,122.97,3.58,0,Closed 0 worst trades
2026.02.16 12:22:32,410038624,Magic_251101,CRITICAL_TRIM,127.53,122.97,3.58,0,Closed 0 worst trades
2026.02.16 12:22:32,410038624,Magic_251101,CRITICAL_TRIM,127.53,122.97,3.58,0,Closed 0 worst trades
2026.02.16 12:22:32,410038624,Magic_251101,CRITICAL_TRIM,127.53,122.97,3.58,0,Closed 0 worst trades
2026.02.16 12:22:32,410038624,Magic_251101,CRITICAL_TRIM,127.53,122.97,3.58,0,Closed 0 worst trades
2026.02.16 12:22:32,410038624,Magic_251101,CRITICAL_TRIM,127.53,122.97,3.58,0,Closed 0 worst trades
2026.02.16 12:22:32,410038624,Magic_251101,CRITICAL_TRIM,127.53,122.97,3.58,0,Closed 0 worst trades
2026.02.16 12:22:33,410038624,Magic_251101,CRITICAL_TRIM,127.53,122.97,3.58,0,Closed 0 worst trades
2026.02.16 12:22:33,410038624,Magic_251101,CRITICAL_TRIM,127.53,122.97,3.58,0,Closed 0 worst trades
2026.02.16 12:22:33,410038624,Magic_251101,CRITICAL_TRIM,127.53,122.97,3.58,0,Closed 0 worst trades
2026.02.16 12:22:33,410038624,Magic_251101,CRITICAL_TRIM,127.53,122.97,3.58,0,Closed 0 worst trades
2026.02.16 12:22:33,410038624,Magic_251101,CRITICAL_TRIM,127.53,122.97,3.58,0,Closed 0 worst trades
2026.02.16 12:22:33,410038624,Magic_251101,CRITICAL_TRIM,127.53,122.97,3.58,0,Closed 0 worst trades
2026.02.16 12:22:34,410038624,Magic_251101,CRITICAL_TRIM,127.53,122.97,3.58,0,Closed 0 worst trades
2026.02.16 12:22:34,410038624,Magic_251101,CRITICAL_TRIM,127.53,122.97,3.58,0,Closed 0 worst trades
2026.02.16 12:22:34,410038624,Magic_251101,CRITICAL_TRIM,127.53,122.97,3.58,0,Closed 0 worst trades
2026.02.16 12:22:34,410038624,Magic_251101,CRITICAL_TRIM,127.53,122.97,3.58,0,Closed 0 worst trades
2026.02.16 12:22:35,410038624,Magic_251101,CRITICAL_TRIM,127.53,122.97,3.58,0,Closed 0 worst trades
2026.02.16 12:22:35,410038624,Magic_251101,CRITICAL_TRIM,127.53,122.97,3.58,0,Closed 0 worst trades
2026.02.16 12:22:35,410038624,Magic_251101,CRITICAL_TRIM,127.53,122.97,3.58,0,Closed 0 worst trades
2026.02.16 12:22:35,410038624,Magic_251101,CRITICAL_TRIM,127.53,122.97,3.58,0,Closed 0 worst trades
2026.02.16 12:22:36,410038624,Magic_251101,CRITICAL_TRIM,127.53,122.97,3.58,0,Closed 0 worst trades
2026.02.16 12:22:36,410038624,Magic_251101,CRITICAL_TRIM,127.53,122.97,3.58,0,Closed 0 worst trades
2026.02.16 12:22:36,410038624,Magic_251101,CRITICAL_TRIM,127.53,122.97,3.58,0,Closed 0 worst trades
2026.02.16 12:22:36,410038624,Magic_251101,CRITICAL_TRIM,127.53,122.97,3.58,0,Closed 0 worst trades
2026.02.16 12:22:36,410038624,Magic_251101,CRITICAL_TRIM,127.53,122.97,3.58,0,Closed 0 worst trades
2026.02.16 12:22:36,410038624,Magic_251101,CRITICAL_TRIM,127.53,122.97,3.58,0,Closed 0 worst trades
2026.02.16 12:22:37,410038624,Magic_251101,CRITICAL_TRIM,127.53,122.97,3.58,0,Closed 0 worst trades
2026.02.16 12:22:37,410038624,Magic_251101,CRITICAL_TRIM,127.53,122.97,3.58,0,Closed 0 worst trades
2026.02.16 12:22:37,410038624,Magic_251101,CRITICAL_TRIM,127.53,122.97,3.58,0,Closed 0 worst trades
2026.02.16 12:22:37,410038624,Magic_251101,CRITICAL_TRIM,127.53,122.97,3.58,0,Closed 0 worst trades
2026.02.16 12:22:37,410038624,Magic_251101,CRITICAL_TRIM,127.53,122.97,3.58,0,Closed 0 worst trades
2026.02.16 12:22:37,410038624,Magic_251101,CRITICAL_TRIM,127.53,122.97,3.58,0,Closed 0 worst trades
2026.02.16 12:22:37,410038624,Magic_251101,CRITICAL_TRIM,127.53,122.97,3.58,0,Closed 0 worst trades
2026.02.16 12:22:37,410038624,Magic_251101,CRITICAL_TRIM,127.53,122.97,3.58,0,Closed 0 worst trades
2026.02.16 12:22:37,410038624,Magic_251101,CRITICAL_TRIM,127.53,122.97,3.58,0,Closed 0 worst trades
2026.02.16 12:22:38,410038624,Magic_251101,CRITICAL_TRIM,127.53,122.97,3.58,0,Closed 0 worst trades
2026.02.16 12:22:38,410038624,Magic_251101,CRITICAL_TRIM,127.53,122.97,3.58,0,Closed 0 worst trades
2026.02.16 12:22:38,410038624,Magic_251101,CRITICAL_TRIM,127.53,122.97,3.58,0,Closed 0 worst trades
2026.02.16 12:22:38,410038624,Magic_251101,CRITICAL_TRIM,127.53,122.97,3.58,0,Closed 0 worst trades
2026.02.16 12:22:38,410038624,Magic_251101,CRITICAL_TRIM,127.53,122.97,3.58,0,Closed 0 worst trades
2026.02.16 12:22:38,410038624,Magic_251101,CRITICAL_TRIM,127.53,122.97,3.58,0,Closed 0 worst trades
2026.02.16 12:22:38,410038624,Magic_251101,CRITICAL_TRIM,127.53,122.97,3.58,0,Closed 0 worst trades
2026.02.16 12:22:40,410038624,Magic_251101,CRITICAL_TRIM,127.53,122.97,3.58,0,Closed 0 worst trades
2026.02.16 12:22:40,410038624,Magic_251101,CRITICAL_TRIM,127.53,122.97,3.58,0,Closed 0 worst trades
2026.02.16 12:22:40,410038624,Magic_251101,CRITICAL_TRIM,127.53,122.97,3.58,0,Closed 0 worst trades
2026.02.16 12:22:40,410038624,Magic_251101,CRITICAL_TRIM,127.53,122.97,3.58,0,Closed 0 worst trades
2026.02.16 12:22:40,410038624,Magic_251101,CRITICAL_TRIM,127.53,122.97,3.58,0,Closed 0 worst trades
2026.02.16 12:22:40,410038624,Magic_251101,CRITICAL_TRIM,127.53,122.97,3.58,0,Closed 0 worst trades
2026.02.16 12:22:40,410038624,Magic_251101,CRITICAL_TRIM,127.53,122.97,3.58,0,Closed 0 worst trades
2026.02.16 12:22:41,410038624,Magic_251101,CRITICAL_TRIM,127.53,122.97,3.58,0,Closed 0 worst trades
2026.02.16 12:22:41,410038624,Magic_251101,CRITICAL_TRIM,127.53,122.97,3.58,0,Closed 0 worst trades
2026.02.16 12:22:41,410038624,Magic_251101,CRITICAL_TRIM,127.53,122.97,3.58,0,Closed 0 worst trades
2026.02.16 12:22:41,410038624,Magic_251101,CRITICAL_TRIM,127.53,122.97,3.58,0,Closed 0 worst trades
2026.02.16 12:22:41,410038624,Magic_251101,CRITICAL_TRIM,127.53,122.97,3.58,0,Closed 0 worst trades
2026.02.16 12:22:42,410038624,Magic_251101,CRITICAL_TRIM,127.53,122.97,3.58,0,Closed 0 worst trades
2026.02.16 12:22:42,410038624,Magic_251101,CRITICAL_TRIM,127.53,122.97,3.58,0,Closed 0 worst trades
2026.02.16 12:22:42,410038624,Magic_251101,CRITICAL_TRIM,127.53,122.97,3.58,0,Closed 0 worst trades
2026.02.16 12:22:42,410038624,Magic_251101,CRITICAL_TRIM,127.53,122.97,3.58,0,Closed 0 worst trades
2026.02.16 12:22:43,410038624,Magic_251101,CRITICAL_TRIM,127.53,122.97,3.58,0,Closed 0 worst trades
2026.02.16 12:22:43,410038624,Magic_251101,CRITICAL_TRIM,127.53,122.97,3.58,0,Closed 0 worst trades
2026.02.16 12:22:43,410038624,Magic_251101,CRITICAL_TRIM,127.53,122.97,3.58,0,Closed 0 worst trades
2026.02.16 12:22:43,410038624,Magic_251101,CRITICAL_TRIM,127.53,122.97,3.58,0,Closed 0 worst trades
2026.02.16 12:22:43,410038624,Magic_251101,CRITICAL_TRIM,127.53,122.97,3.58,0,Closed 0 worst trades
2026.02.16 12:22:43,410038624,Magic_251101,CRITICAL_TRIM,127.53,122.97,3.58,0,Closed 0 worst trades
2026.02.16 12:22:43,410038624,Magic_251101,CRITICAL_TRIM,127.53,122.97,3.58,0,Closed 0 worst trades
2026.02.16 12:22:44,410038624,Magic_251101,CRITICAL_TRIM,127.53,122.97,3.58,0,Closed 0 worst trades
2026.02.16 12:22:44,410038624,Magic_251101,CRITICAL_TRIM,127.53,122.97,3.58,0,Closed 0 worst trades
2026.02.16 12:22:44,410038624,Magic_251101,CRITICAL_TRIM,127.53,122.97,3.58,0,Closed 0 worst trades
2026.02.16 12:22:44,410038624,Magic_251101,CRITICAL_TRIM,127.53,122.97,3.58,0,Closed 0 worst trades
2026.02.16 12:22:44,410038624,Magic_251101,CRITICAL_TRIM,127.53,122.97,3.58,0,Closed 0 worst trades
2026.02.16 12:22:44,410038624,Magic_251101,CRITICAL_TRIM,127.53,122.97,3.58,0,Closed 0 worst trades
2026.02.16 12:22:45,410038624,Magic_251101,CRITICAL_TRIM,127.53,122.97,3.58,0,Closed 0 worst trades
2026.02.16 12:22:45,410038624,Magic_251101,CRITICAL_TRIM,127.53,122.97,3.58,0,Closed 0 worst trades
2026.02.16 12:22:45,410038624,Magic_251101,CRITICAL_TRIM,127.53,122.97,3.58,0,Closed 0 worst trades
2026.02.16 12:22:45,410038624,Magic_251101,CRITICAL_TRIM,127.53,122.97,3.58,0,Closed 0 worst trades
2026.02.16 12:22:45,410038624,Magic_251101,CRITICAL_TRIM,127.53,122.97,3.58,0,Closed 0 worst trades
2026.02.16 12:22:45,410038624,Magic_251101,CRITICAL_TRIM,127.53,122.97,3.58,0,Closed 0 worst trades
2026.02.16 12:22:45,410038624,Magic_251101,CRITICAL_TRIM,127.53,122.97,3.58,0,Closed 0 worst trades
2026.02.16 12:22:45,410038624,Magic_251101,CRITICAL_TRIM,127.53,122.97,3.58,0,Closed 0 worst trades
2026.02.16 12:22:46,410038624,Magic_251101,CRITICAL_TRIM,127.53,122.97,3.58,0,Closed 0 worst trades
2026.02.16 12:22:46,410038624,Magic_251101,CRITICAL_TRIM,127.53,122.97,3.58,0,Closed 0 worst trades
2026.02.16 12:22:46,410038624,Magic_251101,CRITICAL_TRIM,127.53,122.97,3.58,0,Closed 0 worst trades
2026.02.16 12:22:46,410038624,Magic_251101,CRITICAL_TRIM,127.53,122.97,3.58,0,Closed 0 worst trades
2026.02.16 12:22:46,410038624,Magic_251101,CRITICAL_TRIM,127.53,122.97,3.58,0,Closed 0 worst trades
2026.02.16 12:22:46,410038624,Magic_251101,CRITICAL_TRIM,127.53,122.97,3.58,0,Closed 0 worst trades
2026.02.16 12:22:46,410038624,Magic_251101,CRITICAL_TRIM,127.53,122.97,3.58,0,Closed 0 worst trades
2026.02.16 12:22:46,410038624,Magic_251101,CRITICAL_TRIM,127.53,122.97,3.58,0,Closed 0 worst trades
2026.02.16 12:22:47,410038624,Magic_251101,CRITICAL_TRIM,127.53,122.97,3.58,0,Closed 0 worst trades
2026.02.16 12:22:47,410038624,Magic_251101,CRITICAL_TRIM,127.53,122.97,3.58,0,Closed 0 worst trades
2026.02.16 12:22:47,410038624,Magic_251101,CRITICAL_TRIM,127.53,122.97,3.58,0,Closed 0 worst trades
2026.02.16 12:22:47,410038624,Magic_251101,CRITICAL_TRIM,127.53,122.97,3.58,0,Closed 0 worst trades
2026.02.16 12:22:47,410038624,Magic_251101,CRITICAL_TRIM,127.53,122.97,3.58,0,Closed 0 worst trades
2026.02.16 12:22:47,410038624,Magic_251101,CRITICAL_TRIM,127.53,122.97,3.58,0,Closed 0 worst trades
2026.02.16 12:22:47,410038624,Magic_251101,CRITICAL_TRIM,127.53,122.97,3.58,0,Closed 0 worst trades
2026.02.16 12:22:47,410038624,Magic_251101,CRITICAL_TRIM,127.53,122.97,3.58,0,Closed 0 worst trades
2026.02.16 12:22:47,410038624,Magic_251101,CRITICAL_TRIM,127.53,122.97,3.58,0,Closed 0 worst trades
2026.02.16 12:22:47,410038624,Magic_251101,CRITICAL_TRIM,127.53,122.97,3.58,0,Closed 0 worst trades
2026.02.16 12:22:47,410038624,Magic_251101,CRITICAL_TRIM,127.53,122.97,3.58,0,Closed 0 worst trades
2026.02.16 12:22:48,410038624,Magic_251101,CRITICAL_TRIM,127.53,122.97,3.58,0,Closed 0 worst trades
2026.02.16 12:22:48,410038624,Magic_251101,CRITICAL_TRIM,127.53,122.97,3.58,0,Closed 0 worst trades
2026.02.16 12:22:48,410038624,Magic_251101,CRITICAL_TRIM,127.53,122.97,3.58,0,Closed 0 worst trades
2026.02.16 12:22:48,410038624,Magic_251101,CRITICAL_TRIM,127.53,122.97,3.58,0,Closed 0 worst trades
2026.02.16 12:22:48,410038624,Magic_251101,CRITICAL_TRIM,127.53,122.97,3.58,0,Closed 0 worst trades
2026.02.16 12:22:48,410038624,Magic_251101,CRITICAL_TRIM,127.53,122.97,3.58,0,Closed 0 worst trades
2026.02.16 12:22:49,410038624,Magic_251101,CRITICAL_TRIM,127.53,122.97,3.58,0,Closed 0 worst trades
2026.02.16 12:22:49,410038624,Magic_251101,CRITICAL_TRIM,127.53,122.97,3.58,0,Closed 0 worst trades
2026.02.16 12:22:49,410038624,Magic_251101,CRITICAL_TRIM,127.53,122.97,3.58,0,Closed 0 worst trades
2026.02.16 12:22:49,410038624,Magic_251101,CRITICAL_TRIM,127.53,122.97,3.58,0,Closed 0 worst trades
2026.02.16 12:22:49,410038624,Magic_251101,CRITICAL_TRIM,127.53,122.97,3.58,0,Closed 0 worst trades
2026.02.16 12:22:49,410038624,Magic_251101,CRITICAL_TRIM,127.53,122.97,3.58,0,Closed 0 worst trades
2026.02.16 12:22:49,410038624,Magic_251101,CRITICAL_TRIM,127.53,122.97,3.58,0,Closed 0 worst trades
2026.02.16 12:22:50,410038624,Magic_251101,CRITICAL_TRIM,127.53,122.97,3.58,0,Closed 0 worst trades
2026.02.16 12:22:50,410038624,Magic_251101,CRITICAL_TRIM,127.53,122.97,3.58,0,Closed 0 worst trades
2026.02.16 12:22:50,410038624,Magic_251101,CRITICAL_TRIM,127.53,122.97,3.58,0,Closed 0 worst trades
2026.02.16 12:22:50,410038624,Magic_251101,CRITICAL_TRIM,127.53,122.97,3.58,0,Closed 0 worst trades
2026.02.16 12:22:50,410038624,Magic_251101,CRITICAL_TRIM,127.53,122.97,3.58,0,Closed 0 worst trades
2026.02.16 12:22:50,410038624,Magic_251101,CRITICAL_TRIM,127.53,122.97,3.58,0,Closed 0 worst trades
2026.02.16 12:22:51,410038624,Magic_251101,CRITICAL_TRIM,127.53,122.97,3.58,0,Closed 0 worst trades
2026.02.16 12:22:51,410038624,Magic_251101,CRITICAL_TRIM,127.53,122.97,3.58,0,Closed 0 worst trades
2026.02.16 12:22:51,410038624,Magic_251101,CRITICAL_TRIM,127.53,122.97,3.58,0,Closed 0 worst trades
2026.02.16 12:22:51,410038624,Magic_251101,CRITICAL_TRIM,127.53,122.97,3.58,0,Closed 0 worst trades
2026.02.16 12:22:51,410038624,Magic_251101,CRITICAL_TRIM,127.53,122.97,3.58,0,Closed 0 worst trades
2026.02.16 12:22:51,410038624,Magic_251101,CRITICAL_TRIM,127.53,122.97,3.58,0,Closed 0 worst trades
2026.02.16 12:22:52,410038624,Magic_251101,CRITICAL_TRIM,127.53,122.97,3.58,0,Closed 0 worst trades
2026.02.16 12:22:52,410038624,Magic_251101,CRITICAL_TRIM,127.53,122.97,3.58,0,Closed 0 worst trades
2026.02.16 12:22:52,410038624,Magic_251101,CRITICAL_TRIM,127.53,122.97,3.58,0,Closed 0 worst trades
2026.02.16 12:22:52,410038624,Magic_251101,CRITICAL_TRIM,127.53,122.97,3.58,0,Closed 0 worst trades
2026.02.16 12:22:53,410038624,Magic_251101,CRITICAL_TRIM,127.53,122.97,3.58,0,Closed 0 worst trades
2026.02.16 12:22:55,410038624,Magic_251101,CRITICAL_TRIM,127.53,122.97,3.58,0,Closed 0 worst trades
2026.02.16 12:22:55,410038624,Magic_251101,CRITICAL_TRIM,127.53,122.97,3.58,0,Closed 0 worst trades
2026.02.16 12:22:55,410038624,Magic_251101,CRITICAL_TRIM,127.53,122.97,3.58,0,Closed 0 worst trades
2026.02.16 12:22:56,410038624,Magic_251101,CRITICAL_TRIM,127.53,122.97,3.58,0,Closed 0 worst trades
2026.02.16 12:22:56,410038624,Magic_251101,CRITICAL_TRIM,127.53,122.97,3.58,0,Closed 0 worst trades
2026.02.16 12:22:56,410038624,Magic_251101,CRITICAL_TRIM,127.53,122.97,3.58,0,Closed 0 worst trades
2026.02.16 12:22:56,410038624,Magic_251101,CRITICAL_TRIM,127.53,122.97,3.58,0,Closed 0 worst trades
2026.02.16 12:22:56,410038624,Magic_251101,CRITICAL_TRIM,127.53,122.97,3.58,0,Closed 0 worst trades
2026.02.16 12:22:56,410038624,Magic_251101,CRITICAL_TRIM,127.53,122.97,3.58,0,Closed 0 worst trades
2026.02.16 12:22:56,410038624,Magic_251101,CRITICAL_TRIM,127.53,122.97,3.58,0,Closed 0 worst trades
2026.02.16 12:22:56,410038624,Magic_251101,CRITICAL_TRIM,127.53,122.97,3.58,0,Closed 0 worst trades
2026.02.16 12:22:56,410038624,Magic_251101,CRITICAL_TRIM,127.53,122.97,3.58,0,Closed 0 worst trades
2026.02.16 12:22:56,410038624,Magic_251101,CRITICAL_TRIM,127.53,122.97,3.58,0,Closed 0 worst trades
2026.02.16 12:22:57,410038624,Magic_251101,CRITICAL_TRIM,127.53,122.97,3.58,0,Closed 0 worst trades
2026.02.16 12:22:57,410038624,Magic_251101,CRITICAL_TRIM,127.53,122.97,3.58,0,Closed 0 worst trades
2026.02.16 12:22:57,410038624,Magic_251101,CRITICAL_TRIM,127.53,122.97,3.58,0,Closed 0 worst trades
2026.02.16 12:22:57,410038624,Magic_251101,CRITICAL_TRIM,127.53,122.97,3.58,0,Closed 0 worst trades
2026.02.16 12:22:57,410038624,Magic_251101,CRITICAL_TRIM,127.53,122.97,3.58,0,Closed 0 worst trades
2026.02.16 12:22:58,410038624,Magic_251101,CRITICAL_TRIM,127.53,122.97,3.58,0,Closed 0 worst trades
2026.02.16 12:22:58,410038624,Magic_251101,CRITICAL_TRIM,127.53,122.97,3.58,0,Closed 0 worst trades
2026.02.16 12:22:58,410038624,Magic_251101,CRITICAL_TRIM,127.53,122.97,3.58,0,Closed 0 worst trades
2026.02.16 12:22:58,410038624,Magic_251101,CRITICAL_TRIM,127.53,122.97,3.58,0,Closed 0 worst trades
2026.02.16 12:22:58,410038624,Magic_251101,CRITICAL_TRIM,127.53,122.97,3.58,0,Closed 0 worst trades
2026.02.16 12:22:59,410038624,Magic_251101,CRITICAL_TRIM,127.53,122.97,3.58,0,Closed 0 worst trades
2026.02.16 12:22:59,410038624,Magic_251101,CRITICAL_TRIM,127.53,122.97,3.58,0,Closed 0 worst trades
2026.02.16 12:22:59,410038624,Magic_251101,CRITICAL_TRIM,127.53,122.97,3.58,0,Closed 0 worst trades
2026.02.16 12:22:59,410038624,Magic_251101,CRITICAL_TRIM,127.53,122.97,3.58,0,Closed 0 worst trades
2026.02.16 12:22:59,410038624,Magic_251101,CRITICAL_TRIM,127.53,122.97,3.58,0,Closed 0 worst trades
2026.02.16 12:22:59,410038624,Magic_251101,CRITICAL_TRIM,127.53,122.97,3.58,0,Closed 0 worst trades
2026.02.16 12:22:59,410038624,Magic_251101,CRITICAL_TRIM,127.53,122.97,3.58,0,Closed 0 worst trades
2026.02.16 12:22:59,410038624,Magic_251101,CRITICAL_TRIM,127.53,122.97,3.58,0,Closed 0 worst trades
2026.02.16 12:23:00,410038624,Magic_251101,CRITICAL_TRIM,127.53,122.97,3.58,0,Closed 0 worst trades
2026.02.16 12:23:00,410038624,Magic_251101,CRITICAL_TRIM,127.53,122.97,3.58,0,Closed 0 worst trades
2026.02.16 12:23:00,410038624,Magic_251101,CRITICAL_TRIM,127.53,122.97,3.58,0,Closed 0 worst trades
2026.02.16 12:23:00,410038624,Magic_251101,CRITICAL_TRIM,127.53,122.97,3.58,0,Closed 0 worst trades
2026.02.16 12:23:00,410038624,Magic_251101,CRITICAL_TRIM,127.53,122.97,3.58,0,Closed 0 worst trades
2026.02.16 12:23:00,410038624,Magic_251101,CRITICAL_TRIM,127.53,122.97,3.58,0,Closed 0 worst trades
2026.02.16 12:23:00,410038624,Magic_251101,CRITICAL_TRIM,127.53,122.97,3.58,0,Closed 0 worst trades
2026.02.16 12:23:01,410038624,Magic_251101,CRITICAL_TRIM,127.53,122.97,3.58,0,Closed 0 worst trades
2026.02.16 12:23:01,410038624,Magic_251101,CRITICAL_TRIM,127.53,122.97,3.58,0,Closed 0 worst trades
2026.02.16 12:23:01,410038624,Magic_251101,CRITICAL_TRIM,127.53,122.97,3.58,0,Closed 0 worst trades
2026.02.16 12:23:01,410038624,Magic_251101,CRITICAL_TRIM,127.53,122.97,3.58,0,Closed 0 worst trades
2026.02.16 12:23:01,410038624,Magic_251101,CRITICAL_TRIM,127.53,122.97,3.58,0,Closed 0 worst trades
2026.02.16 12:23:02,410038624,Magic_251101,CRITICAL_TRIM,127.53,122.97,3.58,0,Closed 0 worst trades
2026.02.16 12:23:02,410038624,Magic_251101,CRITICAL_TRIM,127.53,122.97,3.58,0,Closed 0 worst trades
2026.02.16 12:23:03,410038624,Magic_251101,CRITICAL_TRIM,127.53,122.97,3.58,0,Closed 0 worst trades
2026.02.16 12:23:04,410038624,Magic_251101,CRITICAL_TRIM,127.53,122.97,3.58,0,Closed 0 worst trades
2026.02.16 12:23:05,410038624,Magic_251101,CRITICAL_TRIM,127.53,122.97,3.58,0,Closed 0 worst trades
2026.02.16 12:23:05,410038624,Magic_251101,CRITICAL_TRIM,127.53,122.97,3.58,0,Closed 0 worst trades
2026.02.16 12:23:06,410038624,Magic_251101,CRITICAL_TRIM,127.53,122.97,3.58,0,Closed 0 worst trades
2026.02.16 12:23:06,410038624,Magic_251101,CRITICAL_TRIM,127.53,122.97,3.58,0,Closed 0 worst trades
2026.02.16 12:23:06,410038624,Magic_251101,CRITICAL_TRIM,127.53,122.97,3.58,0,Closed 0 worst trades
2026.02.16 12:23:06,410038624,Magic_251101,CRITICAL_TRIM,127.53,122.97,3.58,0,Closed 0 worst trades
2026.02.16 12:23:06,410038624,Magic_251101,CRITICAL_TRIM,127.53,122.97,3.58,0,Closed 0 worst trades
2026.02.16 12:23:06,410038624,Magic_251101,CRITICAL_TRIM,127.53,122.97,3.58,0,Closed 0 worst trades
2026.02.16 12:23:07,410038624,Magic_251101,CRITICAL_TRIM,127.53,122.97,3.58,0,Closed 0 worst trades
2026.02.16 12:23:07,410038624,Magic_251101,CRITICAL_TRIM,127.53,122.97,3.58,0,Closed 0 worst trades
2026.02.16 12:23:07,410038624,Magic_251101,CRITICAL_TRIM,127.53,122.97,3.58,0,Closed 0 worst trades
2026.02.16 12:23:07,410038624,Magic_251101,CRITICAL_TRIM,127.53,122.97,3.58,0,Closed 0 worst trades
2026.02.16 12:23:07,410038624,Magic_251101,CRITICAL_TRIM,127.53,122.97,3.58,0,Closed 0 worst trades
2026.02.16 12:23:07,410038624,Magic_251101,CRITICAL_TRIM,127.53,122.97,3.58,0,Closed 0 worst trades
2026.02.16 12:23:07,410038624,Magic_251101,CRITICAL_TRIM,127.53,122.97,3.58,0,Closed 0 worst trades
2026.02.16 12:23:07,410038624,Magic_251101,CRITICAL_TRIM,127.53,122.97,3.58,0,Closed 0 worst trades
2026.02.16 12:23:07,410038624,Magic_251101,CRITICAL_TRIM,127.53,122.97,3.58,0,Closed 0 worst trades
2026.02.16 12:23:08,410038624,Magic_251101,CRITICAL_TRIM,127.53,122.97,3.58,0,Closed 0 worst trades
2026.02.16 12:23:08,410038624,Magic_251101,CRITICAL_TRIM,127.53,122.97,3.58,0,Closed 0 worst trades
2026.02.16 12:23:08,410038624,Magic_251101,CRITICAL_TRIM,127.53,122.97,3.58,0,Closed 0 worst trades
2026.02.16 12:23:08,410038624,Magic_251101,CRITICAL_TRIM,127.53,122.97,3.58,0,Closed 0 worst trades
2026.02.16 12:23:08,410038624,Magic_251101,CRITICAL_TRIM,127.53,122.97,3.58,0,Closed 0 worst trades
2026.02.16 12:23:08,410038624,Magic_251101,CRITICAL_TRIM,127.53,122.97,3.58,0,Closed 0 worst trades
2026.02.16 12:23:09,410038624,Magic_251101,CRITICAL_TRIM,127.53,122.97,3.58,0,Closed 0 worst trades
2026.02.16 12:23:10,410038624,Magic_251101,CRITICAL_TRIM,127.53,122.97,3.58,0,Closed 0 worst trades
2026.02.16 12:23:10,410038624,Magic_251101,CRITICAL_TRIM,127.53,122.97,3.58,0,Closed 0 worst trades
2026.02.16 12:23:10,410038624,Magic_251101,CRITICAL_TRIM,127.53,122.97,3.58,0,Closed 0 worst trades
2026.02.16 12:23:10,410038624,Magic_251101,CRITICAL_TRIM,127.53,122.97,3.58,0,Closed 0 worst trades
2026.02.16 12:23:10,410038624,Magic_251101,CRITICAL_TRIM,127.53,122.97,3.58,0,Closed 0 worst trades
2026.02.16 12:23:10,410038624,Magic_251101,CRITICAL_TRIM,127.53,122.97,3.58,0,Closed 0 worst trades
2026.02.16 12:23:10,410038624,Magic_251101,CRITICAL_TRIM,127.53,122.97,3.58,0,Closed 0 worst trades
2026.02.16 12:23:11,410038624,Magic_251101,CRITICAL_TRIM,127.53,122.97,3.58,0,Closed 0 worst trades
2026.02.16 12:23:11,410038624,Magic_251101,CRITICAL_TRIM,127.53,122.97,3.58,0,Closed 0 worst trades
2026.02.16 12:23:11,410038624,Magic_251101,CRITICAL_TRIM,127.53,122.97,3.58,0,Closed 0 worst trades
2026.02.16 12:23:11,410038624,Magic_251101,CRITICAL_TRIM,127.53,122.97,3.58,0,Closed 0 worst trades
2026.02.16 12:23:11,410038624,Magic_251101,CRITICAL_TRIM,127.53,122.97,3.58,0,Closed 0 worst trades
2026.02.16 12:23:11,410038624,Magic_251101,CRITICAL_TRIM,127.53,122.97,3.58,0,Closed 0 worst trades
2026.02.16 12:23:12,410038624,Magic_251101,CRITICAL_TRIM,127.53,122.97,3.58,0,Closed 0 worst trades
2026.02.16 12:23:12,410038624,Magic_251101,CRITICAL_TRIM,127.53,122.97,3.58,0,Closed 0 worst trades
2026.02.16 12:23:12,410038624,Magic_251101,CRITICAL_TRIM,127.53,122.97,3.58,0,Closed 0 worst trades
2026.02.16 12:23:13,410038624,Magic_251101,CRITICAL_TRIM,127.53,122.97,3.58,0,Closed 0 worst trades
2026.02.16 12:23:13,410038624,Magic_251101,CRITICAL_TRIM,127.53,122.97,3.58,0,Closed 0 worst trades
2026.02.16 12:23:14,410038624,Magic_251101,CRITICAL_TRIM,127.53,122.97,3.58,0,Closed 0 worst trades
2026.02.16 12:23:14,410038624,Magic_251101,CRITICAL_TRIM,127.53,122.97,3.58,0,Closed 0 worst trades
2026.02.16 12:23:14,410038624,Magic_251101,CRITICAL_TRIM,127.53,122.97,3.58,0,Closed 0 worst trades
2026.02.16 12:23:14,410038624,Magic_251101,CRITICAL_TRIM,127.53,122.97,3.58,0,Closed 0 worst trades
2026.02.16 12:23:14,410038624,Magic_251101,CRITICAL_TRIM,127.53,122.97,3.58,0,Closed 0 worst trades
2026.02.16 12:23:15,410038624,Magic_251101,CRITICAL_TRIM,127.53,122.97,3.58,0,Closed 0 worst trades
2026.02.16 12:23:15,410038624,Magic_251101,CRITICAL_TRIM,127.53,122.97,3.58,0,Closed 0 worst trades
2026.02.16 12:23:15,410038624,Magic_251101,CRITICAL_TRIM,127.53,122.97,3.58,0,Closed 0 worst trades
2026.02.16 12:23:15,410038624,Magic_251101,CRITICAL_TRIM,127.53,122.97,3.58,0,Closed 0 worst trades
2026.02.16 12:23:15,410038624,Magic_251101,CRITICAL_TRIM,127.53,122.97,3.58,0,Closed 0 worst trades
2026.02.16 12:23:16,410038624,Magic_251101,CRITICAL_TRIM,127.53,122.97,3.58,0,Closed 0 worst trades
2026.02.16 12:23:16,410038624,Magic_251101,CRITICAL_TRIM,127.53,122.97,3.58,0,Closed 0 worst trades
2026.02.16 12:23:16,410038624,Magic_251101,CRITICAL_TRIM,127.53,122.97,3.58,0,Closed 0 worst trades
2026.02.16 12:23:16,410038624,Magic_251101,CRITICAL_TRIM,127.53,122.97,3.58,0,Closed 0 worst trades
2026.02.16 12:23:16,410038624,Magic_251101,CRITICAL_TRIM,127.53,122.97,3.58,0,Closed 0 worst trades
2026.02.16 12:23:16,410038624,Magic_251101,CRITICAL_TRIM,127.53,122.97,3.58,0,Closed 0 worst trades
2026.02.16 12:23:16,410038624,Magic_251101,CRITICAL_TRIM,127.53,122.97,3.58,0,Closed 0 worst trades
2026.02.16 12:23:17,410038624,Magic_251101,CRITICAL_TRIM,127.53,122.97,3.58,0,Closed 0 worst trades
2026.02.16 12:23:17,410038624,Magic_251101,CRITICAL_TRIM,127.53,122.97,3.58,0,Closed 0 worst trades
2026.02.16 12:23:17,410038624,Magic_251101,CRITICAL_TRIM,127.53,122.97,3.58,0,Closed 0 worst trades
2026.02.16 12:23:17,410038624,Magic_251101,CRITICAL_TRIM,127.53,122.97,3.58,0,Closed 0 worst trades
2026.02.16 12:23:18,410038624,Magic_251101,CRITICAL_TRIM,127.53,122.97,3.58,0,Closed 0 worst trades
2026.02.16 12:23:18,410038624,Magic_251101,CRITICAL_TRIM,127.53,122.97,3.58,0,Closed 0 worst trades
2026.02.16 12:23:18,410038624,Magic_251101,CRITICAL_TRIM,127.53,122.97,3.58,0,Closed 0 worst trades
2026.02.16 12:23:18,410038624,Magic_251101,CRITICAL_TRIM,127.53,122.97,3.58,0,Closed 0 worst trades
2026.02.16 12:23:18,410038624,Magic_251101,CRITICAL_TRIM,127.53,122.97,3.58,0,Closed 0 worst trades
2026.02.16 12:23:18,410038624,Magic_251101,CRITICAL_TRIM,127.53,122.97,3.58,0,Closed 0 worst trades
2026.02.16 12:23:19,410038624,Magic_251101,CRITICAL_TRIM,127.53,122.97,3.58,0,Closed 0 worst trades
2026.02.16 12:23:19,410038624,Magic_251101,CRITICAL_TRIM,127.53,122.97,3.58,0,Closed 0 worst trades
2026.02.16 12:23:19,410038624,Magic_251101,CRITICAL_TRIM,127.53,122.97,3.58,0,Closed 0 worst trades
2026.02.16 12:23:20,410038624,Magic_251101,CRITICAL_TRIM,127.53,122.97,3.58,0,Closed 0 worst trades
2026.02.16 12:23:20,410038624,Magic_251101,CRITICAL_TRIM,127.53,122.97,3.58,0,Closed 0 worst trades
2026.02.16 12:23:21,410038624,Magic_251101,CRITICAL_TRIM,127.53,122.97,3.58,0,Closed 0 worst trades
2026.02.16 12:23:21,410038624,Magic_251101,CRITICAL_TRIM,127.53,122.97,3.58,0,Closed 0 worst trades
2026.02.16 12:23:21,410038624,Magic_251101,CRITICAL_TRIM,127.53,122.97,3.58,0,Closed 0 worst trades
2026.02.16 12:23:21,410038624,Magic_251101,CRITICAL_TRIM,127.53,122.97,3.58,0,Closed 0 worst trades
2026.02.16 12:23:22,410038624,Magic_251101,CRITICAL_TRIM,127.53,122.97,3.58,0,Closed 0 worst trades
2026.02.16 12:23:23,410038624,Magic_251101,CRITICAL_TRIM,127.53,122.97,3.58,0,Closed 0 worst trades
2026.02.16 12:23:23,410038624,Magic_251101,CRITICAL_TRIM,127.53,122.97,3.58,0,Closed 0 worst trades
2026.02.16 12:23:24,410038624,Magic_251101,CRITICAL_TRIM,127.53,122.97,3.58,0,Closed 0 worst trades
2026.02.16 12:23:25,410038624,Magic_251101,CRITICAL_TRIM,127.53,122.97,3.58,0,Closed 0 worst trades
2026.02.16 12:23:26,410038624,Magic_251101,CRITICAL_TRIM,127.53,122.97,3.58,0,Closed 0 worst trades
2026.02.16 12:23:26,410038624,Magic_251101,CRITICAL_TRIM,127.53,122.97,3.58,0,Closed 0 worst trades
2026.02.16 12:23:26,410038624,Magic_251101,CRITICAL_TRIM,127.53,122.97,3.58,0,Closed 0 worst trades
2026.02.16 12:23:26,410038624,Magic_251101,CRITICAL_TRIM,127.53,122.97,3.58,0,Closed 0 worst trades
2026.02.16 12:23:27,410038624,Magic_251101,CRITICAL_TRIM,127.53,122.97,3.58,0,Closed 0 worst trades
2026.02.16 12:23:27,410038624,Magic_251101,CRITICAL_TRIM,127.53,122.97,3.58,0,Closed 0 worst trades
2026.02.16 12:23:27,410038624,Magic_251101,CRITICAL_TRIM,127.53,122.97,3.58,0,Closed 0 worst trades
2026.02.16 12:23:27,410038624,Magic_251101,CRITICAL_TRIM,127.53,122.97,3.58,0,Closed 0 worst trades
2026.02.16 12:23:27,410038624,Magic_251101,CRITICAL_TRIM,127.53,122.97,3.58,0,Closed 0 worst trades
2026.02.16 12:23:27,410038624,Magic_251101,CRITICAL_TRIM,127.53,122.97,3.58,0,Closed 0 worst trades
2026.02.16 12:23:27,410038624,Magic_251101,CRITICAL_TRIM,127.53,122.97,3.58,0,Closed 0 worst trades
2026.02.16 12:23:28,410038624,Magic_251101,CRITICAL_TRIM,127.53,122.97,3.58,0,Closed 0 worst trades
2026.02.16 12:23:28,410038624,Magic_251101,CRITICAL_TRIM,127.53,122.97,3.58,0,Closed 0 worst trades
2026.02.16 12:23:28,410038624,Magic_251101,CRITICAL_TRIM,127.53,122.97,3.58,0,Closed 0 worst trades
2026.02.16 12:23:28,410038624,Magic_251101,CRITICAL_TRIM,127.53,122.97,3.58,0,Closed 0 worst trades
2026.02.16 12:23:28,410038624,Magic_251101,CRITICAL_TRIM,127.53,122.97,3.58,0,Closed 0 worst trades
2026.02.16 12:23:28,410038624,Magic_251101,CRITICAL_TRIM,127.53,122.97,3.58,0,Closed 0 worst trades
2026.02.16 12:23:29,410038624,Magic_251101,CRITICAL_TRIM,127.53,122.97,3.58,0,Closed 0 worst trades
2026.02.16 12:23:29,410038624,Magic_251101,CRITICAL_TRIM,127.53,122.97,3.58,0,Closed 0 worst trades
2026.02.16 12:23:29,410038624,Magic_251101,CRITICAL_TRIM,127.53,122.97,3.58,0,Closed 0 worst trades
2026.02.16 12:23:29,410038624,Magic_251101,CRITICAL_TRIM,127.53,122.97,3.58,0,Closed 0 worst trades
2026.02.16 12:23:30,410038624,Magic_251101,CRITICAL_TRIM,127.53,122.97,3.58,0,Closed 0 worst trades
2026.02.16 12:23:30,410038624,Magic_251101,CRITICAL_TRIM,127.53,122.97,3.58,0,Closed 0 worst trades
2026.02.16 12:23:30,410038624,Magic_251101,CRITICAL_TRIM,127.53,122.97,3.58,0,Closed 0 worst trades
2026.02.16 12:23:30,410038624,Magic_251101,CRITICAL_TRIM,127.53,122.97,3.58,0,Closed 0 worst trades
2026.02.16 12:23:30,410038624,Magic_251101,CRITICAL_TRIM,127.53,122.97,3.58,0,Closed 0 worst trades
2026.02.16 12:23:30,410038624,Magic_251101,CRITICAL_TRIM,127.53,122.97,3.58,0,Closed 0 worst trades
2026.02.16 12:23:30,410038624,Magic_251101,CRITICAL_TRIM,127.53,122.97,3.58,0,Closed 0 worst trades
2026.02.16 12:23:31,410038624,Magic_251101,CRITICAL_TRIM,127.53,122.97,3.58,0,Closed 0 worst trades
2026.02.16 12:23:31,410038624,Magic_251101,CRITICAL_TRIM,127.53,122.97,3.58,0,Closed 0 worst trades
2026.02.16 12:23:31,410038624,Magic_251101,CRITICAL_TRIM,127.53,122.97,3.58,0,Closed 0 worst trades
2026.02.16 12:23:31,410038624,Magic_251101,CRITICAL_TRIM,127.53,122.97,3.58,0,Closed 0 worst trades
2026.02.16 12:23:32,410038624,Magic_251101,CRITICAL_TRIM,127.53,122.97,3.58,0,Closed 0 worst trades
2026.02.16 12:23:32,410038624,Magic_251101,CRITICAL_TRIM,127.53,122.97,3.58,0,Closed 0 worst trades
2026.02.16 12:23:32,410038624,Magic_251101,CRITICAL_TRIM,127.53,122.97,3.58,0,Closed 0 worst trades
2026.02.16 12:23:32,410038624,Magic_251101,CRITICAL_TRIM,127.53,122.97,3.58,0,Closed 0 worst trades
2026.02.16 12:23:32,410038624,Magic_251101,CRITICAL_TRIM,127.53,122.97,3.58,0,Closed 0 worst trades
2026.02.16 12:23:32,410038624,Magic_251101,CRITICAL_TRIM,127.53,122.97,3.58,0,Closed 0 worst trades
2026.02.16 12:23:32,410038624,Magic_251101,CRITICAL_TRIM,127.53,122.97,3.58,0,Closed 0 worst trades
2026.02.16 12:23:32,410038624,Magic_251101,CRITICAL_TRIM,127.53,122.97,3.58,0,Closed 0 worst trades
2026.02.16 12:23:32,410038624,Magic_251101,CRITICAL_TRIM,127.53,122.97,3.58,0,Closed 0 worst trades
2026.02.16 12:23:32,410038624,Magic_251101,CRITICAL_TRIM,127.53,122.97,3.58,0,Closed 0 worst trades
2026.02.16 12:23:33,410038624,Magic_251101,CRITICAL_TRIM,127.53,122.97,3.58,0,Closed 0 worst trades
2026.02.16 12:23:33,410038624,Magic_251101,CRITICAL_TRIM,127.53,122.97,3.58,0,Closed 0 worst trades
2026.02.16 12:23:33,410038624,Magic_251101,CRITICAL_TRIM,127.53,122.97,3.58,0,Closed 0 worst trades
2026.02.16 12:23:33,410038624,Magic_251101,CRITICAL_TRIM,127.53,122.97,3.58,0,Closed 0 worst trades
2026.02.16 12:23:33,410038624,Magic_251101,CRITICAL_TRIM,127.53,122.97,3.58,0,Closed 0 worst trades
2026.02.16 12:23:33,410038624,Magic_251101,CRITICAL_TRIM,127.53,122.97,3.58,0,Closed 0 worst trades
2026.02.16 12:23:33,410038624,Magic_251101,CRITICAL_TRIM,127.53,122.97,3.58,0,Closed 0 worst trades
2026.02.16 12:23:33,410038624,Magic_251101,CRITICAL_TRIM,127.53,122.97,3.58,0,Closed 0 worst trades
2026.02.16 12:23:34,410038624,Magic_251101,CRITICAL_TRIM,127.53,122.97,3.58,0,Closed 0 worst trades
2026.02.16 12:23:34,410038624,Magic_251101,CRITICAL_TRIM,127.53,122.97,3.58,0,Closed 0 worst trades
2026.02.16 12:23:34,410038624,Magic_251101,CRITICAL_TRIM,127.53,122.97,3.58,0,Closed 0 worst trades
2026.02.16 12:23:34,410038624,Magic_251101,CRITICAL_TRIM,127.53,122.97,3.58,0,Closed 0 worst trades
2026.02.16 12:23:34,410038624,Magic_251101,CRITICAL_TRIM,127.53,122.97,3.58,0,Closed 0 worst trades
2026.02.16 12:23:34,410038624,Magic_251101,CRITICAL_TRIM,127.53,122.97,3.58,0,Closed 0 worst trades
2026.02.16 12:23:34,410038624,Magic_251101,CRITICAL_TRIM,127.53,122.97,3.58,0,Closed 0 worst trades
2026.02.16 12:23:35,410038624,Magic_251101,CRITICAL_TRIM,127.53,122.97,3.58,0,Closed 0 worst trades
2026.02.16 12:23:35,410038624,Magic_251101,CRITICAL_TRIM,127.53,122.97,3.58,0,Closed 0 worst trades
2026.02.16 12:23:35,410038624,Magic_251101,CRITICAL_TRIM,127.53,122.97,3.58,0,Closed 0 worst trades
2026.02.16 12:23:35,410038624,Magic_251101,CRITICAL_TRIM,127.53,122.97,3.58,0,Closed 0 worst trades
2026.02.16 12:23:35,410038624,Magic_251101,CRITICAL_TRIM,127.53,122.97,3.58,0,Closed 0 worst trades
2026.02.16 12:23:35,410038624,Magic_251101,CRITICAL_TRIM,127.53,122.97,3.58,0,Closed 0 worst trades
2026.02.16 12:23:36,410038624,Magic_251101,CRITICAL_TRIM,127.53,122.97,3.58,0,Closed 0 worst trades
2026.02.16 12:23:36,410038624,Magic_251101,CRITICAL_TRIM,127.53,122.97,3.58,0,Closed 0 worst trades
2026.02.16 12:23:36,410038624,Magic_251101,CRITICAL_TRIM,127.53,122.97,3.58,0,Closed 0 worst trades
2026.02.16 12:23:36,410038624,Magic_251101,CRITICAL_TRIM,127.53,122.97,3.58,0,Closed 0 worst trades
2026.02.16 12:23:36,410038624,Magic_251101,CRITICAL_TRIM,127.53,122.97,3.58,0,Closed 0 worst trades
2026.02.16 12:23:36,410038624,Magic_251101,CRITICAL_TRIM,127.53,122.97,3.58,0,Closed 0 worst trades
2026.02.16 12:23:37,410038624,Magic_251101,CRITICAL_TRIM,127.53,122.97,3.58,0,Closed 0 worst trades
2026.02.16 12:23:37,410038624,Magic_251101,CRITICAL_TRIM,127.53,122.97,3.58,0,Closed 0 worst trades
2026.02.16 12:23:37,410038624,Magic_251101,CRITICAL_TRIM,127.53,122.97,3.58,0,Closed 0 worst trades
2026.02.16 12:23:37,410038624,Magic_251101,CRITICAL_TRIM,127.53,122.97,3.58,0,Closed 0 worst trades
2026.02.16 12:23:37,410038624,Magic_251101,CRITICAL_TRIM,127.53,122.97,3.58,0,Closed 0 worst trades
2026.02.16 12:23:37,410038624,Magic_251101,CRITICAL_TRIM,127.53,122.97,3.58,0,Closed 0 worst trades
2026.02.16 12:23:38,410038624,Magic_251101,CRITICAL_TRIM,127.53,122.97,3.58,0,Closed 0 worst trades
2026.02.16 12:23:38,410038624,Magic_251101,CRITICAL_TRIM,127.53,122.97,3.58,0,Closed 0 worst trades
2026.02.16 12:23:38,410038624,Magic_251101,CRITICAL_TRIM,127.53,122.97,3.58,0,Closed 0 worst trades
2026.02.16 12:23:38,410038624,Magic_251101,CRITICAL_TRIM,127.53,122.97,3.58,0,Closed 0 worst trades
2026.02.16 12:23:38,410038624,Magic_251101,CRITICAL_TRIM,127.53,122.97,3.58,0,Closed 0 worst trades
2026.02.16 12:23:38,410038624,Magic_251101,CRITICAL_TRIM,127.53,122.97,3.58,0,Closed 0 worst trades
2026.02.16 12:23:38,410038624,Magic_251101,CRITICAL_TRIM,127.53,122.97,3.58,0,Closed 0 worst trades
2026.02.16 12:23:38,410038624,Magic_251101,CRITICAL_TRIM,127.53,122.97,3.58,0,Closed 0 worst trades
2026.02.16 12:23:38,410038624,Magic_251101,CRITICAL_TRIM,127.53,122.97,3.58,0,Closed 0 worst trades
2026.02.16 12:23:39,410038624,Magic_251101,CRITICAL_TRIM,127.53,122.97,3.58,0,Closed 0 worst trades
2026.02.16 12:23:39,410038624,Magic_251101,CRITICAL_TRIM,127.53,122.97,3.58,0,Closed 0 worst trades
2026.02.16 12:23:39,410038624,Magic_251101,CRITICAL_TRIM,127.53,122.97,3.58,0,Closed 0 worst trades
2026.02.16 12:23:39,410038624,Magic_251101,CRITICAL_TRIM,127.53,122.97,3.58,0,Closed 0 worst trades
2026.02.16 12:23:39,410038624,Magic_251101,CRITICAL_TRIM,127.53,122.97,3.58,0,Closed 0 worst trades
2026.02.16 12:23:39,410038624,Magic_251101,CRITICAL_TRIM,127.53,122.97,3.58,0,Closed 0 worst trades
2026.02.16 12:23:39,410038624,Magic_251101,CRITICAL_TRIM,127.53,122.97,3.58,0,Closed 0 worst trades
2026.02.16 12:23:39,410038624,Magic_251101,CRITICAL_TRIM,127.53,122.97,3.58,0,Closed 0 worst trades
2026.02.16 12:23:39,410038624,Magic_251101,CRITICAL_TRIM,127.53,122.97,3.58,0,Closed 0 worst trades
2026.02.16 12:23:40,410038624,Magic_251101,CRITICAL_TRIM,127.53,122.97,3.58,0,Closed 0 worst trades
2026.02.16 12:23:40,410038624,Magic_251101,CRITICAL_TRIM,127.53,122.97,3.58,0,Closed 0 worst trades
2026.02.16 12:23:40,410038624,Magic_251101,CRITICAL_TRIM,127.53,122.97,3.58,0,Closed 0 worst trades
2026.02.16 12:23:40,410038624,Magic_251101,CRITICAL_TRIM,127.53,122.97,3.58,0,Closed 0 worst trades
2026.02.16 12:23:40,410038624,Magic_251101,CRITICAL_TRIM,127.53,122.97,3.58,0,Closed 0 worst trades
2026.02.16 12:23:41,410038624,Magic_251101,CRITICAL_TRIM,127.53,122.97,3.58,0,Closed 0 worst trades
2026.02.16 12:23:41,410038624,Magic_251101,CRITICAL_TRIM,127.53,122.97,3.58,0,Closed 0 worst trades
2026.02.16 12:23:41,410038624,Magic_251101,CRITICAL_TRIM,127.53,122.97,3.58,0,Closed 0 worst trades
2026.02.16 12:23:41,410038624,Magic_251101,CRITICAL_TRIM,127.53,122.97,3.58,0,Closed 0 worst trades
2026.02.16 12:23:41,410038624,Magic_251101,CRITICAL_TRIM,127.53,122.97,3.58,0,Closed 0 worst trades
2026.02.16 12:23:42,410038624,Magic_251101,CRITICAL_TRIM,127.53,122.97,3.58,0,Closed 0 worst trades
2026.02.16 12:23:42,410038624,Magic_251101,CRITICAL_TRIM,127.53,122.97,3.58,0,Closed 0 worst trades
2026.02.16 12:23:42,410038624,Magic_251101,CRITICAL_TRIM,127.53,122.97,3.58,0,Closed 0 worst trades
2026.02.16 12:23:42,410038624,Magic_251101,CRITICAL_TRIM,127.53,122.97,3.58,0,Closed 0 worst trades
2026.02.16 12:23:42,410038624,Magic_251101,CRITICAL_TRIM,127.53,122.97,3.58,0,Closed 0 worst trades
2026.02.16 12:23:42,410038624,Magic_251101,CRITICAL_TRIM,127.53,122.97,3.58,0,Closed 0 worst trades
2026.02.16 12:23:42,410038624,Magic_251101,CRITICAL_TRIM,127.53,122.97,3.58,0,Closed 0 worst trades
2026.02.16 12:23:42,410038624,Magic_251101,CRITICAL_TRIM,127.53,122.97,3.58,0,Closed 0 worst trades
2026.02.16 12:23:43,410038624,Magic_251101,CRITICAL_TRIM,127.53,122.97,3.58,0,Closed 0 worst trades
2026.02.16 12:23:43,410038624,Magic_251101,CRITICAL_TRIM,127.53,122.97,3.58,0,Closed 0 worst trades
2026.02.16 12:23:43,410038624,Magic_251101,CRITICAL_TRIM,127.53,122.97,3.58,0,Closed 0 worst trades
2026.02.16 12:23:43,410038624,Magic_251101,CRITICAL_TRIM,127.53,122.97,3.58,0,Closed 0 worst trades
2026.02.16 12:23:44,410038624,Magic_251101,CRITICAL_TRIM,127.53,122.97,3.58,0,Closed 0 worst trades
2026.02.16 12:23:44,410038624,Magic_251101,CRITICAL_TRIM,127.53,122.97,3.58,0,Closed 0 worst trades
2026.02.16 12:23:44,410038624,Magic_251101,CRITICAL_TRIM,127.53,122.97,3.58,0,Closed 0 worst trades
2026.02.16 12:23:45,410038624,Magic_251101,CRITICAL_TRIM,127.53,122.97,3.58,0,Closed 0 worst trades
2026.02.16 12:23:45,410038624,Magic_251101,CRITICAL_TRIM,127.53,122.97,3.58,0,Closed 0 worst trades
2026.02.16 12:23:46,410038624,Magic_251101,CRITICAL_TRIM,127.53,122.97,3.58,0,Closed 0 worst trades
2026.02.16 12:23:46,410038624,Magic_251101,CRITICAL_TRIM,127.53,122.97,3.58,0,Closed 0 worst trades
2026.02.16 12:23:46,410038624,Magic_251101,CRITICAL_TRIM,127.53,122.97,3.58,0,Closed 0 worst trades
2026.02.16 12:23:46,410038624,Magic_251101,CRITICAL_TRIM,127.53,122.97,3.58,0,Closed 0 worst trades
2026.02.16 12:23:47,410038624,Magic_251101,CRITICAL_TRIM,127.53,122.97,3.58,0,Closed 0 worst trades
2026.02.16 12:23:47,410038624,Magic_251101,CRITICAL_TRIM,127.53,122.97,3.58,0,Closed 0 worst trades
2026.02.16 12:23:47,410038624,Magic_251101,CRITICAL_TRIM,127.53,122.97,3.58,0,Closed 0 worst trades
2026.02.16 12:23:48,410038624,Magic_251101,CRITICAL_TRIM,127.53,122.97,3.58,0,Closed 0 worst trades
2026.02.16 12:23:48,410038624,Magic_251101,CRITICAL_TRIM,127.53,122.97,3.58,0,Closed 0 worst trades
2026.02.16 12:23:48,410038624,Magic_251101,CRITICAL_TRIM,127.53,122.97,3.58,0,Closed 0 worst trades
2026.02.16 12:23:48,410038624,Magic_251101,CRITICAL_TRIM,127.53,122.97,3.58,0,Closed 0 worst trades
2026.02.16 12:23:48,410038624,Magic_251101,CRITICAL_TRIM,127.53,122.97,3.58,0,Closed 0 worst trades
2026.02.16 12:23:48,410038624,Magic_251101,CRITICAL_TRIM,127.53,122.97,3.58,0,Closed 0 worst trades
2026.02.16 12:23:48,410038624,Magic_251101,CRITICAL_TRIM,127.53,122.97,3.58,0,Closed 0 worst trades
2026.02.16 12:23:48,410038624,Magic_251101,CRITICAL_TRIM,127.53,122.97,3.58,0,Closed 0 worst trades
2026.02.16 12:23:49,410038624,Magic_251101,CRITICAL_TRIM,127.53,122.97,3.58,0,Closed 0 worst trades
2026.02.16 12:23:49,410038624,Magic_251101,CRITICAL_TRIM,127.53,122.97,3.58,0,Closed 0 worst trades
2026.02.16 12:23:49,410038624,Magic_251101,CRITICAL_TRIM,127.53,122.97,3.58,0,Closed 0 worst trades
2026.02.16 12:23:49,410038624,Magic_251101,CRITICAL_TRIM,127.53,122.97,3.58,0,Closed 0 worst trades
2026.02.16 12:23:49,410038624,Magic_251101,CRITICAL_TRIM,127.53,122.97,3.58,0,Closed 0 worst trades
2026.02.16 12:23:49,410038624,Magic_251101,CRITICAL_TRIM,127.53,122.97,3.58,0,Closed 0 worst trades
2026.02.16 12:23:50,410038624,Magic_251101,CRITICAL_TRIM,127.53,122.97,3.58,0,Closed 0 worst trades
2026.02.16 12:23:50,410038624,Magic_251101,CRITICAL_TRIM,127.53,122.97,3.58,0,Closed 0 worst trades
2026.02.16 12:23:50,410038624,Magic_251101,CRITICAL_TRIM,127.53,122.97,3.58,0,Closed 0 worst trades
2026.02.16 12:23:50,410038624,Magic_251101,CRITICAL_TRIM,127.53,122.97,3.58,0,Closed 0 worst trades
2026.02.16 12:23:50,410038624,Magic_251101,CRITICAL_TRIM,127.53,122.97,3.58,0,Closed 0 worst trades
2026.02.16 12:23:50,410038624,Magic_251101,CRITICAL_TRIM,127.53,122.97,3.58,0,Closed 0 worst trades
2026.02.16 12:23:51,410038624,Magic_251101,CRITICAL_TRIM,127.53,122.97,3.58,0,Closed 0 worst trades
2026.02.16 12:23:51,410038624,Magic_251101,CRITICAL_TRIM,127.53,122.97,3.58,0,Closed 0 worst trades
2026.02.16 12:23:51,410038624,Magic_251101,CRITICAL_TRIM,127.53,122.97,3.58,0,Closed 0 worst trades
2026.02.16 12:23:51,410038624,Magic_251101,CRITICAL_TRIM,127.53,122.97,3.58,0,Closed 0 worst trades
2026.02.16 12:23:51,410038624,Magic_251101,CRITICAL_TRIM,127.53,122.97,3.58,0,Closed 0 worst trades
2026.02.16 12:23:52,410038624,Magic_251101,CRITICAL_TRIM,127.53,122.97,3.58,0,Closed 0 worst trades
2026.02.16 12:23:52,410038624,Magic_251101,CRITICAL_TRIM,127.53,122.97,3.58,0,Closed 0 worst trades
2026.02.16 12:23:52,410038624,Magic_251101,CRITICAL_TRIM,127.53,122.97,3.58,0,Closed 0 worst trades
2026.02.16 12:23:52,410038624,Magic_251101,CRITICAL_TRIM,127.53,122.97,3.58,0,Closed 0 worst trades
2026.02.16 12:23:52,410038624,Magic_251101,CRITICAL_TRIM,127.53,122.97,3.58,0,Closed 0 worst trades
2026.02.16 12:23:52,410038624,Magic_251101,CRITICAL_TRIM,127.53,122.97,3.58,0,Closed 0 worst trades
2026.02.16 12:23:52,410038624,Magic_251101,CRITICAL_TRIM,127.53,122.97,3.58,0,Closed 0 worst trades
2026.02.16 12:23:52,410038624,Magic_251101,CRITICAL_TRIM,127.53,122.97,3.58,0,Closed 0 worst trades
2026.02.16 12:23:52,410038624,Magic_251101,CRITICAL_TRIM,127.53,122.97,3.58,0,Closed 0 worst trades
2026.02.16 12:23:53,410038624,Magic_251101,CRITICAL_TRIM,127.53,122.97,3.58,0,Closed 0 worst trades
2026.02.16 12:23:53,410038624,Magic_251101,CRITICAL_TRIM,127.53,122.97,3.58,0,Closed 0 worst trades
2026.02.16 12:23:53,410038624,Magic_251101,CRITICAL_TRIM,127.53,122.97,3.58,0,Closed 0 worst trades
2026.02.16 12:23:53,410038624,Magic_251101,CRITICAL_TRIM,127.53,122.97,3.58,0,Closed 0 worst trades
2026.02.16 12:23:53,410038624,Magic_251101,CRITICAL_TRIM,127.53,122.97,3.58,0,Closed 0 worst trades
2026.02.16 12:23:53,410038624,Magic_251101,CRITICAL_TRIM,127.53,122.97,3.58,0,Closed 0 worst trades
2026.02.16 12:23:53,410038624,Magic_251101,CRITICAL_TRIM,127.53,122.97,3.58,0,Closed 0 worst trades
2026.02.16 12:23:53,410038624,Magic_251101,CRITICAL_TRIM,127.53,122.97,3.58,0,Closed 0 worst trades
2026.02.16 12:23:54,410038624,Magic_251101,CRITICAL_TRIM,127.53,122.97,3.58,0,Closed 0 worst trades
2026.02.16 12:23:54,410038624,Magic_251101,CRITICAL_TRIM,127.53,122.97,3.58,0,Closed 0 worst trades
2026.02.16 12:23:54,410038624,Magic_251101,CRITICAL_TRIM,127.53,122.97,3.58,0,Closed 0 worst trades
2026.02.16 12:23:54,410038624,Magic_251101,CRITICAL_TRIM,127.53,122.97,3.58,0,Closed 0 worst trades
2026.02.16 12:23:54,410038624,Magic_251101,CRITICAL_TRIM,127.53,122.97,3.58,0,Closed 0 worst trades
2026.02.16 12:23:55,410038624,Magic_251101,CRITICAL_TRIM,127.53,122.97,3.58,0,Closed 0 worst trades
2026.02.16 12:23:55,410038624,Magic_251101,CRITICAL_TRIM,127.53,122.97,3.58,0,Closed 0 worst trades
2026.02.16 12:23:55,410038624,Magic_251101,CRITICAL_TRIM,127.53,122.97,3.58,0,Closed 0 worst trades
2026.02.16 12:23:56,410038624,Magic_251101,CRITICAL_TRIM,127.53,122.97,3.58,0,Closed 0 worst trades
2026.02.16 12:23:56,410038624,Magic_251101,CRITICAL_TRIM,127.53,122.97,3.58,0,Closed 0 worst trades
2026.02.16 12:23:56,410038624,Magic_251101,CRITICAL_TRIM,127.53,122.97,3.58,0,Closed 0 worst trades
2026.02.16 12:23:56,410038624,Magic_251101,CRITICAL_TRIM,127.53,122.97,3.58,0,Closed 0 worst trades
2026.02.16 12:23:56,410038624,Magic_251101,CRITICAL_TRIM,127.53,122.97,3.58,0,Closed 0 worst trades
2026.02.16 12:23:57,410038624,Magic_251101,CRITICAL_TRIM,127.53,122.97,3.58,0,Closed 0 worst trades
2026.02.16 12:23:57,410038624,Magic_251101,CRITICAL_TRIM,127.53,122.97,3.58,0,Closed 0 worst trades
2026.02.16 12:23:57,410038624,Magic_251101,CRITICAL_TRIM,127.53,122.97,3.58,0,Closed 0 worst trades
2026.02.16 12:23:57,410038624,Magic_251101,CRITICAL_TRIM,127.53,122.97,3.58,0,Closed 0 worst trades
2026.02.16 12:23:57,410038624,Magic_251101,CRITICAL_TRIM,127.53,122.97,3.58,0,Closed 0 worst trades
2026.02.16 12:23:57,410038624,Magic_251101,CRITICAL_TRIM,127.53,122.97,3.58,0,Closed 0 worst trades
2026.02.16 12:23:57,410038624,Magic_251101,CRITICAL_TRIM,127.53,122.97,3.58,0,Closed 0 worst trades
2026.02.16 12:23:58,410038624,Magic_251101,CRITICAL_TRIM,127.53,122.97,3.58,0,Closed 0 worst trades
2026.02.16 12:23:58,410038624,Magic_251101,CRITICAL_TRIM,127.53,122.97,3.58,0,Closed 0 worst trades
2026.02.16 12:23:58,410038624,Magic_251101,CRITICAL_TRIM,127.53,122.97,3.58,0,Closed 0 worst trades
2026.02.16 12:23:58,410038624,Magic_251101,CRITICAL_TRIM,127.53,122.97,3.58,0,Closed 0 worst trades
2026.02.16 12:23:58,410038624,Magic_251101,CRITICAL_TRIM,127.53,122.97,3.58,0,Closed 0 worst trades
2026.02.16 12:23:58,410038624,Magic_251101,CRITICAL_TRIM,127.53,122.97,3.58,0,Closed 0 worst trades
2026.02.16 12:23:58,410038624,Magic_251101,CRITICAL_TRIM,127.53,122.97,3.58,0,Closed 0 worst trades
2026.02.16 12:23:58,410038624,Magic_251101,CRITICAL_TRIM,127.53,122.97,3.58,0,Closed 0 worst trades
2026.02.16 12:23:58,410038624,Magic_251101,CRITICAL_TRIM,127.53,122.97,3.58,0,Closed 0 worst trades
2026.02.16 12:23:58,410038624,Magic_251101,CRITICAL_TRIM,127.53,122.97,3.58,0,Closed 0 worst trades
2026.02.16 12:23:59,410038624,Magic_251101,CRITICAL_TRIM,127.53,122.97,3.58,0,Closed 0 worst trades
2026.02.16 12:23:59,410038624,Magic_251101,CRITICAL_TRIM,127.53,122.97,3.58,0,Closed 0 worst trades
2026.02.16 12:23:59,410038624,Magic_251101,CRITICAL_TRIM,127.53,122.97,3.58,0,Closed 0 worst trades
2026.02.16 12:23:59,410038624,Magic_251101,CRITICAL_TRIM,127.53,122.97,3.58,0,Closed 0 worst trades
2026.02.16 12:23:59,410038624,Magic_251101,CRITICAL_TRIM,127.53,122.97,3.58,0,Closed 0 worst trades
2026.02.16 12:23:59,410038624,Magic_251101,CRITICAL_TRIM,127.53,122.97,3.58,0,Closed 0 worst trades
2026.02.16 12:23:59,410038624,Magic_251101,CRITICAL_TRIM,127.53,122.97,3.58,0,Closed 0 worst trades
2026.02.16 12:24:00,410038624,Magic_251101,CRITICAL_TRIM,127.53,122.97,3.58,0,Closed 0 worst trades
2026.02.16 12:24:00,410038624,Magic_251101,CRITICAL_TRIM,127.53,122.97,3.58,0,Closed 0 worst trades
2026.02.16 12:24:00,410038624,Magic_251101,CRITICAL_TRIM,127.53,122.97,3.58,0,Closed 0 worst trades
2026.02.16 12:24:00,410038624,Magic_251101,CRITICAL_TRIM,127.53,122.97,3.58,0,Closed 0 worst trades
2026.02.16 12:24:00,410038624,Magic_251101,CRITICAL_TRIM,127.53,122.97,3.58,0,Closed 0 worst trades
2026.02.16 12:24:00,410038624,Magic_251101,CRITICAL_TRIM,127.53,122.97,3.58,0,Closed 0 worst trades
2026.02.16 12:24:00,410038624,Magic_251101,CRITICAL_TRIM,127.53,122.97,3.58,0,Closed 0 worst trades
2026.02.16 12:24:01,410038624,Magic_251101,CRITICAL_TRIM,127.53,122.97,3.58,0,Closed 0 worst trades
2026.02.16 12:24:01,410038624,Magic_251101,CRITICAL_TRIM,127.53,122.97,3.58,0,Closed 0 worst trades
2026.02.16 12:24:01,410038624,Magic_251101,CRITICAL_TRIM,127.53,122.97,3.58,0,Closed 0 worst trades
2026.02.16 12:24:01,410038624,Magic_251101,CRITICAL_TRIM,127.53,122.97,3.58,0,Closed 0 worst trades
2026.02.16 12:24:02,410038624,Magic_251101,CRITICAL_TRIM,127.53,122.97,3.58,0,Closed 0 worst trades
2026.02.16 12:24:02,410038624,Magic_251101,CRITICAL_TRIM,127.53,122.97,3.58,0,Closed 0 worst trades
2026.02.16 12:24:02,410038624,Magic_251101,CRITICAL_TRIM,127.53,122.97,3.58,0,Closed 0 worst trades
2026.02.16 12:24:02,410038624,Magic_251101,CRITICAL_TRIM,127.53,122.97,3.58,0,Closed 0 worst trades
2026.02.16 12:24:02,410038624,Magic_251101,CRITICAL_TRIM,127.53,122.97,3.58,0,Closed 0 worst trades
2026.02.16 12:24:02,410038624,Magic_251101,CRITICAL_TRIM,127.53,122.97,3.58,0,Closed 0 worst trades
2026.02.16 12:24:03,410038624,Magic_251101,CRITICAL_TRIM,127.53,122.97,3.58,0,Closed 0 worst trades
2026.02.16 12:24:03,410038624,Magic_251101,CRITICAL_TRIM,127.53,122.97,3.58,0,Closed 0 worst trades
2026.02.16 12:24:03,410038624,Magic_251101,CRITICAL_TRIM,127.53,122.97,3.58,0,Closed 0 worst trades
2026.02.16 12:24:03,410038624,Magic_251101,CRITICAL_TRIM,127.53,122.97,3.58,0,Closed 0 worst trades
2026.02.16 12:24:03,410038624,Magic_251101,CRITICAL_TRIM,127.53,122.97,3.58,0,Closed 0 worst trades
2026.02.16 12:24:03,410038624,Magic_251101,CRITICAL_TRIM,127.53,122.97,3.58,0,Closed 0 worst trades
2026.02.16 12:24:04,410038624,Magic_251101,CRITICAL_TRIM,127.53,122.97,3.58,0,Closed 0 worst trades
2026.02.16 12:24:04,410038624,Magic_251101,CRITICAL_TRIM,127.53,122.97,3.58,0,Closed 0 worst trades
2026.02.16 12:24:04,410038624,Magic_251101,CRITICAL_TRIM,127.53,122.97,3.58,0,Closed 0 worst trades
2026.02.16 12:24:05,410038624,Magic_251101,CRITICAL_TRIM,127.53,122.97,3.58,0,Closed 0 worst trades
2026.02.16 12:24:05,410038624,Magic_251101,CRITICAL_TRIM,127.53,122.97,3.58,0,Closed 0 worst trades
2026.02.16 12:24:05,410038624,Magic_251101,CRITICAL_TRIM,127.53,122.97,3.58,0,Closed 0 worst trades
2026.02.16 12:24:05,410038624,Magic_251101,CRITICAL_TRIM,127.53,122.97,3.58,0,Closed 0 worst trades
2026.02.16 12:24:05,410038624,Magic_251101,CRITICAL_TRIM,127.53,122.97,3.58,0,Closed 0 worst trades
2026.02.16 12:24:05,410038624,Magic_251101,CRITICAL_TRIM,127.53,122.97,3.58,0,Closed 0 worst trades
2026.02.16 12:24:05,410038624,Magic_251101,CRITICAL_TRIM,127.53,122.97,3.58,0,Closed 0 worst trades
2026.02.16 12:24:05,410038624,Magic_251101,CRITICAL_TRIM,127.53,122.97,3.58,0,Closed 0 worst trades
2026.02.16 12:24:05,410038624,Magic_251101,CRITICAL_TRIM,127.53,122.97,3.58,0,Closed 0 worst trades
2026.02.16 12:24:05,410038624,Magic_251101,CRITICAL_TRIM,127.53,122.97,3.58,0,Closed 0 worst trades
2026.02.16 12:24:06,410038624,Magic_251101,CRITICAL_TRIM,127.53,122.97,3.58,0,Closed 0 worst trades
2026.02.16 12:24:06,410038624,Magic_251101,CRITICAL_TRIM,127.53,122.97,3.58,0,Closed 0 worst trades
2026.02.16 12:24:06,410038624,Magic_251101,CRITICAL_TRIM,127.53,122.97,3.58,0,Closed 0 worst trades
2026.02.16 12:24:06,410038624,Magic_251101,CRITICAL_TRIM,127.53,122.97,3.58,0,Closed 0 worst trades
2026.02.16 12:24:06,410038624,Magic_251101,CRITICAL_TRIM,127.53,122.97,3.58,0,Closed 0 worst trades
2026.02.16 12:24:06,410038624,Magic_251101,CRITICAL_TRIM,127.53,122.97,3.58,0,Closed 0 worst trades
2026.02.16 12:24:06,410038624,Magic_251101,CRITICAL_TRIM,127.53,122.97,3.58,0,Closed 0 worst trades
2026.02.16 12:24:06,410038624,Magic_251101,CRITICAL_TRIM,127.53,122.97,3.58,0,Closed 0 worst trades
2026.02.16 12:24:06,410038624,Magic_251101,CRITICAL_TRIM,127.53,122.97,3.58,0,Closed 0 worst trades
2026.02.16 12:24:07,410038624,Magic_251101,CRITICAL_TRIM,127.53,122.97,3.58,0,Closed 0 worst trades
2026.02.16 12:24:07,410038624,Magic_251101,CRITICAL_TRIM,127.53,122.97,3.58,0,Closed 0 worst trades
2026.02.16 12:24:07,410038624,Magic_251101,CRITICAL_TRIM,127.53,122.97,3.58,0,Closed 0 worst trades
2026.02.16 12:24:07,410038624,Magic_251101,CRITICAL_TRIM,127.53,122.97,3.58,0,Closed 0 worst trades
2026.02.16 12:24:07,410038624,Magic_251101,CRITICAL_TRIM,127.53,122.97,3.58,0,Closed 0 worst trades
2026.02.16 12:24:07,410038624,Magic_251101,CRITICAL_TRIM,127.53,122.97,3.58,0,Closed 0 worst trades
2026.02.16 12:24:07,410038624,Magic_251101,CRITICAL_TRIM,127.53,122.97,3.58,0,Closed 0 worst trades
2026.02.16 12:24:08,410038624,Magic_251101,CRITICAL_TRIM,127.53,122.97,3.58,0,Closed 0 worst trades
2026.02.16 12:24:08,410038624,Magic_251101,CRITICAL_TRIM,127.53,122.97,3.58,0,Closed 0 worst trades
2026.02.16 12:24:09,410038624,Magic_251101,CRITICAL_TRIM,127.53,122.97,3.58,0,Closed 0 worst trades
2026.02.16 12:24:09,410038624,Magic_251101,CRITICAL_TRIM,127.53,122.97,3.58,0,Closed 0 worst trades
2026.02.16 12:24:10,410038624,Magic_251101,CRITICAL_TRIM,127.53,122.97,3.58,0,Closed 0 worst trades
2026.02.16 12:24:10,410038624,Magic_251101,CRITICAL_TRIM,127.53,122.97,3.58,0,Closed 0 worst trades
2026.02.16 12:24:10,410038624,Magic_251101,CRITICAL_TRIM,127.53,122.97,3.58,0,Closed 0 worst trades
2026.02.16 12:24:10,410038624,Magic_251101,CRITICAL_TRIM,127.53,122.97,3.58,0,Closed 0 worst trades
2026.02.16 12:24:10,410038624,Magic_251101,CRITICAL_TRIM,127.53,122.97,3.58,0,Closed 0 worst trades
2026.02.16 12:24:10,410038624,Magic_251101,CRITICAL_TRIM,127.53,122.97,3.58,0,Closed 0 worst trades
2026.02.16 12:24:10,410038624,Magic_251101,CRITICAL_TRIM,127.53,122.97,3.58,0,Closed 0 worst trades
2026.02.16 12:24:10,410038624,Magic_251101,CRITICAL_TRIM,127.53,122.97,3.58,0,Closed 0 worst trades
2026.02.16 12:24:10,410038624,Magic_251101,CRITICAL_TRIM,127.53,122.97,3.58,0,Closed 0 worst trades
2026.02.16 12:24:10,410038624,Magic_251101,CRITICAL_TRIM,127.53,122.97,3.58,0,Closed 0 worst trades
2026.02.16 12:24:11,410038624,Magic_251101,CRITICAL_TRIM,127.53,122.97,3.58,0,Closed 0 worst trades
2026.02.16 12:24:11,410038624,Magic_251101,CRITICAL_TRIM,127.53,122.97,3.58,0,Closed 0 worst trades
2026.02.16 12:24:11,410038624,Magic_251101,CRITICAL_TRIM,127.53,122.97,3.58,0,Closed 0 worst trades
2026.02.16 12:24:11,410038624,Magic_251101,CRITICAL_TRIM,127.53,122.97,3.58,0,Closed 0 worst trades
2026.02.16 12:24:11,410038624,Magic_251101,CRITICAL_TRIM,127.53,122.97,3.58,0,Closed 0 worst trades
2026.02.16 12:24:11,410038624,Magic_251101,CRITICAL_TRIM,127.53,122.97,3.58,0,Closed 0 worst trades
2026.02.16 12:24:11,410038624,Magic_251101,CRITICAL_TRIM,127.53,122.97,3.58,0,Closed 0 worst trades
2026.02.16 12:24:12,410038624,Magic_251101,CRITICAL_TRIM,127.53,122.97,3.58,0,Closed 0 worst trades
2026.02.16 12:24:12,410038624,Magic_251101,CRITICAL_TRIM,127.53,122.97,3.58,0,Closed 0 worst trades
2026.02.16 12:24:12,410038624,Magic_251101,CRITICAL_TRIM,127.53,122.97,3.58,0,Closed 0 worst trades
2026.02.16 12:24:13,410038624,Magic_251101,CRITICAL_TRIM,127.53,122.97,3.58,0,Closed 0 worst trades
2026.02.16 12:24:13,410038624,Magic_251101,CRITICAL_TRIM,127.53,122.97,3.58,0,Closed 0 worst trades
2026.02.16 12:24:13,410038624,Magic_251101,CRITICAL_TRIM,127.53,122.97,3.58,0,Closed 0 worst trades
2026.02.16 12:24:13,410038624,Magic_251101,CRITICAL_TRIM,127.53,122.97,3.58,0,Closed 0 worst trades
2026.02.16 12:24:13,410038624,Magic_251101,CRITICAL_TRIM,127.53,122.97,3.58,0,Closed 0 worst trades
2026.02.16 12:24:13,410038624,Magic_251101,CRITICAL_TRIM,127.53,122.97,3.58,0,Closed 0 worst trades
2026.02.16 12:24:13,410038624,Magic_251101,CRITICAL_TRIM,127.53,122.97,3.58,0,Closed 0 worst trades
2026.02.16 12:24:14,410038624,Magic_251101,CRITICAL_TRIM,127.53,122.97,3.58,0,Closed 0 worst trades
2026.02.16 12:24:14,410038624,Magic_251101,CRITICAL_TRIM,127.53,122.97,3.58,0,Closed 0 worst trades
2026.02.16 12:24:14,410038624,Magic_251101,CRITICAL_TRIM,127.53,122.97,3.58,0,Closed 0 worst trades
2026.02.16 12:24:14,410038624,Magic_251101,CRITICAL_TRIM,127.53,122.97,3.58,0,Closed 0 worst trades
2026.02.16 12:24:15,410038624,Magic_251101,CRITICAL_TRIM,127.53,122.97,3.58,0,Closed 0 worst trades
2026.02.16 12:24:15,410038624,Magic_251101,CRITICAL_TRIM,127.53,122.97,3.58,0,Closed 0 worst trades
2026.02.16 12:24:15,410038624,Magic_251101,CRITICAL_TRIM,127.53,122.97,3.58,0,Closed 0 worst trades
2026.02.16 12:24:15,410038624,Magic_251101,CRITICAL_TRIM,127.53,122.97,3.58,0,Closed 0 worst trades
2026.02.16 12:24:15,410038624,Magic_251101,CRITICAL_TRIM,127.53,122.97,3.58,0,Closed 0 worst trades
2026.02.16 12:24:15,410038624,Magic_251101,CRITICAL_TRIM,127.53,122.97,3.58,0,Closed 0 worst trades
2026.02.16 12:24:15,410038624,Magic_251101,CRITICAL_TRIM,127.53,122.97,3.58,0,Closed 0 worst trades
2026.02.16 12:24:16,410038624,Magic_251101,CRITICAL_TRIM,127.53,122.97,3.58,0,Closed 0 worst trades
2026.02.16 12:24:16,410038624,Magic_251101,CRITICAL_TRIM,127.53,122.97,3.58,0,Closed 0 worst trades
2026.02.16 12:24:16,410038624,Magic_251101,CRITICAL_TRIM,127.53,122.97,3.58,0,Closed 0 worst trades
2026.02.16 12:24:16,410038624,Magic_251101,CRITICAL_TRIM,127.53,122.97,3.58,0,Closed 0 worst trades
2026.02.16 12:24:17,410038624,Magic_251101,CRITICAL_TRIM,127.53,122.97,3.58,0,Closed 0 worst trades
2026.02.16 12:24:17,410038624,Magic_251101,CRITICAL_TRIM,127.53,122.97,3.58,0,Closed 0 worst trades
2026.02.16 12:24:17,410038624,Magic_251101,CRITICAL_TRIM,127.53,122.97,3.58,0,Closed 0 worst trades
2026.02.16 12:24:17,410038624,Magic_251101,CRITICAL_TRIM,127.53,122.97,3.58,0,Closed 0 worst trades
2026.02.16 12:24:17,410038624,Magic_251101,CRITICAL_TRIM,127.53,122.97,3.58,0,Closed 0 worst trades
2026.02.16 12:24:17,410038624,Magic_251101,CRITICAL_TRIM,127.53,122.97,3.58,0,Closed 0 worst trades
2026.02.16 12:24:18,410038624,Magic_251101,CRITICAL_TRIM,127.53,122.97,3.58,0,Closed 0 worst trades
2026.02.16 12:24:18,410038624,Magic_251101,CRITICAL_TRIM,127.53,122.97,3.58,0,Closed 0 worst trades
2026.02.16 12:24:18,410038624,Magic_251101,CRITICAL_TRIM,127.53,122.97,3.58,0,Closed 0 worst trades
2026.02.16 12:24:18,410038624,Magic_251101,CRITICAL_TRIM,127.53,122.97,3.58,0,Closed 0 worst trades
2026.02.16 12:24:18,410038624,Magic_251101,CRITICAL_TRIM,127.53,122.97,3.58,0,Closed 0 worst trades
2026.02.16 12:24:19,410038624,Magic_251101,CRITICAL_TRIM,127.53,122.97,3.58,0,Closed 0 worst trades
2026.02.16 12:24:19,410038624,Magic_251101,CRITICAL_TRIM,127.53,122.97,3.58,0,Closed 0 worst trades
2026.02.16 12:24:19,410038624,Magic_251101,CRITICAL_TRIM,127.53,122.97,3.58,0,Closed 0 worst trades
2026.02.16 12:24:19,410038624,Magic_251101,CRITICAL_TRIM,127.53,122.97,3.58,0,Closed 0 worst trades
2026.02.16 12:24:19,410038624,Magic_251101,CRITICAL_TRIM,127.53,122.97,3.58,0,Closed 0 worst trades
2026.02.16 12:24:20,410038624,Magic_251101,CRITICAL_TRIM,127.53,122.97,3.58,0,Closed 0 worst trades
2026.02.16 12:24:20,410038624,Magic_251101,CRITICAL_TRIM,127.53,122.97,3.58,0,Closed 0 worst trades
2026.02.16 12:24:20,410038624,Magic_251101,CRITICAL_TRIM,127.53,122.97,3.58,0,Closed 0 worst trades
2026.02.16 12:24:20,410038624,Magic_251101,CRITICAL_TRIM,127.53,122.97,3.58,0,Closed 0 worst trades
2026.02.16 12:24:20,410038624,Magic_251101,CRITICAL_TRIM,127.53,122.97,3.58,0,Closed 0 worst trades
2026.02.16 12:24:21,410038624,Magic_251101,CRITICAL_TRIM,127.53,122.97,3.58,0,Closed 0 worst trades
2026.02.16 12:24:21,410038624,Magic_251101,CRITICAL_TRIM,127.53,122.97,3.58,0,Closed 0 worst trades
2026.02.16 12:24:21,410038624,Magic_251101,CRITICAL_TRIM,127.53,122.97,3.58,0,Closed 0 worst trades
2026.02.16 12:24:21,410038624,Magic_251101,CRITICAL_TRIM,127.53,122.97,3.58,0,Closed 0 worst trades
2026.02.16 12:24:21,410038624,Magic_251101,CRITICAL_TRIM,127.53,122.97,3.58,0,Closed 0 worst trades
2026.02.16 12:24:21,410038624,Magic_251101,CRITICAL_TRIM,127.53,122.97,3.58,0,Closed 0 worst trades
2026.02.16 12:24:21,410038624,Magic_251101,CRITICAL_TRIM,127.53,122.97,3.58,0,Closed 0 worst trades
2026.02.16 12:24:22,410038624,Magic_251101,CRITICAL_TRIM,127.53,122.97,3.58,0,Closed 0 worst trades
2026.02.16 12:24:22,410038624,Magic_251101,CRITICAL_TRIM,127.53,122.97,3.58,0,Closed 0 worst trades
2026.02.16 12:24:22,410038624,Magic_251101,CRITICAL_TRIM,127.53,122.97,3.58,0,Closed 0 worst trades
2026.02.16 12:24:22,410038624,Magic_251101,CRITICAL_TRIM,127.53,122.97,3.58,0,Closed 0 worst trades
2026.02.16 12:24:23,410038624,Magic_251101,CRITICAL_TRIM,127.53,122.97,3.58,0,Closed 0 worst trades
2026.02.16 12:24:23,410038624,Magic_251101,CRITICAL_TRIM,127.53,122.97,3.58,0,Closed 0 worst trades
2026.02.16 12:24:23,410038624,Magic_251101,CRITICAL_TRIM,127.53,122.97,3.58,0,Closed 0 worst trades
2026.02.16 12:24:23,410038624,Magic_251101,CRITICAL_TRIM,127.53,122.97,3.58,0,Closed 0 worst trades
2026.02.16 12:24:23,410038624,Magic_251101,CRITICAL_TRIM,127.53,122.97,3.58,0,Closed 0 worst trades
2026.02.16 12:24:23,410038624,Magic_251101,CRITICAL_TRIM,127.53,122.97,3.58,0,Closed 0 worst trades
2026.02.16 12:24:24,410038624,Magic_251101,CRITICAL_TRIM,127.53,122.97,3.58,0,Closed 0 worst trades
2026.02.16 12:24:24,410038624,Magic_251101,CRITICAL_TRIM,127.53,122.97,3.58,0,Closed 0 worst trades
2026.02.16 12:24:24,410038624,Magic_251101,CRITICAL_TRIM,127.53,122.97,3.58,0,Closed 0 worst trades
2026.02.16 12:24:24,410038624,Magic_251101,CRITICAL_TRIM,127.53,122.97,3.58,0,Closed 0 worst trades
2026.02.16 12:24:25,410038624,Magic_251101,CRITICAL_TRIM,127.53,122.97,3.58,0,Closed 0 worst trades
2026.02.16 12:24:25,410038624,Magic_251101,CRITICAL_TRIM,127.53,122.97,3.58,0,Closed 0 worst trades
2026.02.16 12:24:25,410038624,Magic_251101,CRITICAL_TRIM,127.53,122.97,3.58,0,Closed 0 worst trades
2026.02.16 12:24:25,410038624,Magic_251101,CRITICAL_TRIM,127.53,122.97,3.58,0,Closed 0 worst trades
2026.02.16 12:24:25,410038624,Magic_251101,CRITICAL_TRIM,127.53,122.97,3.58,0,Closed 0 worst trades
2026.02.16 12:24:25,410038624,Magic_251101,CRITICAL_TRIM,127.53,122.97,3.58,0,Closed 0 worst trades
2026.02.16 12:24:25,410038624,Magic_251101,CRITICAL_TRIM,127.53,122.97,3.58,0,Closed 0 worst trades
2026.02.16 12:24:25,410038624,Magic_251101,CRITICAL_TRIM,127.53,122.97,3.58,0,Closed 0 worst trades
2026.02.16 12:24:26,410038624,Magic_251101,CRITICAL_TRIM,127.53,122.97,3.58,0,Closed 0 worst trades
2026.02.16 12:24:26,410038624,Magic_251101,CRITICAL_TRIM,127.53,122.97,3.58,0,Closed 0 worst trades
2026.02.16 12:24:26,410038624,Magic_251101,CRITICAL_TRIM,127.53,122.97,3.58,0,Closed 0 worst trades
2026.02.16 12:24:26,410038624,Magic_251101,CRITICAL_TRIM,127.53,122.97,3.58,0,Closed 0 worst trades
2026.02.16 12:24:26,410038624,Magic_251101,CRITICAL_TRIM,127.53,122.97,3.58,0,Closed 0 worst trades
2026.02.16 12:24:26,410038624,Magic_251101,CRITICAL_TRIM,127.53,122.97,3.58,0,Closed 0 worst trades
2026.02.16 12:24:27,410038624,Magic_251101,CRITICAL_TRIM,127.53,122.97,3.58,0,Closed 0 worst trades
2026.02.16 12:24:27,410038624,Magic_251101,CRITICAL_TRIM,127.53,122.97,3.58,0,Closed 0 worst trades
2026.02.16 12:24:27,410038624,Magic_251101,CRITICAL_TRIM,127.53,122.97,3.58,0,Closed 0 worst trades
2026.02.16 12:24:28,410038624,Magic_251101,CRITICAL_TRIM,127.53,122.97,3.58,0,Closed 0 worst trades
2026.02.16 12:24:28,410038624,Magic_251101,CRITICAL_TRIM,127.53,122.97,3.58,0,Closed 0 worst trades
2026.02.16 12:24:28,410038624,Magic_251101,CRITICAL_TRIM,127.53,122.97,3.58,0,Closed 0 worst trades
2026.02.16 12:24:28,410038624,Magic_251101,CRITICAL_TRIM,127.53,122.97,3.58,0,Closed 0 worst trades
2026.02.16 12:24:29,410038624,Magic_251101,CRITICAL_TRIM,127.53,122.97,3.58,0,Closed 0 worst trades
2026.02.16 12:24:29,410038624,Magic_251101,CRITICAL_TRIM,127.53,122.97,3.58,0,Closed 0 worst trades
2026.02.16 12:24:29,410038624,Magic_251101,CRITICAL_TRIM,127.53,122.97,3.58,0,Closed 0 worst trades
2026.02.16 12:24:29,410038624,Magic_251101,CRITICAL_TRIM,127.53,122.97,3.58,0,Closed 0 worst trades
2026.02.16 12:24:29,410038624,Magic_251101,CRITICAL_TRIM,127.53,122.97,3.58,0,Closed 0 worst trades
2026.02.16 12:24:30,410038624,Magic_251101,CRITICAL_TRIM,127.53,122.97,3.58,0,Closed 0 worst trades
2026.02.16 12:24:30,410038624,Magic_251101,CRITICAL_TRIM,127.53,122.97,3.58,0,Closed 0 worst trades
2026.02.16 12:24:30,410038624,Magic_251101,CRITICAL_TRIM,127.53,122.97,3.58,0,Closed 0 worst trades
2026.02.16 12:24:30,410038624,Magic_251101,CRITICAL_TRIM,127.53,122.97,3.58,0,Closed 0 worst trades
2026.02.16 12:24:30,410038624,Magic_251101,CRITICAL_TRIM,127.53,122.97,3.58,0,Closed 0 worst trades
2026.02.16 12:24:30,410038624,Magic_251101,CRITICAL_TRIM,127.53,122.97,3.58,0,Closed 0 worst trades
2026.02.16 12:24:31,410038624,Magic_251101,CRITICAL_TRIM,127.53,122.97,3.58,0,Closed 0 worst trades
2026.02.16 12:24:31,410038624,Magic_251101,CRITICAL_TRIM,127.53,122.97,3.58,0,Closed 0 worst trades
2026.02.16 12:24:31,410038624,Magic_251101,CRITICAL_TRIM,127.53,122.97,3.58,0,Closed 0 worst trades
2026.02.16 12:24:31,410038624,Magic_251101,CRITICAL_TRIM,127.53,122.97,3.58,0,Closed 0 worst trades
2026.02.16 12:24:31,410038624,Magic_251101,CRITICAL_TRIM,127.53,122.97,3.58,0,Closed 0 worst trades
2026.02.16 12:24:31,410038624,Magic_251101,CRITICAL_TRIM,127.53,122.97,3.58,0,Closed 0 worst trades
2026.02.16 12:24:31,410038624,Magic_251101,CRITICAL_TRIM,127.53,122.97,3.58,0,Closed 0 worst trades
2026.02.16 12:24:32,410038624,Magic_251101,CRITICAL_TRIM,127.53,122.97,3.58,0,Closed 0 worst trades
2026.02.16 12:24:32,410038624,Magic_251101,CRITICAL_TRIM,127.53,122.97,3.58,0,Closed 0 worst trades
2026.02.16 12:24:32,410038624,Magic_251101,CRITICAL_TRIM,127.53,122.97,3.58,0,Closed 0 worst trades
2026.02.16 12:24:32,410038624,Magic_251101,CRITICAL_TRIM,127.53,122.97,3.58,0,Closed 0 worst trades
2026.02.16 12:24:32,410038624,Magic_251101,CRITICAL_TRIM,127.53,122.97,3.58,0,Closed 0 worst trades
2026.02.16 12:24:32,410038624,Magic_251101,CRITICAL_TRIM,127.53,122.97,3.58,0,Closed 0 worst trades
2026.02.16 12:24:33,410038624,Magic_251101,CRITICAL_TRIM,127.53,122.97,3.58,0,Closed 0 worst trades
2026.02.16 12:24:33,410038624,Magic_251101,CRITICAL_TRIM,127.53,122.97,3.58,0,Closed 0 worst trades
2026.02.16 12:24:33,410038624,Magic_251101,CRITICAL_TRIM,127.53,122.97,3.58,0,Closed 0 worst trades
2026.02.16 12:24:34,410038624,Magic_251101,CRITICAL_TRIM,127.53,122.97,3.58,0,Closed 0 worst trades
2026.02.16 12:24:34,410038624,Magic_251101,CRITICAL_TRIM,127.53,122.97,3.58,0,Closed 0 worst trades
2026.02.16 12:24:34,410038624,Magic_251101,CRITICAL_TRIM,127.53,122.97,3.58,0,Closed 0 worst trades
2026.02.16 12:24:34,410038624,Magic_251101,CRITICAL_TRIM,127.53,122.97,3.58,0,Closed 0 worst trades
2026.02.16 12:24:34,410038624,Magic_251101,CRITICAL_TRIM,127.53,122.97,3.58,0,Closed 0 worst trades
2026.02.16 12:24:34,410038624,Magic_251101,CRITICAL_TRIM,127.53,122.97,3.58,0,Closed 0 worst trades
2026.02.16 12:24:34,410038624,Magic_251101,CRITICAL_TRIM,127.53,122.97,3.58,0,Closed 0 worst trades
2026.02.16 12:24:35,410038624,Magic_251101,CRITICAL_TRIM,127.53,122.97,3.58,0,Closed 0 worst trades
2026.02.16 12:24:35,410038624,Magic_251101,CRITICAL_TRIM,127.53,122.97,3.58,0,Closed 0 worst trades
2026.02.16 12:24:35,410038624,Magic_251101,CRITICAL_TRIM,127.53,122.97,3.58,0,Closed 0 worst trades
2026.02.16 12:24:36,410038624,Magic_251101,CRITICAL_TRIM,127.53,122.97,3.58,0,Closed 0 worst trades
2026.02.16 12:24:36,410038624,Magic_251101,CRITICAL_TRIM,127.53,122.97,3.58,0,Closed 0 worst trades
2026.02.16 12:24:36,410038624,Magic_251101,CRITICAL_TRIM,127.53,122.97,3.58,0,Closed 0 worst trades
2026.02.16 12:24:36,410038624,Magic_251101,CRITICAL_TRIM,127.53,122.97,3.58,0,Closed 0 worst trades
2026.02.16 12:24:36,410038624,Magic_251101,CRITICAL_TRIM,127.53,122.97,3.58,0,Closed 0 worst trades
2026.02.16 12:24:37,410038624,Magic_251101,CRITICAL_TRIM,127.53,122.97,3.58,0,Closed 0 worst trades
2026.02.16 12:24:37,410038624,Magic_251101,CRITICAL_TRIM,127.53,122.97,3.58,0,Closed 0 worst trades
2026.02.16 12:24:37,410038624,Magic_251101,CRITICAL_TRIM,127.53,122.97,3.58,0,Closed 0 worst trades
2026.02.16 12:24:37,410038624,Magic_251101,CRITICAL_TRIM,127.53,122.97,3.58,0,Closed 0 worst trades
2026.02.16 12:24:37,410038624,Magic_251101,CRITICAL_TRIM,127.53,122.97,3.58,0,Closed 0 worst trades
2026.02.16 12:24:37,410038624,Magic_251101,CRITICAL_TRIM,127.53,122.97,3.58,0,Closed 0 worst trades
2026.02.16 12:24:37,410038624,Magic_251101,CRITICAL_TRIM,127.53,122.97,3.58,0,Closed 0 worst trades
2026.02.16 12:24:37,410038624,Magic_251101,CRITICAL_TRIM,127.53,122.97,3.58,0,Closed 0 worst trades
2026.02.16 12:24:38,410038624,Magic_251101,CRITICAL_TRIM,127.53,122.97,3.58,0,Closed 0 worst trades
2026.02.16 12:24:38,410038624,Magic_251101,CRITICAL_TRIM,127.53,122.97,3.58,0,Closed 0 worst trades
2026.02.16 12:24:38,410038624,Magic_251101,CRITICAL_TRIM,127.53,122.97,3.58,0,Closed 0 worst trades
2026.02.16 12:24:38,410038624,Magic_251101,CRITICAL_TRIM,127.53,122.97,3.58,0,Closed 0 worst trades
2026.02.16 12:24:38,410038624,Magic_251101,CRITICAL_TRIM,127.53,122.97,3.58,0,Closed 0 worst trades
2026.02.16 12:24:38,410038624,Magic_251101,CRITICAL_TRIM,127.53,122.97,3.58,0,Closed 0 worst trades
2026.02.16 12:24:38,410038624,Magic_251101,CRITICAL_TRIM,127.53,122.97,3.58,0,Closed 0 worst trades
2026.02.16 12:24:39,410038624,Magic_251101,CRITICAL_TRIM,127.53,122.97,3.58,0,Closed 0 worst trades
2026.02.16 12:24:39,410038624,Magic_251101,CRITICAL_TRIM,127.53,122.97,3.58,0,Closed 0 worst trades
2026.02.16 12:24:39,410038624,Magic_251101,CRITICAL_TRIM,127.53,122.97,3.58,0,Closed 0 worst trades
2026.02.16 12:24:39,410038624,Magic_251101,CRITICAL_TRIM,127.53,122.97,3.58,0,Closed 0 worst trades
2026.02.16 12:24:39,410038624,Magic_251101,CRITICAL_TRIM,127.53,122.97,3.58,0,Closed 0 worst trades
2026.02.16 12:24:40,410038624,Magic_251101,CRITICAL_TRIM,127.53,122.97,3.58,0,Closed 0 worst trades
2026.02.16 12:24:40,410038624,Magic_251101,CRITICAL_TRIM,127.53,122.97,3.58,0,Closed 0 worst trades
2026.02.16 12:24:40,410038624,Magic_251101,CRITICAL_TRIM,127.53,122.97,3.58,0,Closed 0 worst trades
2026.02.16 12:24:40,410038624,Magic_251101,CRITICAL_TRIM,127.53,122.97,3.58,0,Closed 0 worst trades
2026.02.16 12:24:40,410038624,Magic_251101,CRITICAL_TRIM,127.53,122.97,3.58,0,Closed 0 worst trades
2026.02.16 12:24:40,410038624,Magic_251101,CRITICAL_TRIM,127.53,122.97,3.58,0,Closed 0 worst trades
2026.02.16 12:24:40,410038624,Magic_251101,CRITICAL_TRIM,127.53,122.97,3.58,0,Closed 0 worst trades
2026.02.16 12:24:41,410038624,Magic_251101,CRITICAL_TRIM,127.53,122.97,3.58,0,Closed 0 worst trades
2026.02.16 12:24:41,410038624,Magic_251101,CRITICAL_TRIM,127.53,122.97,3.58,0,Closed 0 worst trades
2026.02.16 12:24:41,410038624,Magic_251101,CRITICAL_TRIM,127.53,122.97,3.58,0,Closed 0 worst trades
2026.02.16 12:24:41,410038624,Magic_251101,CRITICAL_TRIM,127.53,122.97,3.58,0,Closed 0 worst trades
2026.02.16 12:24:41,410038624,Magic_251101,CRITICAL_TRIM,127.53,122.97,3.58,0,Closed 0 worst trades
2026.02.16 12:24:41,410038624,Magic_251101,CRITICAL_TRIM,127.53,122.97,3.58,0,Closed 0 worst trades
2026.02.16 12:24:41,410038624,Magic_251101,CRITICAL_TRIM,127.53,122.97,3.58,0,Closed 0 worst trades
2026.02.16 12:24:42,410038624,Magic_251101,CRITICAL_TRIM,127.53,122.97,3.58,0,Closed 0 worst trades
2026.02.16 12:24:42,410038624,Magic_251101,CRITICAL_TRIM,127.53,122.97,3.58,0,Closed 0 worst trades
2026.02.16 12:24:42,410038624,Magic_251101,CRITICAL_TRIM,127.53,122.97,3.58,0,Closed 0 worst trades
2026.02.16 12:24:42,410038624,Magic_251101,CRITICAL_TRIM,127.53,122.97,3.58,0,Closed 0 worst trades
2026.02.16 12:24:42,410038624,Magic_251101,CRITICAL_TRIM,127.53,122.97,3.58,0,Closed 0 worst trades
2026.02.16 12:24:43,410038624,Magic_251101,CRITICAL_TRIM,127.53,122.97,3.58,0,Closed 0 worst trades
2026.02.16 12:24:43,410038624,Magic_251101,CRITICAL_TRIM,127.53,122.97,3.58,0,Closed 0 worst trades
2026.02.16 12:24:44,410038624,Magic_251101,CRITICAL_TRIM,127.53,122.97,3.58,0,Closed 0 worst trades
2026.02.16 12:24:44,410038624,Magic_251101,CRITICAL_TRIM,127.53,122.97,3.58,0,Closed 0 worst trades
2026.02.16 12:24:44,410038624,Magic_251101,CRITICAL_TRIM,127.53,122.97,3.58,0,Closed 0 worst trades
2026.02.16 12:24:44,410038624,Magic_251101,CRITICAL_TRIM,127.53,122.97,3.58,0,Closed 0 worst trades
2026.02.16 12:24:44,410038624,Magic_251101,CRITICAL_TRIM,127.53,122.97,3.58,0,Closed 0 worst trades
2026.02.16 12:24:45,410038624,Magic_251101,CRITICAL_TRIM,127.53,122.97,3.58,0,Closed 0 worst trades
2026.02.16 12:24:45,410038624,Magic_251101,CRITICAL_TRIM,127.53,122.97,3.58,0,Closed 0 worst trades
2026.02.16 12:24:45,410038624,Magic_251101,CRITICAL_TRIM,127.53,122.97,3.58,0,Closed 0 worst trades
2026.02.16 12:24:45,410038624,Magic_251101,CRITICAL_TRIM,127.53,122.97,3.58,0,Closed 0 worst trades
2026.02.16 12:24:46,410038624,Magic_251101,CRITICAL_TRIM,127.53,122.97,3.58,0,Closed 0 worst trades
2026.02.16 12:24:46,410038624,Magic_251101,CRITICAL_TRIM,127.53,122.97,3.58,0,Closed 0 worst trades
2026.02.16 12:24:46,410038624,Magic_251101,CRITICAL_TRIM,127.53,122.97,3.58,0,Closed 0 worst trades
2026.02.16 12:24:46,410038624,Magic_251101,CRITICAL_TRIM,127.53,122.97,3.58,0,Closed 0 worst trades
2026.02.16 12:24:46,410038624,Magic_251101,CRITICAL_TRIM,127.53,122.97,3.58,0,Closed 0 worst trades
2026.02.16 12:24:46,410038624,Magic_251101,CRITICAL_TRIM,127.53,122.97,3.58,0,Closed 0 worst trades
2026.02.16 12:24:46,410038624,Magic_251101,CRITICAL_TRIM,127.53,122.97,3.58,0,Closed 0 worst trades
2026.02.16 12:24:46,410038624,Magic_251101,CRITICAL_TRIM,127.53,122.97,3.58,0,Closed 0 worst trades
2026.02.16 12:24:46,410038624,Magic_251101,CRITICAL_TRIM,127.53,122.97,3.58,0,Closed 0 worst trades
2026.02.16 12:24:47,410038624,Magic_251101,CRITICAL_TRIM,127.53,122.97,3.58,0,Closed 0 worst trades
2026.02.16 12:24:47,410038624,Magic_251101,CRITICAL_TRIM,127.53,122.97,3.58,0,Closed 0 worst trades
2026.02.16 12:24:47,410038624,Magic_251101,CRITICAL_TRIM,127.53,122.97,3.58,0,Closed 0 worst trades
2026.02.16 12:24:47,410038624,Magic_251101,CRITICAL_TRIM,127.53,122.97,3.58,0,Closed 0 worst trades
2026.02.16 12:24:47,410038624,Magic_251101,CRITICAL_TRIM,127.53,122.97,3.58,0,Closed 0 worst trades
2026.02.16 12:24:48,410038624,Magic_251101,CRITICAL_TRIM,127.53,122.97,3.58,0,Closed 0 worst trades
2026.02.16 12:24:48,410038624,Magic_251101,CRITICAL_TRIM,127.53,122.97,3.58,0,Closed 0 worst trades
2026.02.16 12:24:48,410038624,Magic_251101,CRITICAL_TRIM,127.53,122.97,3.58,0,Closed 0 worst trades
2026.02.16 12:24:48,410038624,Magic_251101,CRITICAL_TRIM,127.53,122.97,3.58,0,Closed 0 worst trades
2026.02.16 12:24:48,410038624,Magic_251101,CRITICAL_TRIM,127.53,122.97,3.58,0,Closed 0 worst trades
2026.02.16 12:24:48,410038624,Magic_251101,CRITICAL_TRIM,127.53,122.97,3.58,0,Closed 0 worst trades
2026.02.16 12:24:49,410038624,Magic_251101,CRITICAL_TRIM,127.53,122.97,3.58,0,Closed 0 worst trades
2026.02.16 12:24:49,410038624,Magic_251101,CRITICAL_TRIM,127.53,122.97,3.58,0,Closed 0 worst trades
2026.02.16 12:24:49,410038624,Magic_251101,CRITICAL_TRIM,127.53,122.97,3.58,0,Closed 0 worst trades
2026.02.16 12:24:49,410038624,Magic_251101,CRITICAL_TRIM,127.53,122.97,3.58,0,Closed 0 worst trades
2026.02.16 12:24:49,410038624,Magic_251101,CRITICAL_TRIM,127.53,122.97,3.58,0,Closed 0 worst trades
2026.02.16 12:24:49,410038624,Magic_251101,CRITICAL_TRIM,127.53,122.97,3.58,0,Closed 0 worst trades
2026.02.16 12:24:50,410038624,Magic_251101,CRITICAL_TRIM,127.53,122.97,3.58,0,Closed 0 worst trades
2026.02.16 12:24:50,410038624,Magic_251101,CRITICAL_TRIM,127.53,122.97,3.58,0,Closed 0 worst trades
2026.02.16 12:24:50,410038624,Magic_251101,CRITICAL_TRIM,127.53,122.97,3.58,0,Closed 0 worst trades
2026.02.16 12:24:50,410038624,Magic_251101,CRITICAL_TRIM,127.53,122.97,3.58,0,Closed 0 worst trades
2026.02.16 12:24:50,410038624,Magic_251101,CRITICAL_TRIM,127.53,122.97,3.58,0,Closed 0 worst trades
2026.02.16 12:24:50,410038624,Magic_251101,CRITICAL_TRIM,127.53,122.97,3.58,0,Closed 0 worst trades
2026.02.16 12:24:50,410038624,Magic_251101,CRITICAL_TRIM,127.53,122.97,3.58,0,Closed 0 worst trades
2026.02.16 12:24:51,410038624,Magic_251101,CRITICAL_TRIM,127.53,122.97,3.58,0,Closed 0 worst trades
2026.02.16 12:24:51,410038624,Magic_251101,CRITICAL_TRIM,127.53,122.97,3.58,0,Closed 0 worst trades
2026.02.16 12:24:51,410038624,Magic_251101,CRITICAL_TRIM,127.53,122.97,3.58,0,Closed 0 worst trades
2026.02.16 12:24:51,410038624,Magic_251101,CRITICAL_TRIM,127.53,122.97,3.58,0,Closed 0 worst trades
2026.02.16 12:24:51,410038624,Magic_251101,CRITICAL_TRIM,127.53,122.97,3.58,0,Closed 0 worst trades
2026.02.16 12:24:52,410038624,Magic_251101,CRITICAL_TRIM,127.53,122.97,3.58,0,Closed 0 worst trades
2026.02.16 12:24:52,410038624,Magic_251101,CRITICAL_TRIM,127.53,122.97,3.58,0,Closed 0 worst trades
2026.02.16 12:24:53,410038624,Magic_251101,CRITICAL_TRIM,127.53,122.97,3.58,0,Closed 0 worst trades
2026.02.16 12:24:53,410038624,Magic_251101,CRITICAL_TRIM,127.53,122.97,3.58,0,Closed 0 worst trades
2026.02.16 12:24:53,410038624,Magic_251101,CRITICAL_TRIM,127.53,122.97,3.58,0,Closed 0 worst trades
2026.02.16 12:24:53,410038624,Magic_251101,CRITICAL_TRIM,127.53,122.97,3.58,0,Closed 0 worst trades
2026.02.16 12:24:53,410038624,Magic_251101,CRITICAL_TRIM,127.53,122.97,3.58,0,Closed 0 worst trades
2026.02.16 12:24:53,410038624,Magic_251101,CRITICAL_TRIM,127.53,122.97,3.58,0,Closed 0 worst trades
2026.02.16 12:24:53,410038624,Magic_251101,CRITICAL_TRIM,127.53,122.97,3.58,0,Closed 0 worst trades
2026.02.16 12:24:53,410038624,Magic_251101,CRITICAL_TRIM,127.53,122.97,3.58,0,Closed 0 worst trades
2026.02.16 12:24:53,410038624,Magic_251101,CRITICAL_TRIM,127.53,122.97,3.58,0,Closed 0 worst trades
2026.02.16 12:24:54,410038624,Magic_251101,CRITICAL_TRIM,127.53,122.97,3.58,0,Closed 0 worst trades
2026.02.16 12:24:54,410038624,Magic_251101,CRITICAL_TRIM,127.53,122.97,3.58,0,Closed 0 worst trades
2026.02.16 12:24:54,410038624,Magic_251101,CRITICAL_TRIM,127.53,122.97,3.58,0,Closed 0 worst trades
2026.02.16 12:24:54,410038624,Magic_251101,CRITICAL_TRIM,127.53,122.97,3.58,0,Closed 0 worst trades
2026.02.16 12:24:54,410038624,Magic_251101,CRITICAL_TRIM,127.53,122.97,3.58,0,Closed 0 worst trades
2026.02.16 12:24:54,410038624,Magic_251101,CRITICAL_TRIM,127.53,122.97,3.58,0,Closed 0 worst trades
2026.02.16 12:24:54,410038624,Magic_251101,CRITICAL_TRIM,127.53,122.97,3.58,0,Closed 0 worst trades
2026.02.16 12:24:55,410038624,Magic_251101,CRITICAL_TRIM,127.53,122.97,3.58,0,Closed 0 worst trades
2026.02.16 12:24:55,410038624,Magic_251101,CRITICAL_TRIM,127.53,122.97,3.58,0,Closed 0 worst trades
2026.02.16 12:24:55,410038624,Magic_251101,CRITICAL_TRIM,127.53,122.97,3.58,0,Closed 0 worst trades
2026.02.16 12:24:55,410038624,Magic_251101,CRITICAL_TRIM,127.53,122.97,3.58,0,Closed 0 worst trades
2026.02.16 12:24:55,410038624,Magic_251101,CRITICAL_TRIM,127.53,122.97,3.58,0,Closed 0 worst trades
2026.02.16 12:24:55,410038624,Magic_251101,CRITICAL_TRIM,127.53,122.97,3.58,0,Closed 0 worst trades
2026.02.16 12:24:56,410038624,Magic_251101,CRITICAL_TRIM,127.53,122.97,3.58,0,Closed 0 worst trades
2026.02.16 12:24:56,410038624,Magic_251101,CRITICAL_TRIM,127.53,122.97,3.58,0,Closed 0 worst trades
2026.02.16 12:24:56,410038624,Magic_251101,CRITICAL_TRIM,127.53,122.97,3.58,0,Closed 0 worst trades
2026.02.16 12:24:56,410038624,Magic_251101,CRITICAL_TRIM,127.53,122.97,3.58,0,Closed 0 worst trades
2026.02.16 12:24:56,410038624,Magic_251101,CRITICAL_TRIM,127.53,122.97,3.58,0,Closed 0 worst trades
2026.02.16 12:24:56,410038624,Magic_251101,CRITICAL_TRIM,127.53,122.97,3.58,0,Closed 0 worst trades
2026.02.16 12:24:57,410038624,Magic_251101,CRITICAL_TRIM,127.53,122.97,3.58,0,Closed 0 worst trades
2026.02.16 12:24:57,410038624,Magic_251101,CRITICAL_TRIM,127.53,122.97,3.58,0,Closed 0 worst trades
2026.02.16 12:24:57,410038624,Magic_251101,CRITICAL_TRIM,127.53,122.97,3.58,0,Closed 0 worst trades
2026.02.16 12:24:57,410038624,Magic_251101,CRITICAL_TRIM,127.53,122.97,3.58,0,Closed 0 worst trades
2026.02.16 12:24:57,410038624,Magic_251101,CRITICAL_TRIM,127.53,122.97,3.58,0,Closed 0 worst trades
2026.02.16 12:24:57,410038624,Magic_251101,CRITICAL_TRIM,127.53,122.97,3.58,0,Closed 0 worst trades
2026.02.16 12:24:58,410038624,Magic_251101,CRITICAL_TRIM,127.53,122.97,3.58,0,Closed 0 worst trades
2026.02.16 12:24:58,410038624,Magic_251101,CRITICAL_TRIM,127.53,122.97,3.58,0,Closed 0 worst trades
2026.02.16 12:24:58,410038624,Magic_251101,CRITICAL_TRIM,127.53,122.97,3.58,0,Closed 0 worst trades
2026.02.16 12:24:58,410038624,Magic_251101,CRITICAL_TRIM,127.53,122.97,3.58,0,Closed 0 worst trades
2026.02.16 12:24:58,410038624,Magic_251101,CRITICAL_TRIM,127.53,122.97,3.58,0,Closed 0 worst trades
2026.02.16 12:24:58,410038624,Magic_251101,CRITICAL_TRIM,127.53,122.97,3.58,0,Closed 0 worst trades
2026.02.16 12:24:59,410038624,Magic_251101,CRITICAL_TRIM,127.53,122.97,3.58,0,Closed 0 worst trades
2026.02.16 12:24:59,410038624,Magic_251101,CRITICAL_TRIM,127.53,122.97,3.58,0,Closed 0 worst trades
2026.02.16 12:24:59,410038624,Magic_251101,CRITICAL_TRIM,127.53,122.97,3.58,0,Closed 0 worst trades
2026.02.16 12:24:59,410038624,Magic_251101,CRITICAL_TRIM,127.53,122.97,3.58,0,Closed 0 worst trades
2026.02.16 12:24:59,410038624,Magic_251101,CRITICAL_TRIM,127.53,122.97,3.58,0,Closed 0 worst trades
2026.02.16 12:24:59,410038624,Magic_251101,CRITICAL_TRIM,127.53,122.97,3.58,0,Closed 0 worst trades
2026.02.16 12:24:59,410038624,Magic_251101,CRITICAL_TRIM,127.53,122.97,3.58,0,Closed 0 worst trades
2026.02.16 12:25:00,410038624,Magic_251101,CRITICAL_TRIM,127.53,122.97,3.58,0,Closed 0 worst trades
2026.02.16 12:25:00,410038624,Magic_251101,CRITICAL_TRIM,127.53,122.97,3.58,0,Closed 0 worst trades
2026.02.16 12:25:00,410038624,Magic_251101,CRITICAL_TRIM,127.53,122.97,3.58,0,Closed 0 worst trades
2026.02.16 12:25:00,410038624,Magic_251101,CRITICAL_TRIM,127.53,122.97,3.58,0,Closed 0 worst trades
2026.02.16 12:25:00,410038624,Magic_251101,CRITICAL_TRIM,127.53,122.97,3.58,0,Closed 0 worst trades
2026.02.16 12:25:00,410038624,Magic_251101,CRITICAL_TRIM,127.53,122.97,3.58,0,Closed 0 worst trades
2026.02.16 12:25:01,410038624,Magic_251101,CRITICAL_TRIM,127.53,122.97,3.58,0,Closed 0 worst trades
2026.02.16 12:25:01,410038624,Magic_251101,CRITICAL_TRIM,127.53,122.97,3.58,0,Closed 0 worst trades
2026.02.16 12:25:01,410038624,Magic_251101,CRITICAL_TRIM,127.53,122.97,3.58,0,Closed 0 worst trades
2026.02.16 12:25:01,410038624,Magic_251101,CRITICAL_TRIM,127.53,122.97,3.58,0,Closed 0 worst trades
2026.02.16 12:25:02,410038624,Magic_251101,CRITICAL_TRIM,127.53,122.97,3.58,0,Closed 0 worst trades
2026.02.16 12:25:02,410038624,Magic_251101,CRITICAL_TRIM,127.53,122.97,3.58,0,Closed 0 worst trades
2026.02.16 12:25:03,410038624,Magic_251101,CRITICAL_TRIM,127.53,122.97,3.58,0,Closed 0 worst trades
2026.02.16 12:25:03,410038624,Magic_251101,CRITICAL_TRIM,127.53,122.97,3.58,0,Closed 0 worst trades
2026.02.16 12:25:03,410038624,Magic_251101,CRITICAL_TRIM,127.53,122.97,3.58,0,Closed 0 worst trades
2026.02.16 12:25:04,410038624,Magic_251101,CRITICAL_TRIM,127.53,122.97,3.58,0,Closed 0 worst trades
2026.02.16 12:25:04,410038624,Magic_251101,CRITICAL_TRIM,127.53,122.97,3.58,0,Closed 0 worst trades
2026.02.16 12:25:04,410038624,Magic_251101,CRITICAL_TRIM,127.53,122.97,3.58,0,Closed 0 worst trades
2026.02.16 12:25:04,410038624,Magic_251101,CRITICAL_TRIM,127.53,122.97,3.58,0,Closed 0 worst trades
2026.02.16 12:25:04,410038624,Magic_251101,CRITICAL_TRIM,127.53,122.97,3.58,0,Closed 0 worst trades
2026.02.16 12:25:05,410038624,Magic_251101,CRITICAL_TRIM,127.53,122.97,3.58,0,Closed 0 worst trades
2026.02.16 12:25:05,410038624,Magic_251101,CRITICAL_TRIM,127.53,122.97,3.58,0,Closed 0 worst trades
2026.02.16 12:25:05,410038624,Magic_251101,CRITICAL_TRIM,127.53,122.97,3.58,0,Closed 0 worst trades
2026.02.16 12:25:06,410038624,Magic_251101,CRITICAL_TRIM,127.53,122.97,3.58,0,Closed 0 worst trades
2026.02.16 12:25:06,410038624,Magic_251101,CRITICAL_TRIM,127.53,122.97,3.58,0,Closed 0 worst trades
2026.02.16 12:25:07,410038624,Magic_251101,CRITICAL_TRIM,127.53,122.97,3.58,0,Closed 0 worst trades
2026.02.16 12:25:07,410038624,Magic_251101,CRITICAL_TRIM,127.53,122.97,3.58,0,Closed 0 worst trades
2026.02.16 12:25:08,410038624,Magic_251101,CRITICAL_TRIM,127.53,122.97,3.58,0,Closed 0 worst trades
2026.02.16 12:25:08,410038624,Magic_251101,CRITICAL_TRIM,127.53,122.97,3.58,0,Closed 0 worst trades
2026.02.16 12:25:08,410038624,Magic_251101,CRITICAL_TRIM,127.53,122.97,3.58,0,Closed 0 worst trades
2026.02.16 12:25:08,410038624,Magic_251101,CRITICAL_TRIM,127.53,122.97,3.58,0,Closed 0 worst trades
2026.02.16 12:25:08,410038624,Magic_251101,CRITICAL_TRIM,127.53,122.97,3.58,0,Closed 0 worst trades
2026.02.16 12:25:09,410038624,Magic_251101,CRITICAL_TRIM,127.53,122.97,3.58,0,Closed 0 worst trades
2026.02.16 12:25:09,410038624,Magic_251101,CRITICAL_TRIM,127.53,122.97,3.58,0,Closed 0 worst trades
2026.02.16 12:25:09,410038624,Magic_251101,CRITICAL_TRIM,127.53,122.97,3.58,0,Closed 0 worst trades
2026.02.16 12:25:09,410038624,Magic_251101,CRITICAL_TRIM,127.53,122.97,3.58,0,Closed 0 worst trades
2026.02.16 12:25:09,410038624,Magic_251101,CRITICAL_TRIM,127.53,122.97,3.58,0,Closed 0 worst trades
2026.02.16 12:25:09,410038624,Magic_251101,CRITICAL_TRIM,127.53,122.97,3.58,0,Closed 0 worst trades
2026.02.16 12:25:10,410038624,Magic_251101,CRITICAL_TRIM,127.53,122.97,3.58,0,Closed 0 worst trades
2026.02.16 12:25:10,410038624,Magic_251101,CRITICAL_TRIM,127.53,122.97,3.58,0,Closed 0 worst trades
2026.02.16 12:25:10,410038624,Magic_251101,CRITICAL_TRIM,127.53,122.97,3.58,0,Closed 0 worst trades
2026.02.16 12:25:10,410038624,Magic_251101,CRITICAL_TRIM,127.53,122.97,3.58,0,Closed 0 worst trades
2026.02.16 12:25:11,410038624,Magic_251101,CRITICAL_TRIM,127.53,122.97,3.58,0,Closed 0 worst trades
2026.02.16 12:25:11,410038624,Magic_251101,CRITICAL_TRIM,127.53,122.97,3.58,0,Closed 0 worst trades
2026.02.16 12:25:11,410038624,Magic_251101,CRITICAL_TRIM,127.53,122.97,3.58,0,Closed 0 worst trades
2026.02.16 12:25:11,410038624,Magic_251101,CRITICAL_TRIM,127.53,122.97,3.58,0,Closed 0 worst trades
2026.02.16 12:25:11,410038624,Magic_251101,CRITICAL_TRIM,127.53,122.97,3.58,0,Closed 0 worst trades
2026.02.16 12:25:11,410038624,Magic_251101,CRITICAL_TRIM,127.53,122.97,3.58,0,Closed 0 worst trades
2026.02.16 12:25:11,410038624,Magic_251101,CRITICAL_TRIM,127.53,122.97,3.58,0,Closed 0 worst trades
2026.02.16 12:25:12,410038624,Magic_251101,CRITICAL_TRIM,127.53,122.97,3.58,0,Closed 0 worst trades
2026.02.16 12:25:12,410038624,Magic_251101,CRITICAL_TRIM,127.53,122.97,3.58,0,Closed 0 worst trades
2026.02.16 12:25:12,410038624,Magic_251101,CRITICAL_TRIM,127.53,122.97,3.58,0,Closed 0 worst trades
2026.02.16 12:25:12,410038624,Magic_251101,CRITICAL_TRIM,127.53,122.97,3.58,0,Closed 0 worst trades
2026.02.16 12:25:13,410038624,Magic_251101,CRITICAL_TRIM,127.53,122.97,3.58,0,Closed 0 worst trades
2026.02.16 12:25:13,410038624,Magic_251101,CRITICAL_TRIM,127.53,122.97,3.58,0,Closed 0 worst trades
2026.02.16 12:25:13,410038624,Magic_251101,CRITICAL_TRIM,127.53,122.97,3.58,0,Closed 0 worst trades
2026.02.16 12:25:13,410038624,Magic_251101,CRITICAL_TRIM,127.53,122.97,3.58,0,Closed 0 worst trades
2026.02.16 12:25:13,410038624,Magic_251101,CRITICAL_TRIM,127.53,122.97,3.58,0,Closed 0 worst trades
2026.02.16 12:25:14,410038624,Magic_251101,CRITICAL_TRIM,127.53,122.97,3.58,0,Closed 0 worst trades
2026.02.16 12:25:14,410038624,Magic_251101,CRITICAL_TRIM,127.53,122.97,3.58,0,Closed 0 worst trades
2026.02.16 12:25:14,410038624,Magic_251101,CRITICAL_TRIM,127.53,122.97,3.58,0,Closed 0 worst trades
2026.02.16 12:25:14,410038624,Magic_251101,CRITICAL_TRIM,127.53,122.97,3.58,0,Closed 0 worst trades
2026.02.16 12:25:14,410038624,Magic_251101,CRITICAL_TRIM,127.53,122.97,3.58,0,Closed 0 worst trades
2026.02.16 12:25:14,410038624,Magic_251101,CRITICAL_TRIM,127.53,122.97,3.58,0,Closed 0 worst trades
2026.02.16 12:25:15,410038624,Magic_251101,CRITICAL_TRIM,127.53,122.97,3.58,0,Closed 0 worst trades
2026.02.16 12:25:15,410038624,Magic_251101,CRITICAL_TRIM,127.53,122.97,3.58,0,Closed 0 worst trades
2026.02.16 12:25:15,410038624,Magic_251101,CRITICAL_TRIM,127.53,122.97,3.58,0,Closed 0 worst trades
2026.02.16 12:25:15,410038624,Magic_251101,CRITICAL_TRIM,127.53,122.97,3.58,0,Closed 0 worst trades
2026.02.16 12:25:15,410038624,Magic_251101,CRITICAL_TRIM,127.53,122.97,3.58,0,Closed 0 worst trades
2026.02.16 12:25:16,410038624,Magic_251101,CRITICAL_TRIM,127.53,122.97,3.58,0,Closed 0 worst trades
2026.02.16 12:25:16,410038624,Magic_251101,CRITICAL_TRIM,127.53,122.97,3.58,0,Closed 0 worst trades
2026.02.16 12:25:17,410038624,Magic_251101,CRITICAL_TRIM,127.53,122.97,3.58,0,Closed 0 worst trades
2026.02.16 12:25:18,410038624,Magic_251101,CRITICAL_TRIM,127.53,122.97,3.58,0,Closed 0 worst trades
2026.02.16 12:25:18,410038624,Magic_251101,CRITICAL_TRIM,127.53,122.97,3.58,0,Closed 0 worst trades
2026.02.16 12:25:18,410038624,Magic_251101,CRITICAL_TRIM,127.53,122.97,3.58,0,Closed 0 worst trades
2026.02.16 12:25:27,410038624,Magic_251101,CRITICAL_TRIM,127.53,122.97,3.58,0,Closed 0 worst trades
2026.02.16 12:25:27,410038624,Magic_251101,CRITICAL_TRIM,127.53,122.97,3.58,0,Closed 0 worst trades
2026.02.16 12:25:30,410038624,Magic_251101,CRITICAL_TRIM,127.53,122.97,3.58,0,Closed 0 worst trades
2026.02.16 12:25:30,410038624,Magic_251101,CRITICAL_TRIM,127.53,122.97,3.58,0,Closed 0 worst trades
2026.02.16 12:25:30,410038624,Magic_251101,CRITICAL_TRIM,127.53,122.97,3.58,0,Closed 0 worst trades
2026.02.16 12:25:35,410038624,Magic_251101,CRITICAL_TRIM,127.53,122.97,3.58,0,Closed 0 worst trades
2026.02.16 12:25:48,410038624,Magic_251101,CRITICAL_TRIM,127.53,122.97,3.58,0,Closed 0 worst trades
2026.02.16 12:25:50,410038624,Magic_251101,CRITICAL_TRIM,127.53,122.97,3.58,0,Closed 0 worst trades
2026.02.16 12:25:50,410038624,Magic_251101,CRITICAL_TRIM,127.53,122.97,3.58,0,Closed 0 worst trades
2026.02.16 12:25:51,410038624,Magic_251101,CRITICAL_TRIM,127.53,122.97,3.58,0,Closed 0 worst trades
2026.02.16 12:25:54,410038624,Magic_251101,CRITICAL_TRIM,127.53,122.97,3.58,0,Closed 0 worst trades
2026.02.16 12:25:56,410038624,Magic_251101,CRITICAL_TRIM,127.53,122.97,3.58,0,Closed 0 worst trades
2026.02.16 12:25:57,410038624,Magic_251101,CRITICAL_TRIM,127.53,122.97,3.58,0,Closed 0 worst trades
2026.02.16 12:25:58,410038624,Magic_251101,CRITICAL_TRIM,127.53,122.97,3.58,0,Closed 0 worst trades
2026.02.16 12:26:00,410038624,Magic_251101,CRITICAL_TRIM,127.53,122.97,3.58,0,Closed 0 worst trades
2026.02.16 12:26:00,410038624,Magic_251101,CRITICAL_TRIM,127.53,122.97,3.58,0,Closed 0 worst trades
2026.02.16 12:26:00,410038624,Magic_251101,CRITICAL_TRIM,127.53,122.97,3.58,0,Closed 0 worst trades
2026.02.16 12:26:02,410038624,Magic_251101,CRITICAL_TRIM,127.53,122.97,3.58,0,Closed 0 worst trades
2026.02.16 12:26:04,410038624,Magic_251101,CRITICAL_TRIM,127.53,122.97,3.58,0,Closed 0 worst trades
2026.02.16 12:26:04,410038624,Magic_251101,CRITICAL_TRIM,127.53,122.97,3.58,0,Closed 0 worst trades
2026.02.16 12:26:05,410038624,Magic_251101,CRITICAL_TRIM,127.53,122.97,3.58,0,Closed 0 worst trades
2026.02.16 12:26:05,410038624,Magic_251101,CRITICAL_TRIM,127.53,122.97,3.58,0,Closed 0 worst trades
2026.02.16 12:26:05,410038624,Magic_251101,CRITICAL_TRIM,127.53,122.97,3.58,0,Closed 0 worst trades
2026.02.16 12:26:05,410038624,Magic_251101,CRITICAL_TRIM,127.53,122.97,3.58,0,Closed 0 worst trades
2026.02.16 12:26:05,410038624,Magic_251101,CRITICAL_TRIM,127.53,122.97,3.58,0,Closed 0 worst trades
2026.02.16 12:26:06,410038624,Magic_251101,CRITICAL_TRIM,127.53,122.97,3.58,0,Closed 0 worst trades
2026.02.16 12:26:06,410038624,Magic_251101,CRITICAL_TRIM,127.53,122.97,3.58,0,Closed 0 worst trades
2026.02.16 12:26:06,410038624,Magic_251101,CRITICAL_TRIM,127.53,122.97,3.58,0,Closed 0 worst trades
2026.02.16 12:26:07,410038624,Magic_251101,CRITICAL_TRIM,127.53,122.97,3.58,0,Closed 0 worst trades
2026.02.16 12:26:08,410038624,Magic_251101,CRITICAL_TRIM,127.53,122.97,3.58,0,Closed 0 worst trades
2026.02.16 12:26:08,410038624,Magic_251101,CRITICAL_TRIM,127.53,122.97,3.58,0,Closed 0 worst trades
2026.02.16 12:26:09,410038624,Magic_251101,CRITICAL_TRIM,127.53,122.97,3.58,0,Closed 0 worst trades
2026.02.16 12:26:09,410038624,Magic_251101,CRITICAL_TRIM,127.53,122.97,3.58,0,Closed 0 worst trades
2026.02.16 12:26:09,410038624,Magic_251101,CRITICAL_TRIM,127.53,122.97,3.58,0,Closed 0 worst trades
2026.02.16 12:26:10,410038624,Magic_251101,CRITICAL_TRIM,127.53,122.97,3.58,0,Closed 0 worst trades
2026.02.16 12:26:10,410038624,Magic_251101,CRITICAL_TRIM,127.53,122.97,3.58,0,Closed 0 worst trades
2026.02.16 12:26:11,410038624,Magic_251101,CRITICAL_TRIM,127.53,122.97,3.58,0,Closed 0 worst trades
2026.02.16 12:26:11,410038624,Magic_251101,CRITICAL_TRIM,127.53,122.97,3.58,0,Closed 0 worst trades
2026.02.16 12:26:11,410038624,Magic_251101,CRITICAL_TRIM,127.53,122.97,3.58,0,Closed 0 worst trades
2026.02.16 12:26:11,410038624,Magic_251101,CRITICAL_TRIM,127.53,122.97,3.58,0,Closed 0 worst trades
2026.02.16 12:26:12,410038624,Magic_251101,CRITICAL_TRIM,127.53,122.97,3.58,0,Closed 0 worst trades
2026.02.16 12:26:12,410038624,Magic_251101,CRITICAL_TRIM,127.53,122.97,3.58,0,Closed 0 worst trades
2026.02.16 12:26:13,410038624,Magic_251101,CRITICAL_TRIM,127.53,122.97,3.58,0,Closed 0 worst trades
2026.02.16 12:26:14,410038624,Magic_251101,CRITICAL_TRIM,127.53,122.97,3.58,0,Closed 0 worst trades
2026.02.16 12:26:14,410038624,Magic_251101,CRITICAL_TRIM,127.53,122.97,3.58,0,Closed 0 worst trades
2026.02.16 12:26:14,410038624,Magic_251101,CRITICAL_TRIM,127.53,122.97,3.58,0,Closed 0 worst trades
2026.02.16 12:26:14,410038624,Magic_251101,CRITICAL_TRIM,127.53,122.97,3.58,0,Closed 0 worst trades
2026.02.16 12:26:15,410038624,Magic_251101,CRITICAL_TRIM,127.53,122.97,3.58,0,Closed 0 worst trades
2026.02.16 12:26:15,410038624,Magic_251101,CRITICAL_TRIM,127.53,122.97,3.58,0,Closed 0 worst trades
2026.02.16 12:26:15,410038624,Magic_251101,CRITICAL_TRIM,127.53,122.97,3.58,0,Closed 0 worst trades
2026.02.16 12:26:16,410038624,Magic_251101,CRITICAL_TRIM,127.53,122.97,3.58,0,Closed 0 worst trades
2026.02.16 12:26:16,410038624,Magic_251101,CRITICAL_TRIM,127.53,122.97,3.58,0,Closed 0 worst trades
2026.02.16 12:26:16,410038624,Magic_251101,CRITICAL_TRIM,127.53,122.97,3.58,0,Closed 0 worst trades
2026.02.16 12:26:18,410038624,Magic_251101,CRITICAL_TRIM,127.53,122.97,3.58,0,Closed 0 worst trades
2026.02.16 12:26:20,410038624,Magic_251101,CRITICAL_TRIM,127.53,122.97,3.58,0,Closed 0 worst trades
2026.02.16 12:26:20,410038624,Magic_251101,CRITICAL_TRIM,127.53,122.97,3.58,0,Closed 0 worst trades
2026.02.16 12:26:21,410038624,Magic_251101,CRITICAL_TRIM,127.53,122.97,3.58,0,Closed 0 worst trades
2026.02.16 12:26:21,410038624,Magic_251101,CRITICAL_TRIM,127.53,122.97,3.58,0,Closed 0 worst trades
2026.02.16 12:26:22,410038624,Magic_251101,CRITICAL_TRIM,127.53,122.97,3.58,0,Closed 0 worst trades
2026.02.16 12:26:22,410038624,Magic_251101,CRITICAL_TRIM,127.53,122.97,3.58,0,Closed 0 worst trades
2026.02.16 12:26:22,410038624,Magic_251101,CRITICAL_TRIM,127.53,122.97,3.58,0,Closed 0 worst trades
2026.02.16 12:26:23,410038624,Magic_251101,CRITICAL_TRIM,127.53,122.97,3.58,0,Closed 0 worst trades
2026.02.16 12:26:23,410038624,Magic_251101,CRITICAL_TRIM,127.53,122.97,3.58,0,Closed 0 worst trades
2026.02.16 12:26:23,410038624,Magic_251101,CRITICAL_TRIM,127.53,122.97,3.58,0,Closed 0 worst trades
2026.02.16 12:26:23,410038624,Magic_251101,CRITICAL_TRIM,127.53,122.97,3.58,0,Closed 0 worst trades
2026.02.16 12:26:23,410038624,Magic_251101,CRITICAL_TRIM,127.53,122.97,3.58,0,Closed 0 worst trades
2026.02.16 12:26:24,410038624,Magic_251101,CRITICAL_TRIM,127.53,122.97,3.58,0,Closed 0 worst trades
2026.02.16 12:26:24,410038624,Magic_251101,CRITICAL_TRIM,127.53,122.97,3.58,0,Closed 0 worst trades
2026.02.16 12:26:24,410038624,Magic_251101,CRITICAL_TRIM,127.53,122.97,3.58,0,Closed 0 worst trades
2026.02.16 12:26:24,410038624,Magic_251101,CRITICAL_TRIM,127.53,122.97,3.58,0,Closed 0 worst trades
2026.02.16 12:26:24,410038624,Magic_251101,CRITICAL_TRIM,127.53,122.97,3.58,0,Closed 0 worst trades
2026.02.16 12:26:24,410038624,Magic_251101,CRITICAL_TRIM,127.53,122.97,3.58,0,Closed 0 worst trades
2026.02.16 12:26:25,410038624,Magic_251101,CRITICAL_TRIM,127.53,122.97,3.58,0,Closed 0 worst trades
2026.02.16 12:26:25,410038624,Magic_251101,CRITICAL_TRIM,127.53,122.97,3.58,0,Closed 0 worst trades
2026.02.16 12:26:25,410038624,Magic_251101,CRITICAL_TRIM,127.53,122.97,3.58,0,Closed 0 worst trades
2026.02.16 12:26:25,410038624,Magic_251101,CRITICAL_TRIM,127.53,122.97,3.58,0,Closed 0 worst trades
2026.02.16 12:26:26,410038624,Magic_251101,CRITICAL_TRIM,127.53,122.97,3.58,0,Closed 0 worst trades
2026.02.16 12:26:26,410038624,Magic_251101,CRITICAL_TRIM,127.53,122.97,3.58,0,Closed 0 worst trades
2026.02.16 12:26:26,410038624,Magic_251101,CRITICAL_TRIM,127.53,122.97,3.58,0,Closed 0 worst trades
2026.02.16 12:26:26,410038624,Magic_251101,CRITICAL_TRIM,127.53,122.97,3.58,0,Closed 0 worst trades
2026.02.16 12:26:27,410038624,Magic_251101,CRITICAL_TRIM,127.53,122.97,3.58,0,Closed 0 worst trades
2026.02.16 12:26:27,410038624,Magic_251101,CRITICAL_TRIM,127.53,122.97,3.58,0,Closed 0 worst trades
2026.02.16 12:26:28,410038624,Magic_251101,CRITICAL_TRIM,127.53,122.97,3.58,0,Closed 0 worst trades
2026.02.16 12:26:28,410038624,Magic_251101,CRITICAL_TRIM,127.53,122.97,3.58,0,Closed 0 worst trades
2026.02.16 12:26:28,410038624,Magic_251101,CRITICAL_TRIM,127.53,122.97,3.58,0,Closed 0 worst trades
2026.02.16 12:26:29,410038624,Magic_251101,CRITICAL_TRIM,127.53,122.97,3.58,0,Closed 0 worst trades
2026.02.16 12:26:30,410038624,Magic_251101,CRITICAL_TRIM,127.53,122.97,3.58,0,Closed 0 worst trades
2026.02.16 12:26:30,410038624,Magic_251101,CRITICAL_TRIM,127.53,122.97,3.58,0,Closed 0 worst trades
2026.02.16 12:26:30,410038624,Magic_251101,CRITICAL_TRIM,127.53,122.97,3.58,0,Closed 0 worst trades
2026.02.16 12:26:31,410038624,Magic_251101,CRITICAL_TRIM,127.53,122.97,3.58,0,Closed 0 worst trades
2026.02.16 12:26:31,410038624,Magic_251101,CRITICAL_TRIM,127.53,122.97,3.58,0,Closed 0 worst trades
2026.02.16 12:26:31,410038624,Magic_251101,CRITICAL_TRIM,127.53,122.97,3.58,0,Closed 0 worst trades
2026.02.16 12:26:31,410038624,Magic_251101,CRITICAL_TRIM,127.53,122.97,3.58,0,Closed 0 worst trades
2026.02.16 12:26:32,410038624,Magic_251101,CRITICAL_TRIM,127.53,122.97,3.58,0,Closed 0 worst trades
2026.02.16 12:26:32,410038624,Magic_251101,CRITICAL_TRIM,127.53,122.97,3.58,0,Closed 0 worst trades
2026.02.16 12:26:32,410038624,Magic_251101,CRITICAL_TRIM,127.53,122.97,3.58,0,Closed 0 worst trades
2026.02.16 12:26:32,410038624,Magic_251101,CRITICAL_TRIM,127.53,122.97,3.58,0,Closed 0 worst trades
2026.02.16 12:26:33,410038624,Magic_251101,CRITICAL_TRIM,127.53,122.97,3.58,0,Closed 0 worst trades
2026.02.16 12:26:33,410038624,Magic_251101,CRITICAL_TRIM,127.53,122.97,3.58,0,Closed 0 worst trades
2026.02.16 12:26:33,410038624,Magic_251101,CRITICAL_TRIM,127.53,122.97,3.58,0,Closed 0 worst trades
2026.02.16 12:26:33,410038624,Magic_251101,CRITICAL_TRIM,127.53,122.97,3.58,0,Closed 0 worst trades
2026.02.16 12:26:34,410038624,Magic_251101,CRITICAL_TRIM,127.53,122.97,3.58,0,Closed 0 worst trades
2026.02.16 12:26:34,410038624,Magic_251101,CRITICAL_TRIM,127.53,122.97,3.58,0,Closed 0 worst trades
2026.02.16 12:26:34,410038624,Magic_251101,CRITICAL_TRIM,127.53,122.97,3.58,0,Closed 0 worst trades
2026.02.16 12:26:34,410038624,Magic_251101,CRITICAL_TRIM,127.53,122.97,3.58,0,Closed 0 worst trades
2026.02.16 12:26:35,410038624,Magic_251101,CRITICAL_TRIM,127.53,122.97,3.58,0,Closed 0 worst trades
2026.02.16 12:26:35,410038624,Magic_251101,CRITICAL_TRIM,127.53,122.97,3.58,0,Closed 0 worst trades
2026.02.16 12:26:36,410038624,Magic_251101,CRITICAL_TRIM,127.53,122.97,3.58,0,Closed 0 worst trades
2026.02.16 12:26:36,410038624,Magic_251101,CRITICAL_TRIM,127.53,122.97,3.58,0,Closed 0 worst trades
2026.02.16 12:26:36,410038624,Magic_251101,CRITICAL_TRIM,127.53,122.97,3.58,0,Closed 0 worst trades
2026.02.16 12:26:36,410038624,Magic_251101,CRITICAL_TRIM,127.53,122.97,3.58,0,Closed 0 worst trades
2026.02.16 12:26:36,410038624,Magic_251101,CRITICAL_TRIM,127.53,122.97,3.58,0,Closed 0 worst trades
2026.02.16 12:26:37,410038624,Magic_251101,CRITICAL_TRIM,127.53,122.97,3.58,0,Closed 0 worst trades
2026.02.16 12:26:37,410038624,Magic_251101,CRITICAL_TRIM,127.53,122.97,3.58,0,Closed 0 worst trades
2026.02.16 12:26:37,410038624,Magic_251101,CRITICAL_TRIM,127.53,122.97,3.58,0,Closed 0 worst trades
2026.02.16 12:26:38,410038624,Magic_251101,CRITICAL_TRIM,127.53,122.97,3.58,0,Closed 0 worst trades
2026.02.16 12:26:38,410038624,Magic_251101,CRITICAL_TRIM,127.53,122.97,3.58,0,Closed 0 worst trades
2026.02.16 12:26:38,410038624,Magic_251101,CRITICAL_TRIM,127.53,122.97,3.58,0,Closed 0 worst trades
2026.02.16 12:26:38,410038624,Magic_251101,CRITICAL_TRIM,127.53,122.97,3.58,0,Closed 0 worst trades
2026.02.16 12:26:38,410038624,Magic_251101,CRITICAL_TRIM,127.53,122.97,3.58,0,Closed 0 worst trades
2026.02.16 12:26:38,410038624,Magic_251101,CRITICAL_TRIM,127.53,122.97,3.58,0,Closed 0 worst trades
2026.02.16 12:26:38,410038624,Magic_251101,CRITICAL_TRIM,127.53,122.97,3.58,0,Closed 0 worst trades
2026.02.16 12:26:39,410038624,Magic_251101,CRITICAL_TRIM,127.53,122.97,3.58,0,Closed 0 worst trades
2026.02.16 12:26:39,410038624,Magic_251101,CRITICAL_TRIM,127.53,122.97,3.58,0,Closed 0 worst trades
2026.02.16 12:26:39,410038624,Magic_251101,CRITICAL_TRIM,127.53,122.97,3.58,0,Closed 0 worst trades
2026.02.16 12:26:39,410038624,Magic_251101,CRITICAL_TRIM,127.53,122.97,3.58,0,Closed 0 worst trades
2026.02.16 12:26:40,410038624,Magic_251101,CRITICAL_TRIM,127.53,122.97,3.58,0,Closed 0 worst trades
2026.02.16 12:26:40,410038624,Magic_251101,CRITICAL_TRIM,127.53,122.97,3.58,0,Closed 0 worst trades
2026.02.16 12:26:41,410038624,Magic_251101,CRITICAL_TRIM,127.53,122.97,3.58,0,Closed 0 worst trades
2026.02.16 12:26:42,410038624,Magic_251101,CRITICAL_TRIM,127.53,122.97,3.58,0,Closed 0 worst trades
2026.02.16 12:26:42,410038624,Magic_251101,CRITICAL_TRIM,127.53,122.97,3.58,0,Closed 0 worst trades
2026.02.16 12:26:42,410038624,Magic_251101,CRITICAL_TRIM,127.53,122.97,3.58,0,Closed 0 worst trades
2026.02.16 12:26:42,410038624,Magic_251101,CRITICAL_TRIM,127.53,122.97,3.58,0,Closed 0 worst trades
2026.02.16 12:26:42,410038624,Magic_251101,CRITICAL_TRIM,127.53,122.97,3.58,0,Closed 0 worst trades
2026.02.16 12:26:42,410038624,Magic_251101,CRITICAL_TRIM,127.53,122.97,3.58,0,Closed 0 worst trades
2026.02.16 12:26:42,410038624,Magic_251101,CRITICAL_TRIM,127.53,122.97,3.58,0,Closed 0 worst trades
2026.02.16 12:26:42,410038624,Magic_251101,CRITICAL_TRIM,127.53,122.97,3.58,0,Closed 0 worst trades
2026.02.16 12:26:43,410038624,Magic_251101,CRITICAL_TRIM,127.53,122.97,3.58,0,Closed 0 worst trades
2026.02.16 12:26:43,410038624,Magic_251101,CRITICAL_TRIM,127.53,122.97,3.58,0,Closed 0 worst trades
2026.02.16 12:26:43,410038624,Magic_251101,CRITICAL_TRIM,127.53,122.97,3.58,0,Closed 0 worst trades
2026.02.16 12:26:43,410038624,Magic_251101,CRITICAL_TRIM,127.53,122.97,3.58,0,Closed 0 worst trades
2026.02.16 12:26:43,410038624,Magic_251101,CRITICAL_TRIM,127.53,122.97,3.58,0,Closed 0 worst trades
2026.02.16 12:26:43,410038624,Magic_251101,CRITICAL_TRIM,127.53,122.97,3.58,0,Closed 0 worst trades
2026.02.16 12:26:43,410038624,Magic_251101,CRITICAL_TRIM,127.53,122.97,3.58,0,Closed 0 worst trades
2026.02.16 12:26:43,410038624,Magic_251101,CRITICAL_TRIM,127.53,122.97,3.58,0,Closed 0 worst trades
2026.02.16 12:26:44,410038624,Magic_251101,CRITICAL_TRIM,127.53,122.97,3.58,0,Closed 0 worst trades
2026.02.16 12:26:44,410038624,Magic_251101,CRITICAL_TRIM,127.53,122.97,3.58,0,Closed 0 worst trades
2026.02.16 12:26:44,410038624,Magic_251101,CRITICAL_TRIM,127.53,122.97,3.58,0,Closed 0 worst trades
2026.02.16 12:26:44,410038624,Magic_251101,CRITICAL_TRIM,127.53,122.97,3.58,0,Closed 0 worst trades
2026.02.16 12:26:44,410038624,Magic_251101,CRITICAL_TRIM,127.53,122.97,3.58,0,Closed 0 worst trades
2026.02.16 12:26:44,410038624,Magic_251101,CRITICAL_TRIM,127.53,122.97,3.58,0,Closed 0 worst trades
2026.02.16 12:26:45,410038624,Magic_251101,CRITICAL_TRIM,127.53,122.97,3.58,0,Closed 0 worst trades
2026.02.16 12:26:45,410038624,Magic_251101,CRITICAL_TRIM,127.53,122.97,3.58,0,Closed 0 worst trades
2026.02.16 12:26:45,410038624,Magic_251101,CRITICAL_TRIM,127.53,122.97,3.58,0,Closed 0 worst trades
2026.02.16 12:26:45,410038624,Magic_251101,CRITICAL_TRIM,127.53,122.97,3.58,0,Closed 0 worst trades
2026.02.16 12:26:45,410038624,Magic_251101,CRITICAL_TRIM,127.53,122.97,3.58,0,Closed 0 worst trades
2026.02.16 12:26:45,410038624,Magic_251101,CRITICAL_TRIM,127.53,122.97,3.58,0,Closed 0 worst trades
2026.02.16 12:26:46,410038624,Magic_251101,CRITICAL_TRIM,127.53,122.97,3.58,0,Closed 0 worst trades
2026.02.16 12:26:46,410038624,Magic_251101,CRITICAL_TRIM,127.53,122.97,3.58,0,Closed 0 worst trades
2026.02.16 12:26:46,410038624,Magic_251101,CRITICAL_TRIM,127.53,122.97,3.58,0,Closed 0 worst trades
2026.02.16 12:26:46,410038624,Magic_251101,CRITICAL_TRIM,127.53,122.97,3.58,0,Closed 0 worst trades
2026.02.16 12:26:46,410038624,Magic_251101,CRITICAL_TRIM,127.53,122.97,3.58,0,Closed 0 worst trades
2026.02.16 12:26:46,410038624,Magic_251101,CRITICAL_TRIM,127.53,122.97,3.58,0,Closed 0 worst trades
2026.02.16 12:26:46,410038624,Magic_251101,CRITICAL_TRIM,127.53,122.97,3.58,0,Closed 0 worst trades
2026.02.16 12:26:46,410038624,Magic_251101,CRITICAL_TRIM,127.53,122.97,3.58,0,Closed 0 worst trades
2026.02.16 12:26:46,410038624,Magic_251101,CRITICAL_TRIM,127.53,122.97,3.58,0,Closed 0 worst trades
2026.02.16 12:26:47,410038624,Magic_251101,CRITICAL_TRIM,127.53,122.97,3.58,0,Closed 0 worst trades
2026.02.16 12:26:47,410038624,Magic_251101,CRITICAL_TRIM,127.53,122.97,3.58,0,Closed 0 worst trades
2026.02.16 12:26:47,410038624,Magic_251101,CRITICAL_TRIM,127.53,122.97,3.58,0,Closed 0 worst trades
2026.02.16 12:26:47,410038624,Magic_251101,CRITICAL_TRIM,127.53,122.97,3.58,0,Closed 0 worst trades
2026.02.16 12:26:47,410038624,Magic_251101,CRITICAL_TRIM,127.53,122.97,3.58,0,Closed 0 worst trades
2026.02.16 12:26:47,410038624,Magic_251101,CRITICAL_TRIM,127.53,122.97,3.58,0,Closed 0 worst trades
2026.02.16 12:26:48,410038624,Magic_251101,CRITICAL_TRIM,127.53,122.97,3.58,0,Closed 0 worst trades
2026.02.16 12:26:48,410038624,Magic_251101,CRITICAL_TRIM,127.53,122.97,3.58,0,Closed 0 worst trades
2026.02.16 12:26:48,410038624,Magic_251101,CRITICAL_TRIM,127.53,122.97,3.58,0,Closed 0 worst trades
2026.02.16 12:26:48,410038624,Magic_251101,CRITICAL_TRIM,127.53,122.97,3.58,0,Closed 0 worst trades
2026.02.16 12:26:48,410038624,Magic_251101,CRITICAL_TRIM,127.53,122.97,3.58,0,Closed 0 worst trades
2026.02.16 12:26:48,410038624,Magic_251101,CRITICAL_TRIM,127.53,122.97,3.58,0,Closed 0 worst trades
2026.02.16 12:26:48,410038624,Magic_251101,CRITICAL_TRIM,127.53,122.97,3.58,0,Closed 0 worst trades
2026.02.16 12:26:48,410038624,Magic_251101,CRITICAL_TRIM,127.53,122.97,3.58,0,Closed 0 worst trades
2026.02.16 12:26:49,410038624,Magic_251101,CRITICAL_TRIM,127.53,122.97,3.58,0,Closed 0 worst trades
2026.02.16 12:26:49,410038624,Magic_251101,CRITICAL_TRIM,127.53,122.97,3.58,0,Closed 0 worst trades
2026.02.16 12:26:49,410038624,Magic_251101,CRITICAL_TRIM,127.53,122.97,3.58,0,Closed 0 worst trades
2026.02.16 12:26:49,410038624,Magic_251101,CRITICAL_TRIM,127.53,122.97,3.58,0,Closed 0 worst trades
2026.02.16 12:26:49,410038624,Magic_251101,CRITICAL_TRIM,127.53,122.97,3.58,0,Closed 0 worst trades
2026.02.16 12:26:50,410038624,Magic_251101,CRITICAL_TRIM,127.53,122.97,3.58,0,Closed 0 worst trades
2026.02.16 12:26:50,410038624,Magic_251101,CRITICAL_TRIM,127.53,122.97,3.58,0,Closed 0 worst trades
2026.02.16 12:26:50,410038624,Magic_251101,CRITICAL_TRIM,127.53,122.97,3.58,0,Closed 0 worst trades
2026.02.16 12:26:50,410038624,Magic_251101,CRITICAL_TRIM,127.53,122.97,3.58,0,Closed 0 worst trades
2026.02.16 12:26:50,410038624,Magic_251101,CRITICAL_TRIM,127.53,122.97,3.58,0,Closed 0 worst trades
2026.02.16 12:26:50,410038624,Magic_251101,CRITICAL_TRIM,127.53,122.97,3.58,0,Closed 0 worst trades
2026.02.16 12:26:50,410038624,Magic_251101,CRITICAL_TRIM,127.53,122.97,3.58,0,Closed 0 worst trades
2026.02.16 12:26:51,410038624,Magic_251101,CRITICAL_TRIM,127.53,122.97,3.58,0,Closed 0 worst trades
2026.02.16 12:26:51,410038624,Magic_251101,CRITICAL_TRIM,127.53,122.97,3.58,0,Closed 0 worst trades
2026.02.16 12:26:51,410038624,Magic_251101,CRITICAL_TRIM,127.53,122.97,3.58,0,Closed 0 worst trades
2026.02.16 12:26:51,410038624,Magic_251101,CRITICAL_TRIM,127.53,122.97,3.58,0,Closed 0 worst trades
2026.02.16 12:26:51,410038624,Magic_251101,CRITICAL_TRIM,127.53,122.97,3.58,0,Closed 0 worst trades
2026.02.16 12:26:51,410038624,Magic_251101,CRITICAL_TRIM,127.53,122.97,3.58,0,Closed 0 worst trades
2026.02.16 12:26:52,410038624,Magic_251101,CRITICAL_TRIM,127.53,122.97,3.58,0,Closed 0 worst trades
2026.02.16 12:26:52,410038624,Magic_251101,CRITICAL_TRIM,127.53,122.97,3.58,0,Closed 0 worst trades
2026.02.16 12:26:52,410038624,Magic_251101,CRITICAL_TRIM,127.53,122.97,3.58,0,Closed 0 worst trades
2026.02.16 12:26:52,410038624,Magic_251101,CRITICAL_TRIM,127.53,122.97,3.58,0,Closed 0 worst trades
2026.02.16 12:26:52,410038624,Magic_251101,CRITICAL_TRIM,127.53,122.97,3.58,0,Closed 0 worst trades
2026.02.16 12:26:52,410038624,Magic_251101,CRITICAL_TRIM,127.53,122.97,3.58,0,Closed 0 worst trades
2026.02.16 12:26:53,410038624,Magic_251101,CRITICAL_TRIM,127.53,122.97,3.58,0,Closed 0 worst trades
2026.02.16 12:26:53,410038624,Magic_251101,CRITICAL_TRIM,127.53,122.97,3.58,0,Closed 0 worst trades
2026.02.16 12:26:53,410038624,Magic_251101,CRITICAL_TRIM,127.53,122.97,3.58,0,Closed 0 worst trades
2026.02.16 12:26:53,410038624,Magic_251101,CRITICAL_TRIM,127.53,122.97,3.58,0,Closed 0 worst trades
2026.02.16 12:26:53,410038624,Magic_251101,CRITICAL_TRIM,127.53,122.97,3.58,0,Closed 0 worst trades
2026.02.16 12:26:54,410038624,Magic_251101,CRITICAL_TRIM,127.53,122.97,3.58,0,Closed 0 worst trades
2026.02.16 12:26:54,410038624,Magic_251101,CRITICAL_TRIM,127.53,122.97,3.58,0,Closed 0 worst trades
2026.02.16 12:26:54,410038624,Magic_251101,CRITICAL_TRIM,127.53,122.97,3.58,0,Closed 0 worst trades
2026.02.16 12:26:54,410038624,Magic_251101,CRITICAL_TRIM,127.53,122.97,3.58,0,Closed 0 worst trades
2026.02.16 12:26:54,410038624,Magic_251101,CRITICAL_TRIM,127.53,122.97,3.58,0,Closed 0 worst trades
2026.02.16 12:26:54,410038624,Magic_251101,CRITICAL_TRIM,127.53,122.97,3.58,0,Closed 0 worst trades
2026.02.16 12:26:55,410038624,Magic_251101,CRITICAL_TRIM,127.53,122.97,3.58,0,Closed 0 worst trades
2026.02.16 12:26:55,410038624,Magic_251101,CRITICAL_TRIM,127.53,122.97,3.58,0,Closed 0 worst trades
2026.02.16 12:26:55,410038624,Magic_251101,CRITICAL_TRIM,127.53,122.97,3.58,0,Closed 0 worst trades
2026.02.16 12:26:55,410038624,Magic_251101,CRITICAL_TRIM,127.53,122.97,3.58,0,Closed 0 worst trades
2026.02.16 12:26:55,410038624,Magic_251101,CRITICAL_TRIM,127.53,122.97,3.58,0,Closed 0 worst trades
2026.02.16 12:26:55,410038624,Magic_251101,CRITICAL_TRIM,127.53,122.97,3.58,0,Closed 0 worst trades
2026.02.16 12:26:56,410038624,Magic_251101,CRITICAL_TRIM,127.53,122.97,3.58,0,Closed 0 worst trades
2026.02.16 12:26:56,410038624,Magic_251101,CRITICAL_TRIM,127.53,122.97,3.58,0,Closed 0 worst trades
2026.02.16 12:26:56,410038624,Magic_251101,CRITICAL_TRIM,127.53,122.97,3.58,0,Closed 0 worst trades
2026.02.16 12:26:56,410038624,Magic_251101,CRITICAL_TRIM,127.53,122.97,3.58,0,Closed 0 worst trades
2026.02.16 12:26:56,410038624,Magic_251101,CRITICAL_TRIM,127.53,122.97,3.58,0,Closed 0 worst trades
2026.02.16 12:26:56,410038624,Magic_251101,CRITICAL_TRIM,127.53,122.97,3.58,0,Closed 0 worst trades
2026.02.16 12:26:56,410038624,Magic_251101,CRITICAL_TRIM,127.53,122.97,3.58,0,Closed 0 worst trades
2026.02.16 12:26:56,410038624,Magic_251101,CRITICAL_TRIM,127.53,122.97,3.58,0,Closed 0 worst trades
2026.02.16 12:26:57,410038624,Magic_251101,CRITICAL_TRIM,127.53,122.97,3.58,0,Closed 0 worst trades
2026.02.16 12:26:57,410038624,Magic_251101,CRITICAL_TRIM,127.53,122.97,3.58,0,Closed 0 worst trades
2026.02.16 12:26:57,410038624,Magic_251101,CRITICAL_TRIM,127.53,122.97,3.58,0,Closed 0 worst trades
2026.02.16 12:26:57,410038624,Magic_251101,CRITICAL_TRIM,127.53,122.97,3.58,0,Closed 0 worst trades
2026.02.16 12:26:57,410038624,Magic_251101,CRITICAL_TRIM,127.53,122.97,3.58,0,Closed 0 worst trades
2026.02.16 12:26:57,410038624,Magic_251101,CRITICAL_TRIM,127.53,122.97,3.58,0,Closed 0 worst trades
2026.02.16 12:26:58,410038624,Magic_251101,CRITICAL_TRIM,127.53,122.97,3.58,0,Closed 0 worst trades
2026.02.16 12:26:58,410038624,Magic_251101,CRITICAL_TRIM,127.53,122.97,3.58,0,Closed 0 worst trades
2026.02.16 12:26:58,410038624,Magic_251101,CRITICAL_TRIM,127.53,122.97,3.58,0,Closed 0 worst trades
2026.02.16 12:26:58,410038624,Magic_251101,CRITICAL_TRIM,127.53,122.97,3.58,0,Closed 0 worst trades
2026.02.16 12:26:58,410038624,Magic_251101,CRITICAL_TRIM,127.53,122.97,3.58,0,Closed 0 worst trades
2026.02.16 12:26:59,410038624,Magic_251101,CRITICAL_TRIM,127.53,122.97,3.58,0,Closed 0 worst trades
2026.02.16 12:26:59,410038624,Magic_251101,CRITICAL_TRIM,127.53,122.97,3.58,0,Closed 0 worst trades
2026.02.16 12:26:59,410038624,Magic_251101,CRITICAL_TRIM,127.53,122.97,3.58,0,Closed 0 worst trades
2026.02.16 12:26:59,410038624,Magic_251101,CRITICAL_TRIM,127.53,122.97,3.58,0,Closed 0 worst trades
2026.02.16 12:26:59,410038624,Magic_251101,CRITICAL_TRIM,127.53,122.97,3.58,0,Closed 0 worst trades
2026.02.16 12:26:59,410038624,Magic_251101,CRITICAL_TRIM,127.53,122.97,3.58,0,Closed 0 worst trades
2026.02.16 12:26:59,410038624,Magic_251101,CRITICAL_TRIM,127.53,122.97,3.58,0,Closed 0 worst trades
2026.02.16 12:26:59,410038624,Magic_251101,CRITICAL_TRIM,127.53,122.97,3.58,0,Closed 0 worst trades
2026.02.16 12:26:59,410038624,Magic_251101,CRITICAL_TRIM,127.53,122.97,3.58,0,Closed 0 worst trades
2026.02.16 12:26:59,410038624,Magic_251101,CRITICAL_TRIM,127.53,122.97,3.58,0,Closed 0 worst trades
2026.02.16 12:27:00,410038624,Magic_251101,CRITICAL_TRIM,127.53,122.97,3.58,0,Closed 0 worst trades
2026.02.16 12:27:00,410038624,Magic_251101,CRITICAL_TRIM,127.53,122.97,3.58,0,Closed 0 worst trades
2026.02.16 12:27:00,410038624,Magic_251101,CRITICAL_TRIM,127.53,122.97,3.58,0,Closed 0 worst trades
2026.02.16 12:27:00,410038624,Magic_251101,CRITICAL_TRIM,127.53,122.97,3.58,0,Closed 0 worst trades
2026.02.16 12:27:00,410038624,Magic_251101,CRITICAL_TRIM,127.53,122.97,3.58,0,Closed 0 worst trades
2026.02.16 12:27:00,410038624,Magic_251101,CRITICAL_TRIM,127.53,122.97,3.58,0,Closed 0 worst trades
2026.02.16 12:27:01,410038624,Magic_251101,CRITICAL_TRIM,127.53,122.97,3.58,0,Closed 0 worst trades
2026.02.16 12:27:01,410038624,Magic_251101,CRITICAL_TRIM,127.53,122.97,3.58,0,Closed 0 worst trades
2026.02.16 12:27:01,410038624,Magic_251101,CRITICAL_TRIM,127.53,122.97,3.58,0,Closed 0 worst trades
2026.02.16 12:27:01,410038624,Magic_251101,CRITICAL_TRIM,127.53,122.97,3.58,0,Closed 0 worst trades
2026.02.16 12:27:01,410038624,Magic_251101,CRITICAL_TRIM,127.53,122.97,3.58,0,Closed 0 worst trades
2026.02.16 12:27:01,410038624,Magic_251101,CRITICAL_TRIM,127.53,122.97,3.58,0,Closed 0 worst trades
2026.02.16 12:27:01,410038624,Magic_251101,CRITICAL_TRIM,127.53,122.97,3.58,0,Closed 0 worst trades
2026.02.16 12:27:01,410038624,Magic_251101,CRITICAL_TRIM,127.53,122.97,3.58,0,Closed 0 worst trades
2026.02.16 12:27:01,410038624,Magic_251101,CRITICAL_TRIM,127.53,122.97,3.58,0,Closed 0 worst trades
2026.02.16 12:27:02,410038624,Magic_251101,CRITICAL_TRIM,127.53,122.97,3.58,0,Closed 0 worst trades
2026.02.16 12:27:02,410038624,Magic_251101,CRITICAL_TRIM,127.53,122.97,3.58,0,Closed 0 worst trades
2026.02.16 12:27:02,410038624,Magic_251101,CRITICAL_TRIM,127.53,122.97,3.58,0,Closed 0 worst trades
2026.02.16 12:27:02,410038624,Magic_251101,CRITICAL_TRIM,127.53,122.97,3.58,0,Closed 0 worst trades
2026.02.16 12:27:02,410038624,Magic_251101,CRITICAL_TRIM,127.53,122.97,3.58,0,Closed 0 worst trades
2026.02.16 12:27:02,410038624,Magic_251101,CRITICAL_TRIM,127.53,122.97,3.58,0,Closed 0 worst trades
2026.02.16 12:27:02,410038624,Magic_251101,CRITICAL_TRIM,127.53,122.97,3.58,0,Closed 0 worst trades
2026.02.16 12:27:02,410038624,Magic_251101,CRITICAL_TRIM,127.53,122.97,3.58,0,Closed 0 worst trades
2026.02.16 12:27:03,410038624,Magic_251101,CRITICAL_TRIM,127.53,122.97,3.58,0,Closed 0 worst trades
2026.02.16 12:27:03,410038624,Magic_251101,CRITICAL_TRIM,127.53,122.97,3.58,0,Closed 0 worst trades
2026.02.16 12:27:03,410038624,Magic_251101,CRITICAL_TRIM,127.53,122.97,3.58,0,Closed 0 worst trades
2026.02.16 12:27:03,410038624,Magic_251101,CRITICAL_TRIM,127.53,122.97,3.58,0,Closed 0 worst trades
2026.02.16 12:27:03,410038624,Magic_251101,CRITICAL_TRIM,127.53,122.97,3.58,0,Closed 0 worst trades
2026.02.16 12:27:04,410038624,Magic_251101,CRITICAL_TRIM,127.53,122.97,3.58,0,Closed 0 worst trades
2026.02.16 12:27:04,410038624,Magic_251101,CRITICAL_TRIM,127.53,122.97,3.58,0,Closed 0 worst trades
2026.02.16 12:27:04,410038624,Magic_251101,CRITICAL_TRIM,127.53,122.97,3.58,0,Closed 0 worst trades
2026.02.16 12:27:04,410038624,Magic_251101,CRITICAL_TRIM,127.53,122.97,3.58,0,Closed 0 worst trades
2026.02.16 12:27:04,410038624,Magic_251101,CRITICAL_TRIM,127.53,122.97,3.58,0,Closed 0 worst trades
2026.02.16 12:27:04,410038624,Magic_251101,CRITICAL_TRIM,127.53,122.97,3.58,0,Closed 0 worst trades
2026.02.16 12:27:04,410038624,Magic_251101,CRITICAL_TRIM,127.53,122.97,3.58,0,Closed 0 worst trades
2026.02.16 12:27:04,410038624,Magic_251101,CRITICAL_TRIM,127.53,122.97,3.58,0,Closed 0 worst trades
2026.02.16 12:27:05,410038624,Magic_251101,CRITICAL_TRIM,127.53,122.97,3.58,0,Closed 0 worst trades
2026.02.16 12:27:05,410038624,Magic_251101,CRITICAL_TRIM,127.53,122.97,3.58,0,Closed 0 worst trades
2026.02.16 12:27:05,410038624,Magic_251101,CRITICAL_TRIM,127.53,122.97,3.58,0,Closed 0 worst trades
2026.02.16 12:27:05,410038624,Magic_251101,CRITICAL_TRIM,127.53,122.97,3.58,0,Closed 0 worst trades
2026.02.16 12:27:05,410038624,Magic_251101,CRITICAL_TRIM,127.53,122.97,3.58,0,Closed 0 worst trades
2026.02.16 12:27:05,410038624,Magic_251101,CRITICAL_TRIM,127.53,122.97,3.58,0,Closed 0 worst trades
2026.02.16 12:27:06,410038624,Magic_251101,CRITICAL_TRIM,127.53,122.97,3.58,0,Closed 0 worst trades
2026.02.16 12:27:06,410038624,Magic_251101,CRITICAL_TRIM,127.53,122.97,3.58,0,Closed 0 worst trades
2026.02.16 12:27:06,410038624,Magic_251101,CRITICAL_TRIM,127.53,122.97,3.58,0,Closed 0 worst trades
2026.02.16 12:27:06,410038624,Magic_251101,CRITICAL_TRIM,127.53,122.97,3.58,0,Closed 0 worst trades
2026.02.16 12:27:06,410038624,Magic_251101,CRITICAL_TRIM,127.53,122.97,3.58,0,Closed 0 worst trades
2026.02.16 12:27:07,410038624,Magic_251101,CRITICAL_TRIM,127.53,122.97,3.58,0,Closed 0 worst trades
2026.02.16 12:27:07,410038624,Magic_251101,CRITICAL_TRIM,127.53,122.97,3.58,0,Closed 0 worst trades
2026.02.16 12:27:07,410038624,Magic_251101,CRITICAL_TRIM,127.53,122.97,3.58,0,Closed 0 worst trades
2026.02.16 12:27:07,410038624,Magic_251101,CRITICAL_TRIM,127.53,122.97,3.58,0,Closed 0 worst trades
2026.02.16 12:27:07,410038624,Magic_251101,CRITICAL_TRIM,127.53,122.97,3.58,0,Closed 0 worst trades
2026.02.16 12:27:07,410038624,Magic_251101,CRITICAL_TRIM,127.53,122.97,3.58,0,Closed 0 worst trades
2026.02.16 12:27:08,410038624,Magic_251101,CRITICAL_TRIM,127.53,122.97,3.58,0,Closed 0 worst trades
2026.02.16 12:27:08,410038624,Magic_251101,CRITICAL_TRIM,127.53,122.97,3.58,0,Closed 0 worst trades
2026.02.16 12:27:08,410038624,Magic_251101,CRITICAL_TRIM,127.53,122.97,3.58,0,Closed 0 worst trades
2026.02.16 12:27:08,410038624,Magic_251101,CRITICAL_TRIM,127.53,122.97,3.58,0,Closed 0 worst trades
2026.02.16 12:27:11,410038624,Magic_251101,CRITICAL_TRIM,127.53,122.97,3.58,0,Closed 0 worst trades
2026.02.16 12:27:12,410038624,Magic_251101,CRITICAL_TRIM,127.53,122.97,3.58,0,Closed 0 worst trades
2026.02.16 12:27:12,410038624,Magic_251101,CRITICAL_TRIM,127.53,122.97,3.58,0,Closed 0 worst trades
2026.02.16 12:27:12,410038624,Magic_251101,CRITICAL_TRIM,127.53,122.97,3.58,0,Closed 0 worst trades
2026.02.16 12:27:12,410038624,Magic_251101,CRITICAL_TRIM,127.53,122.97,3.58,0,Closed 0 worst trades
2026.02.16 12:27:12,410038624,Magic_251101,CRITICAL_TRIM,127.53,122.97,3.58,0,Closed 0 worst trades
2026.02.16 12:27:12,410038624,Magic_251101,CRITICAL_TRIM,127.53,122.97,3.58,0,Closed 0 worst trades
2026.02.16 12:27:12,410038624,Magic_251101,CRITICAL_TRIM,127.53,122.97,3.58,0,Closed 0 worst trades
2026.02.16 12:27:12,410038624,Magic_251101,CRITICAL_TRIM,127.53,122.97,3.58,0,Closed 0 worst trades
2026.02.16 12:27:12,410038624,Magic_251101,CRITICAL_TRIM,127.53,122.97,3.58,0,Closed 0 worst trades
2026.02.16 12:27:13,410038624,Magic_251101,CRITICAL_TRIM,127.53,122.97,3.58,0,Closed 0 worst trades
2026.02.16 12:27:13,410038624,Magic_251101,CRITICAL_TRIM,127.53,122.97,3.58,0,Closed 0 worst trades
2026.02.16 12:27:13,410038624,Magic_251101,CRITICAL_TRIM,127.53,122.97,3.58,0,Closed 0 worst trades
2026.02.16 12:27:13,410038624,Magic_251101,CRITICAL_TRIM,127.53,122.97,3.58,0,Closed 0 worst trades
2026.02.16 12:27:13,410038624,Magic_251101,CRITICAL_TRIM,127.53,122.97,3.58,0,Closed 0 worst trades
2026.02.16 12:27:13,410038624,Magic_251101,CRITICAL_TRIM,127.53,122.97,3.58,0,Closed 0 worst trades
2026.02.16 12:27:14,410038624,Magic_251101,CRITICAL_TRIM,127.53,122.97,3.58,0,Closed 0 worst trades
2026.02.16 12:27:14,410038624,Magic_251101,CRITICAL_TRIM,127.53,122.97,3.58,0,Closed 0 worst trades
2026.02.16 12:27:14,410038624,Magic_251101,CRITICAL_TRIM,127.53,122.97,3.58,0,Closed 0 worst trades
2026.02.16 12:27:14,410038624,Magic_251101,CRITICAL_TRIM,127.53,122.97,3.58,0,Closed 0 worst trades
2026.02.16 12:27:14,410038624,Magic_251101,CRITICAL_TRIM,127.53,122.97,3.58,0,Closed 0 worst trades
2026.02.16 12:27:14,410038624,Magic_251101,CRITICAL_TRIM,127.53,122.97,3.58,0,Closed 0 worst trades
2026.02.16 12:27:14,410038624,Magic_251101,CRITICAL_TRIM,127.53,122.97,3.58,0,Closed 0 worst trades
2026.02.16 12:27:15,410038624,Magic_251101,CRITICAL_TRIM,127.53,122.97,3.58,0,Closed 0 worst trades
2026.02.16 12:27:15,410038624,Magic_251101,CRITICAL_TRIM,127.53,122.97,3.58,0,Closed 0 worst trades
2026.02.16 12:27:15,410038624,Magic_251101,CRITICAL_TRIM,127.53,122.97,3.58,0,Closed 0 worst trades
2026.02.16 12:27:15,410038624,Magic_251101,CRITICAL_TRIM,127.53,122.97,3.58,0,Closed 0 worst trades
2026.02.16 12:27:15,410038624,Magic_251101,CRITICAL_TRIM,127.53,122.97,3.58,0,Closed 0 worst trades
2026.02.16 12:27:15,410038624,Magic_251101,CRITICAL_TRIM,127.53,122.97,3.58,0,Closed 0 worst trades
2026.02.16 12:27:16,410038624,Magic_251101,CRITICAL_TRIM,127.53,122.97,3.58,0,Closed 0 worst trades
2026.02.16 12:27:16,410038624,Magic_251101,CRITICAL_TRIM,127.53,122.97,3.58,0,Closed 0 worst trades
2026.02.16 12:27:16,410038624,Magic_251101,CRITICAL_TRIM,127.53,122.97,3.58,0,Closed 0 worst trades
2026.02.16 12:27:16,410038624,Magic_251101,CRITICAL_TRIM,127.53,122.97,3.58,0,Closed 0 worst trades
2026.02.16 12:27:16,410038624,Magic_251101,CRITICAL_TRIM,127.53,122.97,3.58,0,Closed 0 worst trades
2026.02.16 12:27:16,410038624,Magic_251101,CRITICAL_TRIM,127.53,122.97,3.58,0,Closed 0 worst trades
2026.02.16 12:27:17,410038624,Magic_251101,CRITICAL_TRIM,127.53,122.97,3.58,0,Closed 0 worst trades
2026.02.16 12:27:17,410038624,Magic_251101,CRITICAL_TRIM,127.53,122.97,3.58,0,Closed 0 worst trades
2026.02.16 12:27:17,410038624,Magic_251101,CRITICAL_TRIM,127.53,122.97,3.58,0,Closed 0 worst trades
2026.02.16 12:27:17,410038624,Magic_251101,CRITICAL_TRIM,127.53,122.97,3.58,0,Closed 0 worst trades
2026.02.16 12:27:17,410038624,Magic_251101,CRITICAL_TRIM,127.53,122.97,3.58,0,Closed 0 worst trades
2026.02.16 12:27:17,410038624,Magic_251101,CRITICAL_TRIM,127.53,122.97,3.58,0,Closed 0 worst trades
2026.02.16 12:27:17,410038624,Magic_251101,CRITICAL_TRIM,127.53,122.97,3.58,0,Closed 0 worst trades
2026.02.16 12:27:17,410038624,Magic_251101,CRITICAL_TRIM,127.53,122.97,3.58,0,Closed 0 worst trades
2026.02.16 12:27:18,410038624,Magic_251101,CRITICAL_TRIM,127.53,122.97,3.58,0,Closed 0 worst trades
2026.02.16 12:27:18,410038624,Magic_251101,CRITICAL_TRIM,127.53,122.97,3.58,0,Closed 0 worst trades
2026.02.16 12:27:18,410038624,Magic_251101,CRITICAL_TRIM,127.53,122.97,3.58,0,Closed 0 worst trades
2026.02.16 12:27:18,410038624,Magic_251101,CRITICAL_TRIM,127.53,122.97,3.58,0,Closed 0 worst trades
2026.02.16 12:27:18,410038624,Magic_251101,CRITICAL_TRIM,127.53,122.97,3.58,0,Closed 0 worst trades
2026.02.16 12:27:18,410038624,Magic_251101,CRITICAL_TRIM,127.53,122.97,3.58,0,Closed 0 worst trades
2026.02.16 12:27:18,410038624,Magic_251101,CRITICAL_TRIM,127.53,122.97,3.58,0,Closed 0 worst trades
2026.02.16 12:27:18,410038624,Magic_251101,CRITICAL_TRIM,127.53,122.97,3.58,0,Closed 0 worst trades
2026.02.16 12:27:19,410038624,Magic_251101,CRITICAL_TRIM,127.53,122.97,3.58,0,Closed 0 worst trades
2026.02.16 12:27:19,410038624,Magic_251101,CRITICAL_TRIM,127.53,122.97,3.58,0,Closed 0 worst trades
2026.02.16 12:27:19,410038624,Magic_251101,CRITICAL_TRIM,127.53,122.97,3.58,0,Closed 0 worst trades
2026.02.16 12:27:19,410038624,Magic_251101,CRITICAL_TRIM,127.53,122.97,3.58,0,Closed 0 worst trades
2026.02.16 12:27:19,410038624,Magic_251101,CRITICAL_TRIM,127.53,122.97,3.58,0,Closed 0 worst trades
2026.02.16 12:27:20,410038624,Magic_251101,CRITICAL_TRIM,127.53,122.97,3.58,0,Closed 0 worst trades
2026.02.16 12:27:20,410038624,Magic_251101,CRITICAL_TRIM,127.53,122.97,3.58,0,Closed 0 worst trades
2026.02.16 12:27:21,410038624,Magic_251101,CRITICAL_TRIM,127.53,122.97,3.58,0,Closed 0 worst trades
2026.02.16 12:27:21,410038624,Magic_251101,CRITICAL_TRIM,127.53,122.97,3.58,0,Closed 0 worst trades
2026.02.16 12:27:21,410038624,Magic_251101,CRITICAL_TRIM,127.53,122.97,3.58,0,Closed 0 worst trades
2026.02.16 12:27:21,410038624,Magic_251101,CRITICAL_TRIM,127.53,122.97,3.58,0,Closed 0 worst trades
2026.02.16 12:27:21,410038624,Magic_251101,CRITICAL_TRIM,127.53,122.97,3.58,0,Closed 0 worst trades
2026.02.16 12:27:21,410038624,Magic_251101,CRITICAL_TRIM,127.53,122.97,3.58,0,Closed 0 worst trades
2026.02.16 12:27:21,410038624,Magic_251101,CRITICAL_TRIM,127.53,122.97,3.58,0,Closed 0 worst trades
2026.02.16 12:27:21,410038624,Magic_251101,CRITICAL_TRIM,127.53,122.97,3.58,0,Closed 0 worst trades
2026.02.16 12:27:21,410038624,Magic_251101,CRITICAL_TRIM,127.53,122.97,3.58,0,Closed 0 worst trades
2026.02.16 12:27:22,410038624,Magic_251101,CRITICAL_TRIM,127.53,122.97,3.58,0,Closed 0 worst trades
2026.02.16 12:27:22,410038624,Magic_251101,CRITICAL_TRIM,127.53,122.97,3.58,0,Closed 0 worst trades
2026.02.16 12:27:22,410038624,Magic_251101,CRITICAL_TRIM,127.53,122.97,3.58,0,Closed 0 worst trades
2026.02.16 12:27:22,410038624,Magic_251101,CRITICAL_TRIM,127.53,122.97,3.58,0,Closed 0 worst trades
2026.02.16 12:27:22,410038624,Magic_251101,CRITICAL_TRIM,127.53,122.97,3.58,0,Closed 0 worst trades
2026.02.16 12:27:22,410038624,Magic_251101,CRITICAL_TRIM,127.53,122.97,3.58,0,Closed 0 worst trades
2026.02.16 12:27:23,410038624,Magic_251101,CRITICAL_TRIM,127.53,122.97,3.58,0,Closed 0 worst trades
2026.02.16 12:27:23,410038624,Magic_251101,CRITICAL_TRIM,127.53,122.97,3.58,0,Closed 0 worst trades
2026.02.16 12:27:23,410038624,Magic_251101,CRITICAL_TRIM,127.53,122.97,3.58,0,Closed 0 worst trades
2026.02.16 12:27:24,410038624,Magic_251101,CRITICAL_TRIM,127.53,122.97,3.58,0,Closed 0 worst trades
2026.02.16 12:27:24,410038624,Magic_251101,CRITICAL_TRIM,127.53,122.97,3.58,0,Closed 0 worst trades
2026.02.16 12:27:24,410038624,Magic_251101,CRITICAL_TRIM,127.53,122.97,3.58,0,Closed 0 worst trades
2026.02.16 12:27:24,410038624,Magic_251101,CRITICAL_TRIM,127.53,122.97,3.58,0,Closed 0 worst trades
2026.02.16 12:27:25,410038624,Magic_251101,CRITICAL_TRIM,127.53,122.97,3.58,0,Closed 0 worst trades
2026.02.16 12:27:25,410038624,Magic_251101,CRITICAL_TRIM,127.53,122.97,3.58,0,Closed 0 worst trades
2026.02.16 12:27:25,410038624,Magic_251101,CRITICAL_TRIM,127.53,122.97,3.58,0,Closed 0 worst trades
2026.02.16 12:27:25,410038624,Magic_251101,CRITICAL_TRIM,127.53,122.97,3.58,0,Closed 0 worst trades
2026.02.16 12:27:25,410038624,Magic_251101,CRITICAL_TRIM,127.53,122.97,3.58,0,Closed 0 worst trades
2026.02.16 12:27:25,410038624,Magic_251101,CRITICAL_TRIM,127.53,122.97,3.58,0,Closed 0 worst trades
2026.02.16 12:27:26,410038624,Magic_251101,CRITICAL_TRIM,127.53,122.97,3.58,0,Closed 0 worst trades
2026.02.16 12:27:26,410038624,Magic_251101,CRITICAL_TRIM,127.53,122.97,3.58,0,Closed 0 worst trades
2026.02.16 12:27:26,410038624,Magic_251101,CRITICAL_TRIM,127.53,122.97,3.58,0,Closed 0 worst trades
2026.02.16 12:27:26,410038624,Magic_251101,CRITICAL_TRIM,127.53,122.97,3.58,0,Closed 0 worst trades
2026.02.16 12:27:26,410038624,Magic_251101,CRITICAL_TRIM,127.53,122.97,3.58,0,Closed 0 worst trades
2026.02.16 12:27:26,410038624,Magic_251101,CRITICAL_TRIM,127.53,122.97,3.58,0,Closed 0 worst trades
2026.02.16 12:27:26,410038624,Magic_251101,CRITICAL_TRIM,127.53,122.97,3.58,0,Closed 0 worst trades
2026.02.16 12:27:26,410038624,Magic_251101,CRITICAL_TRIM,127.53,122.97,3.58,0,Closed 0 worst trades
2026.02.16 12:27:26,410038624,Magic_251101,CRITICAL_TRIM,127.53,122.97,3.58,0,Closed 0 worst trades
2026.02.16 12:27:27,410038624,Magic_251101,CRITICAL_TRIM,127.53,122.97,3.58,0,Closed 0 worst trades
2026.02.16 12:27:27,410038624,Magic_251101,CRITICAL_TRIM,127.53,122.97,3.58,0,Closed 0 worst trades
2026.02.16 12:27:27,410038624,Magic_251101,CRITICAL_TRIM,127.53,122.97,3.58,0,Closed 0 worst trades
2026.02.16 12:27:27,410038624,Magic_251101,CRITICAL_TRIM,127.53,122.97,3.58,0,Closed 0 worst trades
2026.02.16 12:27:27,410038624,Magic_251101,CRITICAL_TRIM,127.53,122.97,3.58,0,Closed 0 worst trades
2026.02.16 12:27:27,410038624,Magic_251101,CRITICAL_TRIM,127.53,122.97,3.58,0,Closed 0 worst trades
2026.02.16 12:27:28,410038624,Magic_251101,CRITICAL_TRIM,127.53,122.97,3.58,0,Closed 0 worst trades
2026.02.16 12:27:28,410038624,Magic_251101,CRITICAL_TRIM,127.53,122.97,3.58,0,Closed 0 worst trades
2026.02.16 12:27:28,410038624,Magic_251101,CRITICAL_TRIM,127.53,122.97,3.58,0,Closed 0 worst trades
2026.02.16 12:27:28,410038624,Magic_251101,CRITICAL_TRIM,127.53,122.97,3.58,0,Closed 0 worst trades
2026.02.16 12:27:28,410038624,Magic_251101,CRITICAL_TRIM,127.53,122.97,3.58,0,Closed 0 worst trades
2026.02.16 12:27:28,410038624,Magic_251101,CRITICAL_TRIM,127.53,122.97,3.58,0,Closed 0 worst trades
2026.02.16 12:27:28,410038624,Magic_251101,CRITICAL_TRIM,127.53,122.97,3.58,0,Closed 0 worst trades
2026.02.16 12:27:29,410038624,Magic_251101,CRITICAL_TRIM,127.53,122.97,3.58,0,Closed 0 worst trades
2026.02.16 12:27:29,410038624,Magic_251101,CRITICAL_TRIM,127.53,122.97,3.58,0,Closed 0 worst trades
2026.02.16 12:27:29,410038624,Magic_251101,CRITICAL_TRIM,127.53,122.97,3.58,0,Closed 0 worst trades
2026.02.16 12:27:29,410038624,Magic_251101,CRITICAL_TRIM,127.53,122.97,3.58,0,Closed 0 worst trades
2026.02.16 12:27:30,410038624,Magic_251101,CRITICAL_TRIM,127.53,122.97,3.58,0,Closed 0 worst trades
2026.02.16 12:27:30,410038624,Magic_251101,CRITICAL_TRIM,127.53,122.97,3.58,0,Closed 0 worst trades
2026.02.16 12:27:31,410038624,Magic_251101,CRITICAL_TRIM,127.53,122.97,3.58,0,Closed 0 worst trades
2026.02.16 12:27:31,410038624,Magic_251101,CRITICAL_TRIM,127.53,122.97,3.58,0,Closed 0 worst trades
2026.02.16 12:27:31,410038624,Magic_251101,CRITICAL_TRIM,127.53,122.97,3.58,0,Closed 0 worst trades
2026.02.16 12:27:31,410038624,Magic_251101,CRITICAL_TRIM,127.53,122.97,3.58,0,Closed 0 worst trades
2026.02.16 12:27:32,410038624,Magic_251101,CRITICAL_TRIM,127.53,122.97,3.58,0,Closed 0 worst trades
2026.02.16 12:27:32,410038624,Magic_251101,CRITICAL_TRIM,127.53,122.97,3.58,0,Closed 0 worst trades
2026.02.16 12:27:32,410038624,Magic_251101,CRITICAL_TRIM,127.53,122.97,3.58,0,Closed 0 worst trades
2026.02.16 12:27:32,410038624,Magic_251101,CRITICAL_TRIM,127.53,122.97,3.58,0,Closed 0 worst trades
2026.02.16 12:27:32,410038624,Magic_251101,CRITICAL_TRIM,127.53,122.97,3.58,0,Closed 0 worst trades
2026.02.16 12:27:32,410038624,Magic_251101,CRITICAL_TRIM,127.53,122.97,3.58,0,Closed 0 worst trades
2026.02.16 12:27:33,410038624,Magic_251101,CRITICAL_TRIM,127.53,122.97,3.58,0,Closed 0 worst trades
2026.02.16 12:27:33,410038624,Magic_251101,CRITICAL_TRIM,127.53,122.97,3.58,0,Closed 0 worst trades
2026.02.16 12:27:33,410038624,Magic_251101,CRITICAL_TRIM,127.53,122.97,3.58,0,Closed 0 worst trades
2026.02.16 12:27:33,410038624,Magic_251101,CRITICAL_TRIM,127.53,122.97,3.58,0,Closed 0 worst trades
2026.02.16 12:27:33,410038624,Magic_251101,CRITICAL_TRIM,127.53,122.97,3.58,0,Closed 0 worst trades
2026.02.16 12:27:33,410038624,Magic_251101,CRITICAL_TRIM,127.53,122.97,3.58,0,Closed 0 worst trades
2026.02.16 12:27:33,410038624,Magic_251101,CRITICAL_TRIM,127.53,122.97,3.58,0,Closed 0 worst trades
2026.02.16 12:27:33,410038624,Magic_251101,CRITICAL_TRIM,127.53,122.97,3.58,0,Closed 0 worst trades
2026.02.16 12:27:33,410038624,Magic_251101,CRITICAL_TRIM,127.53,122.97,3.58,0,Closed 0 worst trades
2026.02.16 12:27:34,410038624,Magic_251101,CRITICAL_TRIM,127.53,122.97,3.58,0,Closed 0 worst trades
2026.02.16 12:27:34,410038624,Magic_251101,CRITICAL_TRIM,127.53,122.97,3.58,0,Closed 0 worst trades
2026.02.16 12:27:34,410038624,Magic_251101,CRITICAL_TRIM,127.53,122.97,3.58,0,Closed 0 worst trades
2026.02.16 12:27:34,410038624,Magic_251101,CRITICAL_TRIM,127.53,122.97,3.58,0,Closed 0 worst trades
2026.02.16 12:27:34,410038624,Magic_251101,CRITICAL_TRIM,127.53,122.97,3.58,0,Closed 0 worst trades
2026.02.16 12:27:35,410038624,Magic_251101,CRITICAL_TRIM,127.53,122.97,3.58,0,Closed 0 worst trades
2026.02.16 12:27:35,410038624,Magic_251101,CRITICAL_TRIM,127.53,122.97,3.58,0,Closed 0 worst trades
2026.02.16 12:27:35,410038624,Magic_251101,CRITICAL_TRIM,127.53,122.97,3.58,0,Closed 0 worst trades
2026.02.16 12:27:35,410038624,Magic_251101,CRITICAL_TRIM,127.53,122.97,3.58,0,Closed 0 worst trades
2026.02.16 12:27:35,410038624,Magic_251101,CRITICAL_TRIM,127.53,122.97,3.58,0,Closed 0 worst trades
2026.02.16 12:27:35,410038624,Magic_251101,CRITICAL_TRIM,127.53,122.97,3.58,0,Closed 0 worst trades
2026.02.16 12:27:35,410038624,Magic_251101,CRITICAL_TRIM,127.53,122.97,3.58,0,Closed 0 worst trades
2026.02.16 12:27:35,410038624,Magic_251101,CRITICAL_TRIM,127.53,122.97,3.58,0,Closed 0 worst trades
2026.02.16 12:27:35,410038624,Magic_251101,CRITICAL_TRIM,127.53,122.97,3.58,0,Closed 0 worst trades
2026.02.16 12:27:36,410038624,Magic_251101,CRITICAL_TRIM,127.53,122.97,3.58,0,Closed 0 worst trades
2026.02.16 12:27:36,410038624,Magic_251101,CRITICAL_TRIM,127.53,122.97,3.58,0,Closed 0 worst trades
2026.02.16 12:27:36,410038624,Magic_251101,CRITICAL_TRIM,127.53,122.97,3.58,0,Closed 0 worst trades
2026.02.16 12:27:36,410038624,Magic_251101,CRITICAL_TRIM,127.53,122.97,3.58,0,Closed 0 worst trades
2026.02.16 12:27:36,410038624,Magic_251101,CRITICAL_TRIM,127.53,122.97,3.58,0,Closed 0 worst trades
2026.02.16 12:27:36,410038624,Magic_251101,CRITICAL_TRIM,127.53,122.97,3.58,0,Closed 0 worst trades
2026.02.16 12:27:36,410038624,Magic_251101,CRITICAL_TRIM,127.53,122.97,3.58,0,Closed 0 worst trades
2026.02.16 12:27:36,410038624,Magic_251101,CRITICAL_TRIM,127.53,122.97,3.58,0,Closed 0 worst trades
2026.02.16 12:27:37,410038624,Magic_251101,CRITICAL_TRIM,127.53,122.97,3.58,0,Closed 0 worst trades
2026.02.16 12:27:37,410038624,Magic_251101,CRITICAL_TRIM,127.53,122.97,3.58,0,Closed 0 worst trades
2026.02.16 12:27:37,410038624,Magic_251101,CRITICAL_TRIM,127.53,122.97,3.58,0,Closed 0 worst trades
2026.02.16 12:27:37,410038624,Magic_251101,CRITICAL_TRIM,127.53,122.97,3.58,0,Closed 0 worst trades
2026.02.16 12:27:37,410038624,Magic_251101,CRITICAL_TRIM,127.53,122.97,3.58,0,Closed 0 worst trades
2026.02.16 12:27:38,410038624,Magic_251101,CRITICAL_TRIM,127.53,122.97,3.58,0,Closed 0 worst trades
2026.02.16 12:27:38,410038624,Magic_251101,CRITICAL_TRIM,127.53,122.97,3.58,0,Closed 0 worst trades
2026.02.16 12:27:38,410038624,Magic_251101,CRITICAL_TRIM,127.53,122.97,3.58,0,Closed 0 worst trades
2026.02.16 12:27:38,410038624,Magic_251101,CRITICAL_TRIM,127.53,122.97,3.58,0,Closed 0 worst trades
2026.02.16 12:27:39,410038624,Magic_251101,CRITICAL_TRIM,127.53,122.97,3.58,0,Closed 0 worst trades
2026.02.16 12:27:39,410038624,Magic_251101,CRITICAL_TRIM,127.53,122.97,3.58,0,Closed 0 worst trades
2026.02.16 12:27:39,410038624,Magic_251101,CRITICAL_TRIM,127.53,122.97,3.58,0,Closed 0 worst trades
2026.02.16 12:27:40,410038624,Magic_251101,CRITICAL_TRIM,127.53,122.97,3.58,0,Closed 0 worst trades
2026.02.16 12:27:40,410038624,Magic_251101,CRITICAL_TRIM,127.53,122.97,3.58,0,Closed 0 worst trades
2026.02.16 12:27:40,410038624,Magic_251101,CRITICAL_TRIM,127.53,122.97,3.58,0,Closed 0 worst trades
2026.02.16 12:27:40,410038624,Magic_251101,CRITICAL_TRIM,127.53,122.97,3.58,0,Closed 0 worst trades
2026.02.16 12:27:40,410038624,Magic_251101,CRITICAL_TRIM,127.53,122.97,3.58,0,Closed 0 worst trades
2026.02.16 12:27:40,410038624,Magic_251101,CRITICAL_TRIM,127.53,122.97,3.58,0,Closed 0 worst trades
2026.02.16 12:27:42,410038624,Magic_251101,CRITICAL_TRIM,127.53,122.97,3.58,0,Closed 0 worst trades
2026.02.16 12:27:43,410038624,Magic_251101,CRITICAL_TRIM,127.53,122.97,3.58,0,Closed 0 worst trades
2026.02.16 12:27:44,410038624,Magic_251101,CRITICAL_TRIM,127.53,122.97,3.58,0,Closed 0 worst trades
2026.02.16 12:27:44,410038624,Magic_251101,CRITICAL_TRIM,127.53,122.97,3.58,0,Closed 0 worst trades
2026.02.16 12:27:44,410038624,Magic_251101,CRITICAL_TRIM,127.53,122.97,3.58,0,Closed 0 worst trades
2026.02.16 12:27:44,410038624,Magic_251101,CRITICAL_TRIM,127.53,122.97,3.58,0,Closed 0 worst trades
2026.02.16 12:27:45,410038624,Magic_251101,CRITICAL_TRIM,127.53,122.97,3.58,0,Closed 0 worst trades
2026.02.16 12:27:45,410038624,Magic_251101,CRITICAL_TRIM,127.53,122.97,3.58,0,Closed 0 worst trades
2026.02.16 12:27:45,410038624,Magic_251101,CRITICAL_TRIM,127.53,122.97,3.58,0,Closed 0 worst trades
2026.02.16 12:27:45,410038624,Magic_251101,CRITICAL_TRIM,127.53,122.97,3.58,0,Closed 0 worst trades
2026.02.16 12:27:45,410038624,Magic_251101,CRITICAL_TRIM,127.53,122.97,3.58,0,Closed 0 worst trades
2026.02.16 12:27:45,410038624,Magic_251101,CRITICAL_TRIM,127.53,122.97,3.58,0,Closed 0 worst trades
2026.02.16 12:27:46,410038624,Magic_251101,CRITICAL_TRIM,127.53,122.97,3.58,0,Closed 0 worst trades
2026.02.16 12:27:46,410038624,Magic_251101,CRITICAL_TRIM,127.53,122.97,3.58,0,Closed 0 worst trades
2026.02.16 12:27:46,410038624,Magic_251101,CRITICAL_TRIM,127.53,122.97,3.58,0,Closed 0 worst trades
2026.02.16 12:27:48,410038624,Magic_251101,CRITICAL_TRIM,127.53,122.97,3.58,0,Closed 0 worst trades
2026.02.16 12:27:48,410038624,Magic_251101,CRITICAL_TRIM,127.53,122.97,3.58,0,Closed 0 worst trades
2026.02.16 12:27:48,410038624,Magic_251101,CRITICAL_TRIM,127.53,122.97,3.58,0,Closed 0 worst trades
2026.02.16 12:27:48,410038624,Magic_251101,CRITICAL_TRIM,127.53,122.97,3.58,0,Closed 0 worst trades
2026.02.16 12:27:49,410038624,Magic_251101,CRITICAL_TRIM,127.53,122.97,3.58,0,Closed 0 worst trades
2026.02.16 12:27:49,410038624,Magic_251101,CRITICAL_TRIM,127.53,122.97,3.58,0,Closed 0 worst trades
2026.02.16 12:27:49,410038624,Magic_251101,CRITICAL_TRIM,127.53,122.97,3.58,0,Closed 0 worst trades
2026.02.16 12:27:50,410038624,Magic_251101,CRITICAL_TRIM,127.53,122.97,3.58,0,Closed 0 worst trades
2026.02.16 12:27:50,410038624,Magic_251101,CRITICAL_TRIM,127.53,122.97,3.58,0,Closed 0 worst trades
2026.02.16 12:27:50,410038624,Magic_251101,CRITICAL_TRIM,127.53,122.97,3.58,0,Closed 0 worst trades
2026.02.16 12:27:51,410038624,Magic_251101,CRITICAL_TRIM,127.53,122.97,3.58,0,Closed 0 worst trades
2026.02.16 12:27:52,410038624,Magic_251101,CRITICAL_TRIM,127.53,122.97,3.58,0,Closed 0 worst trades
2026.02.16 12:27:52,410038624,Magic_251101,CRITICAL_TRIM,127.53,122.97,3.58,0,Closed 0 worst trades
2026.02.16 12:27:53,410038624,Magic_251101,CRITICAL_TRIM,127.53,122.97,3.58,0,Closed 0 worst trades
2026.02.16 12:27:53,410038624,Magic_251101,CRITICAL_TRIM,127.53,122.97,3.58,0,Closed 0 worst trades
2026.02.16 12:27:53,410038624,Magic_251101,CRITICAL_TRIM,127.53,122.97,3.58,0,Closed 0 worst trades
2026.02.16 12:27:54,410038624,Magic_251101,CRITICAL_TRIM,127.53,122.97,3.58,0,Closed 0 worst trades
2026.02.16 12:27:54,410038624,Magic_251101,CRITICAL_TRIM,127.53,122.97,3.58,0,Closed 0 worst trades
2026.02.16 12:27:54,410038624,Magic_251101,CRITICAL_TRIM,127.53,122.97,3.58,0,Closed 0 worst trades
2026.02.16 12:27:55,410038624,Magic_251101,CRITICAL_TRIM,127.53,122.97,3.58,0,Closed 0 worst trades
2026.02.16 12:27:55,410038624,Magic_251101,CRITICAL_TRIM,127.53,122.97,3.58,0,Closed 0 worst trades
2026.02.16 12:27:55,410038624,Magic_251101,CRITICAL_TRIM,127.53,122.97,3.58,0,Closed 0 worst trades
2026.02.16 12:27:55,410038624,Magic_251101,CRITICAL_TRIM,127.53,122.97,3.58,0,Closed 0 worst trades
2026.02.16 12:27:55,410038624,Magic_251101,CRITICAL_TRIM,127.53,122.97,3.58,0,Closed 0 worst trades
2026.02.16 12:27:55,410038624,Magic_251101,CRITICAL_TRIM,127.53,122.97,3.58,0,Closed 0 worst trades
2026.02.16 12:27:55,410038624,Magic_251101,CRITICAL_TRIM,127.53,122.97,3.58,0,Closed 0 worst trades
2026.02.16 12:27:56,410038624,Magic_251101,CRITICAL_TRIM,127.53,122.97,3.58,0,Closed 0 worst trades
2026.02.16 12:27:57,410038624,Magic_251101,CRITICAL_TRIM,127.53,122.97,3.58,0,Closed 0 worst trades
2026.02.16 12:27:57,410038624,Magic_251101,CRITICAL_TRIM,127.53,122.97,3.58,0,Closed 0 worst trades
2026.02.16 12:27:58,410038624,Magic_251101,CRITICAL_TRIM,127.53,122.97,3.58,0,Closed 0 worst trades
2026.02.16 12:27:58,410038624,Magic_251101,CRITICAL_TRIM,127.53,122.97,3.58,0,Closed 0 worst trades
2026.02.16 12:27:59,410038624,Magic_251101,CRITICAL_TRIM,127.53,122.97,3.58,0,Closed 0 worst trades
2026.02.16 12:27:59,410038624,Magic_251101,CRITICAL_TRIM,127.53,122.97,3.58,0,Closed 0 worst trades
2026.02.16 12:27:59,410038624,Magic_251101,CRITICAL_TRIM,127.53,122.97,3.58,0,Closed 0 worst trades
2026.02.16 12:28:00,410038624,Magic_251101,CRITICAL_TRIM,127.53,122.97,3.58,0,Closed 0 worst trades
2026.02.16 12:28:00,410038624,Magic_251101,CRITICAL_TRIM,127.53,122.97,3.58,0,Closed 0 worst trades
2026.02.16 12:28:00,410038624,Magic_251101,CRITICAL_TRIM,127.53,122.97,3.58,0,Closed 0 worst trades
2026.02.16 12:28:01,410038624,Magic_251101,CRITICAL_TRIM,127.53,122.97,3.58,0,Closed 0 worst trades
2026.02.16 12:28:01,410038624,Magic_251101,CRITICAL_TRIM,127.53,122.97,3.58,0,Closed 0 worst trades
2026.02.16 12:28:01,410038624,Magic_251101,CRITICAL_TRIM,127.53,122.97,3.58,0,Closed 0 worst trades
2026.02.16 12:28:01,410038624,Magic_251101,CRITICAL_TRIM,127.53,122.97,3.58,0,Closed 0 worst trades
2026.02.16 12:28:02,410038624,Magic_251101,CRITICAL_TRIM,127.53,122.97,3.58,0,Closed 0 worst trades
2026.02.16 12:28:02,410038624,Magic_251101,CRITICAL_TRIM,127.53,122.97,3.58,0,Closed 0 worst trades
2026.02.16 12:28:02,410038624,Magic_251101,CRITICAL_TRIM,127.53,122.97,3.58,0,Closed 0 worst trades
2026.02.16 12:28:02,410038624,Magic_251101,CRITICAL_TRIM,127.53,122.97,3.58,0,Closed 0 worst trades
2026.02.16 12:28:02,410038624,Magic_251101,CRITICAL_TRIM,127.53,122.97,3.58,0,Closed 0 worst trades
2026.02.16 12:28:02,410038624,Magic_251101,CRITICAL_TRIM,127.53,122.97,3.58,0,Closed 0 worst trades
2026.02.16 12:28:03,410038624,Magic_251101,CRITICAL_TRIM,127.53,122.97,3.58,0,Closed 0 worst trades
2026.02.16 12:28:03,410038624,Magic_251101,CRITICAL_TRIM,127.53,122.97,3.58,0,Closed 0 worst trades
2026.02.16 12:28:03,410038624,Magic_251101,CRITICAL_TRIM,127.53,122.97,3.58,0,Closed 0 worst trades
2026.02.16 12:28:03,410038624,Magic_251101,CRITICAL_TRIM,127.53,122.97,3.58,0,Closed 0 worst trades
2026.02.16 12:28:03,410038624,Magic_251101,CRITICAL_TRIM,127.53,122.97,3.58,0,Closed 0 worst trades
2026.02.16 12:28:03,410038624,Magic_251101,CRITICAL_TRIM,127.53,122.97,3.58,0,Closed 0 worst trades
2026.02.16 12:28:03,410038624,Magic_251101,CRITICAL_TRIM,127.53,122.97,3.58,0,Closed 0 worst trades
2026.02.16 12:28:04,410038624,Magic_251101,CRITICAL_TRIM,127.53,122.97,3.58,0,Closed 0 worst trades
2026.02.16 12:28:04,410038624,Magic_251101,CRITICAL_TRIM,127.53,122.97,3.58,0,Closed 0 worst trades
2026.02.16 12:28:04,410038624,Magic_251101,CRITICAL_TRIM,127.53,122.97,3.58,0,Closed 0 worst trades
2026.02.16 12:28:04,410038624,Magic_251101,CRITICAL_TRIM,127.53,122.97,3.58,0,Closed 0 worst trades
2026.02.16 12:28:04,410038624,Magic_251101,CRITICAL_TRIM,127.53,122.97,3.58,0,Closed 0 worst trades
2026.02.16 12:28:05,410038624,Magic_251101,CRITICAL_TRIM,127.53,122.97,3.58,0,Closed 0 worst trades
2026.02.16 12:28:05,410038624,Magic_251101,CRITICAL_TRIM,127.53,122.97,3.58,0,Closed 0 worst trades
2026.02.16 12:28:05,410038624,Magic_251101,CRITICAL_TRIM,127.53,122.97,3.58,0,Closed 0 worst trades
2026.02.16 12:28:05,410038624,Magic_251101,CRITICAL_TRIM,127.53,122.97,3.58,0,Closed 0 worst trades
2026.02.16 12:28:05,410038624,Magic_251101,CRITICAL_TRIM,127.53,122.97,3.58,0,Closed 0 worst trades
2026.02.16 12:28:06,410038624,Magic_251101,CRITICAL_TRIM,127.53,122.97,3.58,0,Closed 0 worst trades
2026.02.16 12:28:06,410038624,Magic_251101,CRITICAL_TRIM,127.53,122.97,3.58,0,Closed 0 worst trades
2026.02.16 12:28:06,410038624,Magic_251101,CRITICAL_TRIM,127.53,122.97,3.58,0,Closed 0 worst trades
2026.02.16 12:28:06,410038624,Magic_251101,CRITICAL_TRIM,127.53,122.97,3.58,0,Closed 0 worst trades
2026.02.16 12:28:06,410038624,Magic_251101,CRITICAL_TRIM,127.53,122.97,3.58,0,Closed 0 worst trades
2026.02.16 12:28:06,410038624,Magic_251101,CRITICAL_TRIM,127.53,122.97,3.58,0,Closed 0 worst trades
2026.02.16 12:28:07,410038624,Magic_251101,CRITICAL_TRIM,127.53,122.97,3.58,0,Closed 0 worst trades
2026.02.16 12:28:07,410038624,Magic_251101,CRITICAL_TRIM,127.53,122.97,3.58,0,Closed 0 worst trades
2026.02.16 12:28:07,410038624,Magic_251101,CRITICAL_TRIM,127.53,122.97,3.58,0,Closed 0 worst trades
2026.02.16 12:28:07,410038624,Magic_251101,CRITICAL_TRIM,127.53,122.97,3.58,0,Closed 0 worst trades
2026.02.16 12:28:07,410038624,Magic_251101,CRITICAL_TRIM,127.53,122.97,3.58,0,Closed 0 worst trades
2026.02.16 12:28:08,410038624,Magic_251101,CRITICAL_TRIM,127.53,122.97,3.58,0,Closed 0 worst trades
2026.02.16 12:28:08,410038624,Magic_251101,CRITICAL_TRIM,127.53,122.97,3.58,0,Closed 0 worst trades
2026.02.16 12:28:08,410038624,Magic_251101,CRITICAL_TRIM,127.53,122.97,3.58,0,Closed 0 worst trades
2026.02.16 12:28:08,410038624,Magic_251101,CRITICAL_TRIM,127.53,122.97,3.58,0,Closed 0 worst trades
2026.02.16 12:28:08,410038624,Magic_251101,CRITICAL_TRIM,127.53,122.97,3.58,0,Closed 0 worst trades
2026.02.16 12:28:09,410038624,Magic_251101,CRITICAL_TRIM,127.53,122.97,3.58,0,Closed 0 worst trades
2026.02.16 12:28:10,410038624,Magic_251101,CRITICAL_TRIM,127.53,122.97,3.58,0,Closed 0 worst trades
2026.02.16 12:28:10,410038624,Magic_251101,CRITICAL_TRIM,127.53,122.97,3.58,0,Closed 0 worst trades
2026.02.16 12:28:10,410038624,Magic_251101,CRITICAL_TRIM,127.53,122.97,3.58,0,Closed 0 worst trades
2026.02.16 12:28:10,410038624,Magic_251101,CRITICAL_TRIM,127.53,122.97,3.58,0,Closed 0 worst trades
2026.02.16 12:28:11,410038624,Magic_251101,CRITICAL_TRIM,127.53,122.97,3.58,0,Closed 0 worst trades
2026.02.16 12:28:11,410038624,Magic_251101,CRITICAL_TRIM,127.53,122.97,3.58,0,Closed 0 worst trades
2026.02.16 12:28:11,410038624,Magic_251101,CRITICAL_TRIM,127.53,122.97,3.58,0,Closed 0 worst trades
2026.02.16 12:28:11,410038624,Magic_251101,CRITICAL_TRIM,127.53,122.97,3.58,0,Closed 0 worst trades
2026.02.16 12:28:11,410038624,Magic_251101,CRITICAL_TRIM,127.53,122.97,3.58,0,Closed 0 worst trades
2026.02.16 12:28:12,410038624,Magic_251101,CRITICAL_TRIM,127.53,122.97,3.58,0,Closed 0 worst trades
2026.02.16 12:28:12,410038624,Magic_251101,CRITICAL_TRIM,127.53,122.97,3.58,0,Closed 0 worst trades
2026.02.16 12:28:14,410038624,Magic_251101,CRITICAL_TRIM,127.53,122.97,3.58,0,Closed 0 worst trades
2026.02.16 12:28:14,410038624,Magic_251101,CRITICAL_TRIM,127.53,122.97,3.58,0,Closed 0 worst trades
2026.02.16 12:28:14,410038624,Magic_251101,CRITICAL_TRIM,127.53,122.97,3.58,0,Closed 0 worst trades
2026.02.16 12:28:14,410038624,Magic_251101,CRITICAL_TRIM,127.53,122.97,3.58,0,Closed 0 worst trades
2026.02.16 12:28:15,410038624,Magic_251101,CRITICAL_TRIM,127.53,122.97,3.58,0,Closed 0 worst trades
2026.02.16 12:28:15,410038624,Magic_251101,CRITICAL_TRIM,127.53,122.97,3.58,0,Closed 0 worst trades
2026.02.16 12:28:15,410038624,Magic_251101,CRITICAL_TRIM,127.53,122.97,3.58,0,Closed 0 worst trades
2026.02.16 12:28:16,410038624,Magic_251101,CRITICAL_TRIM,127.53,122.97,3.58,0,Closed 0 worst trades
2026.02.16 12:28:17,410038624,Magic_251101,CRITICAL_TRIM,127.53,122.97,3.58,0,Closed 0 worst trades
2026.02.16 12:28:17,410038624,Magic_251101,CRITICAL_TRIM,127.53,122.97,3.58,0,Closed 0 worst trades
2026.02.16 12:28:17,410038624,Magic_251101,CRITICAL_TRIM,127.53,122.97,3.58,0,Closed 0 worst trades
2026.02.16 12:28:17,410038624,Magic_251101,CRITICAL_TRIM,127.53,122.97,3.58,0,Closed 0 worst trades
2026.02.16 12:28:18,410038624,Magic_251101,CRITICAL_TRIM,127.53,122.97,3.58,0,Closed 0 worst trades
2026.02.16 12:28:18,410038624,Magic_251101,CRITICAL_TRIM,127.53,122.97,3.58,0,Closed 0 worst trades
2026.02.16 12:28:18,410038624,Magic_251101,CRITICAL_TRIM,127.53,122.97,3.58,0,Closed 0 worst trades
2026.02.16 12:28:18,410038624,Magic_251101,CRITICAL_TRIM,127.53,122.97,3.58,0,Closed 0 worst trades
2026.02.16 12:28:18,410038624,Magic_251101,CRITICAL_TRIM,127.53,122.97,3.58,0,Closed 0 worst trades
2026.02.16 12:28:18,410038624,Magic_251101,CRITICAL_TRIM,127.53,122.97,3.58,0,Closed 0 worst trades
2026.02.16 12:28:19,410038624,Magic_251101,CRITICAL_TRIM,127.53,122.97,3.58,0,Closed 0 worst trades
2026.02.16 12:28:19,410038624,Magic_251101,CRITICAL_TRIM,127.53,122.97,3.58,0,Closed 0 worst trades
2026.02.16 12:28:19,410038624,Magic_251101,CRITICAL_TRIM,127.53,122.97,3.58,0,Closed 0 worst trades
2026.02.16 12:28:19,410038624,Magic_251101,CRITICAL_TRIM,127.53,122.97,3.58,0,Closed 0 worst trades
2026.02.16 12:28:19,410038624,Magic_251101,CRITICAL_TRIM,127.53,122.97,3.58,0,Closed 0 worst trades
2026.02.16 12:28:19,410038624,Magic_251101,CRITICAL_TRIM,127.53,122.97,3.58,0,Closed 0 worst trades
2026.02.16 12:28:19,410038624,Magic_251101,CRITICAL_TRIM,127.53,122.97,3.58,0,Closed 0 worst trades
2026.02.16 12:28:19,410038624,Magic_251101,CRITICAL_TRIM,127.53,122.97,3.58,0,Closed 0 worst trades
2026.02.16 12:28:20,410038624,Magic_251101,CRITICAL_TRIM,127.53,122.97,3.58,0,Closed 0 worst trades
2026.02.16 12:28:20,410038624,Magic_251101,CRITICAL_TRIM,127.53,122.97,3.58,0,Closed 0 worst trades
2026.02.16 12:28:20,410038624,Magic_251101,CRITICAL_TRIM,127.53,122.97,3.58,0,Closed 0 worst trades
2026.02.16 12:28:20,410038624,Magic_251101,CRITICAL_TRIM,127.53,122.97,3.58,0,Closed 0 worst trades
2026.02.16 12:28:20,410038624,Magic_251101,CRITICAL_TRIM,127.53,122.97,3.58,0,Closed 0 worst trades
2026.02.16 12:28:20,410038624,Magic_251101,CRITICAL_TRIM,127.53,122.97,3.58,0,Closed 0 worst trades
2026.02.16 12:28:21,410038624,Magic_251101,CRITICAL_TRIM,127.53,122.97,3.58,0,Closed 0 worst trades
2026.02.16 12:28:21,410038624,Magic_251101,CRITICAL_TRIM,127.53,122.97,3.58,0,Closed 0 worst trades
2026.02.16 12:28:21,410038624,Magic_251101,CRITICAL_TRIM,127.53,122.97,3.58,0,Closed 0 worst trades
2026.02.16 12:28:21,410038624,Magic_251101,CRITICAL_TRIM,127.53,122.97,3.58,0,Closed 0 worst trades
2026.02.16 12:28:21,410038624,Magic_251101,CRITICAL_TRIM,127.53,122.97,3.58,0,Closed 0 worst trades
2026.02.16 12:28:22,410038624,Magic_251101,CRITICAL_TRIM,127.53,122.97,3.58,0,Closed 0 worst trades
2026.02.16 12:28:22,410038624,Magic_251101,CRITICAL_TRIM,127.53,122.97,3.58,0,Closed 0 worst trades
2026.02.16 12:28:22,410038624,Magic_251101,CRITICAL_TRIM,127.53,122.97,3.58,0,Closed 0 worst trades
2026.02.16 12:28:22,410038624,Magic_251101,CRITICAL_TRIM,127.53,122.97,3.58,0,Closed 0 worst trades
2026.02.16 12:28:22,410038624,Magic_251101,CRITICAL_TRIM,127.53,122.97,3.58,0,Closed 0 worst trades
2026.02.16 12:28:22,410038624,Magic_251101,CRITICAL_TRIM,127.53,122.97,3.58,0,Closed 0 worst trades
2026.02.16 12:28:22,410038624,Magic_251101,CRITICAL_TRIM,127.53,122.97,3.58,0,Closed 0 worst trades
2026.02.16 12:28:22,410038624,Magic_251101,CRITICAL_TRIM,127.53,122.97,3.58,0,Closed 0 worst trades
2026.02.16 12:28:23,410038624,Magic_251101,CRITICAL_TRIM,127.53,122.97,3.58,0,Closed 0 worst trades
2026.02.16 12:28:23,410038624,Magic_251101,CRITICAL_TRIM,127.53,122.97,3.58,0,Closed 0 worst trades
2026.02.16 12:28:23,410038624,Magic_251101,CRITICAL_TRIM,127.53,122.97,3.58,0,Closed 0 worst trades
2026.02.16 12:28:23,410038624,Magic_251101,CRITICAL_TRIM,127.53,122.97,3.58,0,Closed 0 worst trades
2026.02.16 12:28:23,410038624,Magic_251101,CRITICAL_TRIM,127.53,122.97,3.58,0,Closed 0 worst trades
2026.02.16 12:28:23,410038624,Magic_251101,CRITICAL_TRIM,127.53,122.97,3.58,0,Closed 0 worst trades
2026.02.16 12:28:23,410038624,Magic_251101,CRITICAL_TRIM,127.53,122.97,3.58,0,Closed 0 worst trades
2026.02.16 12:28:24,410038624,Magic_251101,CRITICAL_TRIM,127.53,122.97,3.58,0,Closed 0 worst trades
2026.02.16 12:28:24,410038624,Magic_251101,CRITICAL_TRIM,127.53,122.97,3.58,0,Closed 0 worst trades
2026.02.16 12:28:24,410038624,Magic_251101,CRITICAL_TRIM,127.53,122.97,3.58,0,Closed 0 worst trades
2026.02.16 12:28:24,410038624,Magic_251101,CRITICAL_TRIM,127.53,122.97,3.58,0,Closed 0 worst trades
2026.02.16 12:28:24,410038624,Magic_251101,CRITICAL_TRIM,127.53,122.97,3.58,0,Closed 0 worst trades
2026.02.16 12:28:24,410038624,Magic_251101,CRITICAL_TRIM,127.53,122.97,3.58,0,Closed 0 worst trades
2026.02.16 12:28:24,410038624,Magic_251101,CRITICAL_TRIM,127.53,122.97,3.58,0,Closed 0 worst trades
2026.02.16 12:28:24,410038624,Magic_251101,CRITICAL_TRIM,127.53,122.97,3.58,0,Closed 0 worst trades
2026.02.16 12:28:24,410038624,Magic_251101,CRITICAL_TRIM,127.53,122.97,3.58,0,Closed 0 worst trades
2026.02.16 12:28:25,410038624,Magic_251101,CRITICAL_TRIM,127.53,122.97,3.58,0,Closed 0 worst trades
2026.02.16 12:28:25,410038624,Magic_251101,CRITICAL_TRIM,127.53,122.97,3.58,0,Closed 0 worst trades
2026.02.16 12:28:25,410038624,Magic_251101,CRITICAL_TRIM,127.53,122.97,3.58,0,Closed 0 worst trades
2026.02.16 12:28:25,410038624,Magic_251101,CRITICAL_TRIM,127.53,122.97,3.58,0,Closed 0 worst trades
2026.02.16 12:28:25,410038624,Magic_251101,CRITICAL_TRIM,127.53,122.97,3.58,0,Closed 0 worst trades
2026.02.16 12:28:25,410038624,Magic_251101,CRITICAL_TRIM,127.53,122.97,3.58,0,Closed 0 worst trades
2026.02.16 12:28:25,410038624,Magic_251101,CRITICAL_TRIM,127.53,122.97,3.58,0,Closed 0 worst trades
2026.02.16 12:28:26,410038624,Magic_251101,CRITICAL_TRIM,127.53,122.97,3.58,0,Closed 0 worst trades
2026.02.16 12:28:26,410038624,Magic_251101,CRITICAL_TRIM,127.53,122.97,3.58,0,Closed 0 worst trades
2026.02.16 12:28:26,410038624,Magic_251101,CRITICAL_TRIM,127.53,122.97,3.58,0,Closed 0 worst trades
2026.02.16 12:28:26,410038624,Magic_251101,CRITICAL_TRIM,127.53,122.97,3.58,0,Closed 0 worst trades
2026.02.16 12:28:26,410038624,Magic_251101,CRITICAL_TRIM,127.53,122.97,3.58,0,Closed 0 worst trades
2026.02.16 12:28:26,410038624,Magic_251101,CRITICAL_TRIM,127.53,122.97,3.58,0,Closed 0 worst trades
2026.02.16 12:28:27,410038624,Magic_251101,CRITICAL_TRIM,127.53,122.97,3.58,0,Closed 0 worst trades
2026.02.16 12:28:27,410038624,Magic_251101,CRITICAL_TRIM,127.53,122.97,3.58,0,Closed 0 worst trades
2026.02.16 12:28:27,410038624,Magic_251101,CRITICAL_TRIM,127.53,122.97,3.58,0,Closed 0 worst trades
2026.02.16 12:28:27,410038624,Magic_251101,CRITICAL_TRIM,127.53,122.97,3.58,0,Closed 0 worst trades
2026.02.16 12:28:27,410038624,Magic_251101,CRITICAL_TRIM,127.53,122.97,3.58,0,Closed 0 worst trades
2026.02.16 12:28:27,410038624,Magic_251101,CRITICAL_TRIM,127.53,122.97,3.58,0,Closed 0 worst trades
2026.02.16 12:28:27,410038624,Magic_251101,CRITICAL_TRIM,127.53,122.97,3.58,0,Closed 0 worst trades
2026.02.16 12:28:28,410038624,Magic_251101,CRITICAL_TRIM,127.53,122.97,3.58,0,Closed 0 worst trades
2026.02.16 12:28:28,410038624,Magic_251101,CRITICAL_TRIM,127.53,122.97,3.58,0,Closed 0 worst trades
2026.02.16 12:28:28,410038624,Magic_251101,CRITICAL_TRIM,127.53,122.97,3.58,0,Closed 0 worst trades
2026.02.16 12:28:28,410038624,Magic_251101,CRITICAL_TRIM,127.53,122.97,3.58,0,Closed 0 worst trades
2026.02.16 12:28:29,410038624,Magic_251101,CRITICAL_TRIM,127.53,122.97,3.58,0,Closed 0 worst trades
2026.02.16 12:28:29,410038624,Magic_251101,CRITICAL_TRIM,127.53,122.97,3.58,0,Closed 0 worst trades
2026.02.16 12:28:29,410038624,Magic_251101,CRITICAL_TRIM,127.53,122.97,3.58,0,Closed 0 worst trades
2026.02.16 12:28:29,410038624,Magic_251101,CRITICAL_TRIM,127.53,122.97,3.58,0,Closed 0 worst trades
2026.02.16 12:28:29,410038624,Magic_251101,CRITICAL_TRIM,127.53,122.97,3.58,0,Closed 0 worst trades
2026.02.16 12:28:29,410038624,Magic_251101,CRITICAL_TRIM,127.53,122.97,3.58,0,Closed 0 worst trades
2026.02.16 12:28:30,410038624,Magic_251101,CRITICAL_TRIM,127.53,122.97,3.58,0,Closed 0 worst trades
2026.02.16 12:28:30,410038624,Magic_251101,CRITICAL_TRIM,127.53,122.97,3.58,0,Closed 0 worst trades
2026.02.16 12:28:30,410038624,Magic_251101,CRITICAL_TRIM,127.53,122.97,3.58,0,Closed 0 worst trades
2026.02.16 12:28:30,410038624,Magic_251101,CRITICAL_TRIM,127.53,122.97,3.58,0,Closed 0 worst trades
2026.02.16 12:28:30,410038624,Magic_251101,CRITICAL_TRIM,127.53,122.97,3.58,0,Closed 0 worst trades
2026.02.16 12:28:30,410038624,Magic_251101,CRITICAL_TRIM,127.53,122.97,3.58,0,Closed 0 worst trades
2026.02.16 12:28:30,410038624,Magic_251101,CRITICAL_TRIM,127.53,122.97,3.58,0,Closed 0 worst trades
2026.02.16 12:28:31,410038624,Magic_251101,CRITICAL_TRIM,127.53,122.97,3.58,0,Closed 0 worst trades
2026.02.16 12:28:31,410038624,Magic_251101,CRITICAL_TRIM,127.53,122.97,3.58,0,Closed 0 worst trades
2026.02.16 12:28:31,410038624,Magic_251101,CRITICAL_TRIM,127.53,122.97,3.58,0,Closed 0 worst trades
2026.02.16 12:28:31,410038624,Magic_251101,CRITICAL_TRIM,127.53,122.97,3.58,0,Closed 0 worst trades
2026.02.16 12:28:31,410038624,Magic_251101,CRITICAL_TRIM,127.53,122.97,3.58,0,Closed 0 worst trades
2026.02.16 12:28:32,410038624,Magic_251101,CRITICAL_TRIM,127.53,122.97,3.58,0,Closed 0 worst trades
2026.02.16 12:28:32,410038624,Magic_251101,CRITICAL_TRIM,127.53,122.97,3.58,0,Closed 0 worst trades
2026.02.16 12:28:32,410038624,Magic_251101,CRITICAL_TRIM,127.53,122.97,3.58,0,Closed 0 worst trades
2026.02.16 12:28:32,410038624,Magic_251101,CRITICAL_TRIM,127.53,122.97,3.58,0,Closed 0 worst trades
2026.02.16 12:28:32,410038624,Magic_251101,CRITICAL_TRIM,127.53,122.97,3.58,0,Closed 0 worst trades
2026.02.16 12:28:32,410038624,Magic_251101,CRITICAL_TRIM,127.53,122.97,3.58,0,Closed 0 worst trades
2026.02.16 12:28:32,410038624,Magic_251101,CRITICAL_TRIM,127.53,122.97,3.58,0,Closed 0 worst trades
2026.02.16 12:28:32,410038624,Magic_251101,CRITICAL_TRIM,127.53,122.97,3.58,0,Closed 0 worst trades
2026.02.16 12:28:33,410038624,Magic_251101,CRITICAL_TRIM,127.53,122.97,3.58,0,Closed 0 worst trades
2026.02.16 12:28:33,410038624,Magic_251101,CRITICAL_TRIM,127.53,122.97,3.58,0,Closed 0 worst trades
2026.02.16 12:28:33,410038624,Magic_251101,CRITICAL_TRIM,127.53,122.97,3.58,0,Closed 0 worst trades
2026.02.16 12:28:33,410038624,Magic_251101,CRITICAL_TRIM,127.53,122.97,3.58,0,Closed 0 worst trades
2026.02.16 12:28:33,410038624,Magic_251101,CRITICAL_TRIM,127.53,122.97,3.58,0,Closed 0 worst trades
2026.02.16 12:28:33,410038624,Magic_251101,CRITICAL_TRIM,127.53,122.97,3.58,0,Closed 0 worst trades
2026.02.16 12:28:33,410038624,Magic_251101,CRITICAL_TRIM,127.53,122.97,3.58,0,Closed 0 worst trades
2026.02.16 12:28:34,410038624,Magic_251101,CRITICAL_TRIM,127.53,122.97,3.58,0,Closed 0 worst trades
2026.02.16 12:28:34,410038624,Magic_251101,CRITICAL_TRIM,127.53,122.97,3.58,0,Closed 0 worst trades
2026.02.16 12:28:34,410038624,Magic_251101,CRITICAL_TRIM,127.53,122.97,3.58,0,Closed 0 worst trades
2026.02.16 12:28:34,410038624,Magic_251101,CRITICAL_TRIM,127.53,122.97,3.58,0,Closed 0 worst trades
2026.02.16 12:28:34,410038624,Magic_251101,CRITICAL_TRIM,127.53,122.97,3.58,0,Closed 0 worst trades
2026.02.16 12:28:34,410038624,Magic_251101,CRITICAL_TRIM,127.53,122.97,3.58,0,Closed 0 worst trades
2026.02.16 12:28:35,410038624,Magic_251101,CRITICAL_TRIM,127.53,122.97,3.58,0,Closed 0 worst trades
2026.02.16 12:28:35,410038624,Magic_251101,CRITICAL_TRIM,127.53,122.97,3.58,0,Closed 0 worst trades
2026.02.16 12:28:36,410038624,Magic_251101,CRITICAL_TRIM,127.53,122.97,3.58,0,Closed 0 worst trades
2026.02.16 12:28:36,410038624,Magic_251101,CRITICAL_TRIM,127.53,122.97,3.58,0,Closed 0 worst trades
2026.02.16 12:28:36,410038624,Magic_251101,CRITICAL_TRIM,127.53,122.97,3.58,0,Closed 0 worst trades
2026.02.16 12:28:36,410038624,Magic_251101,CRITICAL_TRIM,127.53,122.97,3.58,0,Closed 0 worst trades
2026.02.16 12:28:37,410038624,Magic_251101,CRITICAL_TRIM,127.53,122.97,3.58,0,Closed 0 worst trades
2026.02.16 12:28:37,410038624,Magic_251101,CRITICAL_TRIM,127.53,122.97,3.58,0,Closed 0 worst trades
2026.02.16 12:28:37,410038624,Magic_251101,CRITICAL_TRIM,127.53,122.97,3.58,0,Closed 0 worst trades
2026.02.16 12:28:37,410038624,Magic_251101,CRITICAL_TRIM,127.53,122.97,3.58,0,Closed 0 worst trades
2026.02.16 12:28:37,410038624,Magic_251101,CRITICAL_TRIM,127.53,122.97,3.58,0,Closed 0 worst trades
2026.02.16 12:28:37,410038624,Magic_251101,CRITICAL_TRIM,127.53,122.97,3.58,0,Closed 0 worst trades
2026.02.16 12:28:37,410038624,Magic_251101,CRITICAL_TRIM,127.53,122.97,3.58,0,Closed 0 worst trades
2026.02.16 12:28:38,410038624,Magic_251101,CRITICAL_TRIM,127.53,122.97,3.58,0,Closed 0 worst trades
2026.02.16 12:28:38,410038624,Magic_251101,CRITICAL_TRIM,127.53,122.97,3.58,0,Closed 0 worst trades
2026.02.16 12:28:38,410038624,Magic_251101,CRITICAL_TRIM,127.53,122.97,3.58,0,Closed 0 worst trades
2026.02.16 12:28:38,410038624,Magic_251101,CRITICAL_TRIM,127.53,122.97,3.58,0,Closed 0 worst trades
2026.02.16 12:28:38,410038624,Magic_251101,CRITICAL_TRIM,127.53,122.97,3.58,0,Closed 0 worst trades
2026.02.16 12:28:38,410038624,Magic_251101,CRITICAL_TRIM,127.53,122.97,3.58,0,Closed 0 worst trades
2026.02.16 12:28:38,410038624,Magic_251101,CRITICAL_TRIM,127.53,122.97,3.58,0,Closed 0 worst trades
2026.02.16 12:28:38,410038624,Magic_251101,CRITICAL_TRIM,127.53,122.97,3.58,0,Closed 0 worst trades
2026.02.16 12:28:39,410038624,Magic_251101,CRITICAL_TRIM,127.53,122.97,3.58,0,Closed 0 worst trades
2026.02.16 12:28:39,410038624,Magic_251101,CRITICAL_TRIM,127.53,122.97,3.58,0,Closed 0 worst trades
2026.02.16 12:28:39,410038624,Magic_251101,CRITICAL_TRIM,127.53,122.97,3.58,0,Closed 0 worst trades
2026.02.16 12:28:39,410038624,Magic_251101,CRITICAL_TRIM,127.53,122.97,3.58,0,Closed 0 worst trades
2026.02.16 12:28:39,410038624,Magic_251101,CRITICAL_TRIM,127.53,122.97,3.58,0,Closed 0 worst trades
2026.02.16 12:28:39,410038624,Magic_251101,CRITICAL_TRIM,127.53,122.97,3.58,0,Closed 0 worst trades
2026.02.16 12:28:40,410038624,Magic_251101,CRITICAL_TRIM,127.53,122.97,3.58,0,Closed 0 worst trades
2026.02.16 12:28:40,410038624,Magic_251101,CRITICAL_TRIM,127.53,122.97,3.58,0,Closed 0 worst trades
2026.02.16 12:28:40,410038624,Magic_251101,CRITICAL_TRIM,127.53,122.97,3.58,0,Closed 0 worst trades
2026.02.16 12:28:40,410038624,Magic_251101,CRITICAL_TRIM,127.53,122.97,3.58,0,Closed 0 worst trades
2026.02.16 12:28:41,410038624,Magic_251101,CRITICAL_TRIM,127.53,122.97,3.58,0,Closed 0 worst trades
2026.02.16 12:28:41,410038624,Magic_251101,CRITICAL_TRIM,127.53,122.97,3.58,0,Closed 0 worst trades
2026.02.16 12:28:41,410038624,Magic_251101,CRITICAL_TRIM,127.53,122.97,3.58,0,Closed 0 worst trades
2026.02.16 12:28:41,410038624,Magic_251101,CRITICAL_TRIM,127.53,122.97,3.58,0,Closed 0 worst trades
2026.02.16 12:28:41,410038624,Magic_251101,CRITICAL_TRIM,127.53,122.97,3.58,0,Closed 0 worst trades
2026.02.16 12:28:42,410038624,Magic_251101,CRITICAL_TRIM,127.53,122.97,3.58,0,Closed 0 worst trades
2026.02.16 12:28:42,410038624,Magic_251101,CRITICAL_TRIM,127.53,122.97,3.58,0,Closed 0 worst trades
2026.02.16 12:28:42,410038624,Magic_251101,CRITICAL_TRIM,127.53,122.97,3.58,0,Closed 0 worst trades
2026.02.16 12:28:42,410038624,Magic_251101,CRITICAL_TRIM,127.53,122.97,3.58,0,Closed 0 worst trades
2026.02.16 12:28:43,410038624,Magic_251101,CRITICAL_TRIM,127.53,122.97,3.58,0,Closed 0 worst trades
2026.02.16 12:28:43,410038624,Magic_251101,CRITICAL_TRIM,127.53,122.97,3.58,0,Closed 0 worst trades
2026.02.16 12:28:43,410038624,Magic_251101,CRITICAL_TRIM,127.53,122.97,3.58,0,Closed 0 worst trades
2026.02.16 12:28:43,410038624,Magic_251101,CRITICAL_TRIM,127.53,122.97,3.58,0,Closed 0 worst trades
2026.02.16 12:28:43,410038624,Magic_251101,CRITICAL_TRIM,127.53,122.97,3.58,0,Closed 0 worst trades
2026.02.16 12:28:43,410038624,Magic_251101,CRITICAL_TRIM,127.53,122.97,3.58,0,Closed 0 worst trades
2026.02.16 12:28:44,410038624,Magic_251101,CRITICAL_TRIM,127.53,122.97,3.58,0,Closed 0 worst trades
2026.02.16 12:28:44,410038624,Magic_251101,CRITICAL_TRIM,127.53,122.97,3.58,0,Closed 0 worst trades
2026.02.16 12:28:44,410038624,Magic_251101,CRITICAL_TRIM,127.53,122.97,3.58,0,Closed 0 worst trades
2026.02.16 12:28:44,410038624,Magic_251101,CRITICAL_TRIM,127.53,122.97,3.58,0,Closed 0 worst trades
2026.02.16 12:28:44,410038624,Magic_251101,CRITICAL_TRIM,127.53,122.97,3.58,0,Closed 0 worst trades
2026.02.16 12:28:45,410038624,Magic_251101,CRITICAL_TRIM,127.53,122.97,3.58,0,Closed 0 worst trades
2026.02.16 12:28:45,410038624,Magic_251101,CRITICAL_TRIM,127.53,122.97,3.58,0,Closed 0 worst trades
2026.02.16 12:28:45,410038624,Magic_251101,CRITICAL_TRIM,127.53,122.97,3.58,0,Closed 0 worst trades
2026.02.16 12:28:45,410038624,Magic_251101,CRITICAL_TRIM,127.53,122.97,3.58,0,Closed 0 worst trades
2026.02.16 12:28:45,410038624,Magic_251101,CRITICAL_TRIM,127.53,122.97,3.58,0,Closed 0 worst trades
2026.02.16 12:28:45,410038624,Magic_251101,CRITICAL_TRIM,127.53,122.97,3.58,0,Closed 0 worst trades
2026.02.16 12:28:45,410038624,Magic_251101,CRITICAL_TRIM,127.53,122.97,3.58,0,Closed 0 worst trades
2026.02.16 12:28:46,410038624,Magic_251101,CRITICAL_TRIM,127.53,122.97,3.58,0,Closed 0 worst trades
2026.02.16 12:28:46,410038624,Magic_251101,CRITICAL_TRIM,127.53,122.97,3.58,0,Closed 0 worst trades
2026.02.16 12:28:46,410038624,Magic_251101,CRITICAL_TRIM,127.53,122.97,3.58,0,Closed 0 worst trades
2026.02.16 12:28:46,410038624,Magic_251101,CRITICAL_TRIM,127.53,122.97,3.58,0,Closed 0 worst trades
2026.02.16 12:28:46,410038624,Magic_251101,CRITICAL_TRIM,127.53,122.97,3.58,0,Closed 0 worst trades
2026.02.16 12:28:47,410038624,Magic_251101,CRITICAL_TRIM,127.53,122.97,3.58,0,Closed 0 worst trades
2026.02.16 12:28:47,410038624,Magic_251101,CRITICAL_TRIM,127.53,122.97,3.58,0,Closed 0 worst trades
2026.02.16 12:28:47,410038624,Magic_251101,CRITICAL_TRIM,127.53,122.97,3.58,0,Closed 0 worst trades
2026.02.16 12:28:47,410038624,Magic_251101,CRITICAL_TRIM,127.53,122.97,3.58,0,Closed 0 worst trades
2026.02.16 12:28:47,410038624,Magic_251101,CRITICAL_TRIM,127.53,122.97,3.58,0,Closed 0 worst trades
2026.02.16 12:28:47,410038624,Magic_251101,CRITICAL_TRIM,127.53,122.97,3.58,0,Closed 0 worst trades
2026.02.16 12:28:47,410038624,Magic_251101,CRITICAL_TRIM,127.53,122.97,3.58,0,Closed 0 worst trades
2026.02.16 12:28:48,410038624,Magic_251101,CRITICAL_TRIM,127.53,122.97,3.58,0,Closed 0 worst trades
2026.02.16 12:28:48,410038624,Magic_251101,CRITICAL_TRIM,127.53,122.97,3.58,0,Closed 0 worst trades
2026.02.16 12:28:48,410038624,Magic_251101,CRITICAL_TRIM,127.53,122.97,3.58,0,Closed 0 worst trades
2026.02.16 12:28:48,410038624,Magic_251101,CRITICAL_TRIM,127.53,122.97,3.58,0,Closed 0 worst trades
2026.02.16 12:28:49,410038624,Magic_251101,CRITICAL_TRIM,127.53,122.97,3.58,0,Closed 0 worst trades
2026.02.16 12:28:49,410038624,Magic_251101,CRITICAL_TRIM,127.53,122.97,3.58,0,Closed 0 worst trades
2026.02.16 12:28:49,410038624,Magic_251101,CRITICAL_TRIM,127.53,122.97,3.58,0,Closed 0 worst trades
2026.02.16 12:28:49,410038624,Magic_251101,CRITICAL_TRIM,127.53,122.97,3.58,0,Closed 0 worst trades
2026.02.16 12:28:49,410038624,Magic_251101,CRITICAL_TRIM,127.53,122.97,3.58,0,Closed 0 worst trades
2026.02.16 12:28:50,410038624,Magic_251101,CRITICAL_TRIM,127.53,122.97,3.58,0,Closed 0 worst trades
2026.02.16 12:28:50,410038624,Magic_251101,CRITICAL_TRIM,127.53,122.97,3.58,0,Closed 0 worst trades
2026.02.16 12:28:50,410038624,Magic_251101,CRITICAL_TRIM,127.53,122.97,3.58,0,Closed 0 worst trades
2026.02.16 12:28:50,410038624,Magic_251101,CRITICAL_TRIM,127.53,122.97,3.58,0,Closed 0 worst trades
2026.02.16 12:28:51,410038624,Magic_251101,CRITICAL_TRIM,127.53,122.97,3.58,0,Closed 0 worst trades
2026.02.16 12:28:52,410038624,Magic_251101,CRITICAL_TRIM,127.53,122.97,3.58,0,Closed 0 worst trades
2026.02.16 12:28:52,410038624,Magic_251101,CRITICAL_TRIM,127.53,122.97,3.58,0,Closed 0 worst trades
2026.02.16 12:28:52,410038624,Magic_251101,CRITICAL_TRIM,127.53,122.97,3.58,0,Closed 0 worst trades
2026.02.16 12:28:52,410038624,Magic_251101,CRITICAL_TRIM,127.53,122.97,3.58,0,Closed 0 worst trades
2026.02.16 12:28:52,410038624,Magic_251101,CRITICAL_TRIM,127.53,122.97,3.58,0,Closed 0 worst trades
2026.02.16 12:28:53,410038624,Magic_251101,CRITICAL_TRIM,127.53,122.97,3.58,0,Closed 0 worst trades
2026.02.16 12:28:53,410038624,Magic_251101,CRITICAL_TRIM,127.53,122.97,3.58,0,Closed 0 worst trades
2026.02.16 12:28:53,410038624,Magic_251101,CRITICAL_TRIM,127.53,122.97,3.58,0,Closed 0 worst trades
2026.02.16 12:28:53,410038624,Magic_251101,CRITICAL_TRIM,127.53,122.97,3.58,0,Closed 0 worst trades
2026.02.16 12:28:53,410038624,Magic_251101,CRITICAL_TRIM,127.53,122.97,3.58,0,Closed 0 worst trades
2026.02.16 12:28:54,410038624,Magic_251101,CRITICAL_TRIM,127.53,122.97,3.58,0,Closed 0 worst trades
2026.02.16 12:28:54,410038624,Magic_251101,CRITICAL_TRIM,127.53,122.97,3.58,0,Closed 0 worst trades
2026.02.16 12:28:54,410038624,Magic_251101,CRITICAL_TRIM,127.53,122.97,3.58,0,Closed 0 worst trades
2026.02.16 12:28:55,410038624,Magic_251101,CRITICAL_TRIM,127.53,122.97,3.58,0,Closed 0 worst trades
2026.02.16 12:28:55,410038624,Magic_251101,CRITICAL_TRIM,127.53,122.97,3.58,0,Closed 0 worst trades
2026.02.16 12:28:55,410038624,Magic_251101,CRITICAL_TRIM,127.53,122.97,3.58,0,Closed 0 worst trades
2026.02.16 12:28:55,410038624,Magic_251101,CRITICAL_TRIM,127.53,122.97,3.58,0,Closed 0 worst trades
2026.02.16 12:28:55,410038624,Magic_251101,CRITICAL_TRIM,127.53,122.97,3.58,0,Closed 0 worst trades
2026.02.16 12:28:56,410038624,Magic_251101,CRITICAL_TRIM,127.53,122.97,3.58,0,Closed 0 worst trades
2026.02.16 12:28:56,410038624,Magic_251101,CRITICAL_TRIM,127.53,122.97,3.58,0,Closed 0 worst trades
2026.02.16 12:28:56,410038624,Magic_251101,CRITICAL_TRIM,127.53,122.97,3.58,0,Closed 0 worst trades
2026.02.16 12:28:56,410038624,Magic_251101,CRITICAL_TRIM,127.53,122.97,3.58,0,Closed 0 worst trades
2026.02.16 12:28:56,410038624,Magic_251101,CRITICAL_TRIM,127.53,122.97,3.58,0,Closed 0 worst trades
2026.02.16 12:28:57,410038624,Magic_251101,CRITICAL_TRIM,127.53,122.97,3.58,0,Closed 0 worst trades
2026.02.16 12:28:57,410038624,Magic_251101,CRITICAL_TRIM,127.53,122.97,3.58,0,Closed 0 worst trades
2026.02.16 12:28:57,410038624,Magic_251101,CRITICAL_TRIM,127.53,122.97,3.58,0,Closed 0 worst trades
2026.02.16 12:28:57,410038624,Magic_251101,CRITICAL_TRIM,127.53,122.97,3.58,0,Closed 0 worst trades
2026.02.16 12:28:57,410038624,Magic_251101,CRITICAL_TRIM,127.53,122.97,3.58,0,Closed 0 worst trades
2026.02.16 12:28:58,410038624,Magic_251101,CRITICAL_TRIM,127.53,122.97,3.58,0,Closed 0 worst trades
2026.02.16 12:28:58,410038624,Magic_251101,CRITICAL_TRIM,127.53,122.97,3.58,0,Closed 0 worst trades
2026.02.16 12:28:58,410038624,Magic_251101,CRITICAL_TRIM,127.53,122.97,3.58,0,Closed 0 worst trades
2026.02.16 12:28:58,410038624,Magic_251101,CRITICAL_TRIM,127.53,122.97,3.58,0,Closed 0 worst trades
2026.02.16 12:28:58,410038624,Magic_251101,CRITICAL_TRIM,127.53,122.97,3.58,0,Closed 0 worst trades
2026.02.16 12:28:58,410038624,Magic_251101,CRITICAL_TRIM,127.53,122.97,3.58,0,Closed 0 worst trades
2026.02.16 12:28:58,410038624,Magic_251101,CRITICAL_TRIM,127.53,122.97,3.58,0,Closed 0 worst trades
2026.02.16 12:28:59,410038624,Magic_251101,CRITICAL_TRIM,127.53,122.97,3.58,0,Closed 0 worst trades
2026.02.16 12:28:59,410038624,Magic_251101,CRITICAL_TRIM,127.53,122.97,3.58,0,Closed 0 worst trades
2026.02.16 12:28:59,410038624,Magic_251101,CRITICAL_TRIM,127.53,122.97,3.58,0,Closed 0 worst trades
2026.02.16 12:28:59,410038624,Magic_251101,CRITICAL_TRIM,127.53,122.97,3.58,0,Closed 0 worst trades
2026.02.16 12:29:00,410038624,Magic_251101,CRITICAL_TRIM,127.53,122.97,3.58,0,Closed 0 worst trades
2026.02.16 12:29:00,410038624,Magic_251101,CRITICAL_TRIM,127.53,122.97,3.58,0,Closed 0 worst trades
2026.02.16 12:29:00,410038624,Magic_251101,CRITICAL_TRIM,127.53,122.97,3.58,0,Closed 0 worst trades
2026.02.16 12:29:00,410038624,Magic_251101,CRITICAL_TRIM,127.53,122.97,3.58,0,Closed 0 worst trades
2026.02.16 12:29:00,410038624,Magic_251101,CRITICAL_TRIM,127.53,122.97,3.58,0,Closed 0 worst trades
2026.02.16 12:29:00,410038624,Magic_251101,CRITICAL_TRIM,127.53,122.97,3.58,0,Closed 0 worst trades
2026.02.16 12:29:00,410038624,Magic_251101,CRITICAL_TRIM,127.53,122.97,3.58,0,Closed 0 worst trades
2026.02.16 12:29:00,410038624,Magic_251101,CRITICAL_TRIM,127.53,122.97,3.58,0,Closed 0 worst trades
2026.02.16 12:29:00,410038624,Magic_251101,CRITICAL_TRIM,127.53,122.97,3.58,0,Closed 0 worst trades
2026.02.16 12:29:00,410038624,Magic_251101,CRITICAL_TRIM,127.53,122.97,3.58,0,Closed 0 worst trades
2026.02.16 12:29:01,410038624,Magic_251101,CRITICAL_TRIM,127.53,122.97,3.58,0,Closed 0 worst trades
2026.02.16 12:29:01,410038624,Magic_251101,CRITICAL_TRIM,127.53,122.97,3.58,0,Closed 0 worst trades
2026.02.16 12:29:01,410038624,Magic_251101,CRITICAL_TRIM,127.53,122.97,3.58,0,Closed 0 worst trades
2026.02.16 12:29:01,410038624,Magic_251101,CRITICAL_TRIM,127.53,122.97,3.58,0,Closed 0 worst trades
2026.02.16 12:29:01,410038624,Magic_251101,CRITICAL_TRIM,127.53,122.97,3.58,0,Closed 0 worst trades
2026.02.16 12:29:01,410038624,Magic_251101,CRITICAL_TRIM,127.53,122.97,3.58,0,Closed 0 worst trades
2026.02.16 12:29:02,410038624,Magic_251101,CRITICAL_TRIM,127.53,122.97,3.58,0,Closed 0 worst trades
2026.02.16 12:29:02,410038624,Magic_251101,CRITICAL_TRIM,127.53,122.97,3.58,0,Closed 0 worst trades
2026.02.16 12:29:02,410038624,Magic_251101,CRITICAL_TRIM,127.53,122.97,3.58,0,Closed 0 worst trades
2026.02.16 12:29:02,410038624,Magic_251101,CRITICAL_TRIM,127.53,122.97,3.58,0,Closed 0 worst trades
2026.02.16 12:29:02,410038624,Magic_251101,CRITICAL_TRIM,127.53,122.97,3.58,0,Closed 0 worst trades
2026.02.16 12:29:03,410038624,Magic_251101,CRITICAL_TRIM,127.53,122.97,3.58,0,Closed 0 worst trades
2026.02.16 12:29:03,410038624,Magic_251101,CRITICAL_TRIM,127.53,122.97,3.58,0,Closed 0 worst trades
2026.02.16 12:29:03,410038624,Magic_251101,CRITICAL_TRIM,127.53,122.97,3.58,0,Closed 0 worst trades
2026.02.16 12:29:04,410038624,Magic_251101,CRITICAL_TRIM,127.53,122.97,3.58,0,Closed 0 worst trades
2026.02.16 12:29:05,410038624,Magic_251101,CRITICAL_TRIM,127.53,122.97,3.58,0,Closed 0 worst trades
2026.02.16 12:29:05,410038624,Magic_251101,CRITICAL_TRIM,127.53,122.97,3.58,0,Closed 0 worst trades
2026.02.16 12:29:05,410038624,Magic_251101,CRITICAL_TRIM,127.53,122.97,3.58,0,Closed 0 worst trades
2026.02.16 12:29:05,410038624,Magic_251101,CRITICAL_TRIM,127.53,122.97,3.58,0,Closed 0 worst trades
2026.02.16 12:29:06,410038624,Magic_251101,CRITICAL_TRIM,127.53,122.97,3.58,0,Closed 0 worst trades
2026.02.16 12:29:06,410038624,Magic_251101,CRITICAL_TRIM,127.53,122.97,3.58,0,Closed 0 worst trades
2026.02.16 12:29:06,410038624,Magic_251101,CRITICAL_TRIM,127.53,122.97,3.58,0,Closed 0 worst trades
2026.02.16 12:29:06,410038624,Magic_251101,CRITICAL_TRIM,127.53,122.97,3.58,0,Closed 0 worst trades
2026.02.16 12:29:06,410038624,Magic_251101,CRITICAL_TRIM,127.53,122.97,3.58,0,Closed 0 worst trades
2026.02.16 12:29:06,410038624,Magic_251101,CRITICAL_TRIM,127.53,122.97,3.58,0,Closed 0 worst trades
2026.02.16 12:29:06,410038624,Magic_251101,CRITICAL_TRIM,127.53,122.97,3.58,0,Closed 0 worst trades
2026.02.16 12:29:06,410038624,Magic_251101,CRITICAL_TRIM,127.53,122.97,3.58,0,Closed 0 worst trades
2026.02.16 12:29:06,410038624,Magic_251101,CRITICAL_TRIM,127.53,122.97,3.58,0,Closed 0 worst trades
2026.02.16 12:29:06,410038624,Magic_251101,CRITICAL_TRIM,127.53,122.97,3.58,0,Closed 0 worst trades
2026.02.16 12:29:07,410038624,Magic_251101,CRITICAL_TRIM,127.53,122.97,3.58,0,Closed 0 worst trades
2026.02.16 12:29:07,410038624,Magic_251101,CRITICAL_TRIM,127.53,122.97,3.58,0,Closed 0 worst trades
2026.02.16 12:29:07,410038624,Magic_251101,CRITICAL_TRIM,127.53,122.97,3.58,0,Closed 0 worst trades
2026.02.16 12:29:07,410038624,Magic_251101,CRITICAL_TRIM,127.53,122.97,3.58,0,Closed 0 worst trades
2026.02.16 12:29:08,410038624,Magic_251101,CRITICAL_TRIM,127.53,122.97,3.58,0,Closed 0 worst trades
2026.02.16 12:29:08,410038624,Magic_251101,CRITICAL_TRIM,127.53,122.97,3.58,0,Closed 0 worst trades
2026.02.16 12:29:08,410038624,Magic_251101,CRITICAL_TRIM,127.53,122.97,3.58,0,Closed 0 worst trades
2026.02.16 12:29:08,410038624,Magic_251101,CRITICAL_TRIM,127.53,122.97,3.58,0,Closed 0 worst trades
2026.02.16 12:29:08,410038624,Magic_251101,CRITICAL_TRIM,127.53,122.97,3.58,0,Closed 0 worst trades
2026.02.16 12:29:08,410038624,Magic_251101,CRITICAL_TRIM,127.53,122.97,3.58,0,Closed 0 worst trades
2026.02.16 12:29:08,410038624,Magic_251101,CRITICAL_TRIM,127.53,122.97,3.58,0,Closed 0 worst trades
2026.02.16 12:29:09,410038624,Magic_251101,CRITICAL_TRIM,127.53,122.97,3.58,0,Closed 0 worst trades
2026.02.16 12:29:09,410038624,Magic_251101,CRITICAL_TRIM,127.53,122.97,3.58,0,Closed 0 worst trades
2026.02.16 12:29:09,410038624,Magic_251101,CRITICAL_TRIM,127.53,122.97,3.58,0,Closed 0 worst trades
2026.02.16 12:29:09,410038624,Magic_251101,CRITICAL_TRIM,127.53,122.97,3.58,0,Closed 0 worst trades
2026.02.16 12:29:09,410038624,Magic_251101,CRITICAL_TRIM,127.53,122.97,3.58,0,Closed 0 worst trades
2026.02.16 12:29:10,410038624,Magic_251101,CRITICAL_TRIM,127.53,122.97,3.58,0,Closed 0 worst trades
2026.02.16 12:29:10,410038624,Magic_251101,CRITICAL_TRIM,127.53,122.97,3.58,0,Closed 0 worst trades
2026.02.16 12:29:10,410038624,Magic_251101,CRITICAL_TRIM,127.53,122.97,3.58,0,Closed 0 worst trades
2026.02.16 12:29:10,410038624,Magic_251101,CRITICAL_TRIM,127.53,122.97,3.58,0,Closed 0 worst trades
2026.02.16 12:29:10,410038624,Magic_251101,CRITICAL_TRIM,127.53,122.97,3.58,0,Closed 0 worst trades
2026.02.16 12:29:10,410038624,Magic_251101,CRITICAL_TRIM,127.53,122.97,3.58,0,Closed 0 worst trades
2026.02.16 12:29:11,410038624,Magic_251101,CRITICAL_TRIM,127.53,122.97,3.58,0,Closed 0 worst trades
2026.02.16 12:29:11,410038624,Magic_251101,CRITICAL_TRIM,127.53,122.97,3.58,0,Closed 0 worst trades
2026.02.16 12:29:11,410038624,Magic_251101,CRITICAL_TRIM,127.53,122.97,3.58,0,Closed 0 worst trades
2026.02.16 12:29:11,410038624,Magic_251101,CRITICAL_TRIM,127.53,122.97,3.58,0,Closed 0 worst trades
2026.02.16 12:29:11,410038624,Magic_251101,CRITICAL_TRIM,127.53,122.97,3.58,0,Closed 0 worst trades
2026.02.16 12:29:11,410038624,Magic_251101,CRITICAL_TRIM,127.53,122.97,3.58,0,Closed 0 worst trades
2026.02.16 12:29:11,410038624,Magic_251101,CRITICAL_TRIM,127.53,122.97,3.58,0,Closed 0 worst trades
2026.02.16 12:29:12,410038624,Magic_251101,CRITICAL_TRIM,127.53,122.97,3.58,0,Closed 0 worst trades
2026.02.16 12:29:12,410038624,Magic_251101,CRITICAL_TRIM,127.53,122.97,3.58,0,Closed 0 worst trades
2026.02.16 12:29:12,410038624,Magic_251101,CRITICAL_TRIM,127.53,122.97,3.58,0,Closed 0 worst trades
2026.02.16 12:29:12,410038624,Magic_251101,CRITICAL_TRIM,127.53,122.97,3.58,0,Closed 0 worst trades
2026.02.16 12:29:12,410038624,Magic_251101,CRITICAL_TRIM,127.53,122.97,3.58,0,Closed 0 worst trades
2026.02.16 12:29:13,410038624,Magic_251101,CRITICAL_TRIM,127.53,122.97,3.58,0,Closed 0 worst trades
2026.02.16 12:29:13,410038624,Magic_251101,CRITICAL_TRIM,127.53,122.97,3.58,0,Closed 0 worst trades
2026.02.16 12:29:13,410038624,Magic_251101,CRITICAL_TRIM,127.53,122.97,3.58,0,Closed 0 worst trades
2026.02.16 12:29:13,410038624,Magic_251101,CRITICAL_TRIM,127.53,122.97,3.58,0,Closed 0 worst trades
2026.02.16 12:29:13,410038624,Magic_251101,CRITICAL_TRIM,127.53,122.97,3.58,0,Closed 0 worst trades
2026.02.16 12:29:13,410038624,Magic_251101,CRITICAL_TRIM,127.53,122.97,3.58,0,Closed 0 worst trades
2026.02.16 12:29:13,410038624,Magic_251101,CRITICAL_TRIM,127.53,122.97,3.58,0,Closed 0 worst trades
2026.02.16 12:29:13,410038624,Magic_251101,CRITICAL_TRIM,127.53,122.97,3.58,0,Closed 0 worst trades
2026.02.16 12:29:14,410038624,Magic_251101,CRITICAL_TRIM,127.53,122.97,3.58,0,Closed 0 worst trades
2026.02.16 12:29:14,410038624,Magic_251101,CRITICAL_TRIM,127.53,122.97,3.58,0,Closed 0 worst trades
2026.02.16 12:29:14,410038624,Magic_251101,CRITICAL_TRIM,127.53,122.97,3.58,0,Closed 0 worst trades
2026.02.16 12:29:14,410038624,Magic_251101,CRITICAL_TRIM,127.53,122.97,3.58,0,Closed 0 worst trades
2026.02.16 12:29:14,410038624,Magic_251101,CRITICAL_TRIM,127.53,122.97,3.58,0,Closed 0 worst trades
2026.02.16 12:29:14,410038624,Magic_251101,CRITICAL_TRIM,127.53,122.97,3.58,0,Closed 0 worst trades
2026.02.16 12:29:14,410038624,Magic_251101,CRITICAL_TRIM,127.53,122.97,3.58,0,Closed 0 worst trades
2026.02.16 12:29:14,410038624,Magic_251101,CRITICAL_TRIM,127.53,122.97,3.58,0,Closed 0 worst trades
2026.02.16 12:29:14,410038624,Magic_251101,CRITICAL_TRIM,127.53,122.97,3.58,0,Closed 0 worst trades
2026.02.16 12:29:15,410038624,Magic_251101,CRITICAL_TRIM,127.53,122.97,3.58,0,Closed 0 worst trades
2026.02.16 12:29:15,410038624,Magic_251101,CRITICAL_TRIM,127.53,122.97,3.58,0,Closed 0 worst trades
2026.02.16 12:29:15,410038624,Magic_251101,CRITICAL_TRIM,127.53,122.97,3.58,0,Closed 0 worst trades
2026.02.16 12:29:15,410038624,Magic_251101,CRITICAL_TRIM,127.53,122.97,3.58,0,Closed 0 worst trades
2026.02.16 12:29:15,410038624,Magic_251101,CRITICAL_TRIM,127.53,122.97,3.58,0,Closed 0 worst trades
2026.02.16 12:29:15,410038624,Magic_251101,CRITICAL_TRIM,127.53,122.97,3.58,0,Closed 0 worst trades
2026.02.16 12:29:15,410038624,Magic_251101,CRITICAL_TRIM,127.53,122.97,3.58,0,Closed 0 worst trades
2026.02.16 12:29:15,410038624,Magic_251101,CRITICAL_TRIM,127.53,122.97,3.58,0,Closed 0 worst trades
2026.02.16 12:29:16,410038624,Magic_251101,CRITICAL_TRIM,127.53,122.97,3.58,0,Closed 0 worst trades
2026.02.16 12:29:16,410038624,Magic_251101,CRITICAL_TRIM,127.53,122.97,3.58,0,Closed 0 worst trades
2026.02.16 12:29:16,410038624,Magic_251101,CRITICAL_TRIM,127.53,122.97,3.58,0,Closed 0 worst trades
2026.02.16 12:29:17,410038624,Magic_251101,CRITICAL_TRIM,127.53,122.97,3.58,0,Closed 0 worst trades
2026.02.16 12:29:17,410038624,Magic_251101,CRITICAL_TRIM,127.53,122.97,3.58,0,Closed 0 worst trades
2026.02.16 12:29:17,410038624,Magic_251101,CRITICAL_TRIM,127.53,122.97,3.58,0,Closed 0 worst trades
2026.02.16 12:29:17,410038624,Magic_251101,CRITICAL_TRIM,127.53,122.97,3.58,0,Closed 0 worst trades
2026.02.16 12:29:17,410038624,Magic_251101,CRITICAL_TRIM,127.53,122.97,3.58,0,Closed 0 worst trades
2026.02.16 12:29:17,410038624,Magic_251101,CRITICAL_TRIM,127.53,122.97,3.58,0,Closed 0 worst trades
2026.02.16 12:29:18,410038624,Magic_251101,CRITICAL_TRIM,127.53,122.97,3.58,0,Closed 0 worst trades
2026.02.16 12:29:18,410038624,Magic_251101,CRITICAL_TRIM,127.53,122.97,3.58,0,Closed 0 worst trades
2026.02.16 12:29:18,410038624,Magic_251101,CRITICAL_TRIM,127.53,122.97,3.58,0,Closed 0 worst trades
2026.02.16 12:29:18,410038624,Magic_251101,CRITICAL_TRIM,127.53,122.97,3.58,0,Closed 0 worst trades
2026.02.16 12:29:18,410038624,Magic_251101,CRITICAL_TRIM,127.53,122.97,3.58,0,Closed 0 worst trades
2026.02.16 12:29:18,410038624,Magic_251101,CRITICAL_TRIM,127.53,122.97,3.58,0,Closed 0 worst trades
2026.02.16 12:29:18,410038624,Magic_251101,CRITICAL_TRIM,127.53,122.97,3.58,0,Closed 0 worst trades
2026.02.16 12:29:19,410038624,Magic_251101,CRITICAL_TRIM,127.53,122.97,3.58,0,Closed 0 worst trades
2026.02.16 12:29:19,410038624,Magic_251101,CRITICAL_TRIM,127.53,122.97,3.58,0,Closed 0 worst trades
2026.02.16 12:29:19,410038624,Magic_251101,CRITICAL_TRIM,127.53,122.97,3.58,0,Closed 0 worst trades
2026.02.16 12:29:19,410038624,Magic_251101,CRITICAL_TRIM,127.53,122.97,3.58,0,Closed 0 worst trades
2026.02.16 12:29:19,410038624,Magic_251101,CRITICAL_TRIM,127.53,122.97,3.58,0,Closed 0 worst trades
2026.02.16 12:29:19,410038624,Magic_251101,CRITICAL_TRIM,127.53,122.97,3.58,0,Closed 0 worst trades
2026.02.16 12:29:19,410038624,Magic_251101,CRITICAL_TRIM,127.53,122.97,3.58,0,Closed 0 worst trades
2026.02.16 12:29:20,410038624,Magic_251101,CRITICAL_TRIM,127.53,122.97,3.58,0,Closed 0 worst trades
2026.02.16 12:29:20,410038624,Magic_251101,CRITICAL_TRIM,127.53,122.97,3.58,0,Closed 0 worst trades
2026.02.16 12:29:20,410038624,Magic_251101,CRITICAL_TRIM,127.53,122.97,3.58,0,Closed 0 worst trades
2026.02.16 12:29:20,410038624,Magic_251101,CRITICAL_TRIM,127.53,122.97,3.58,0,Closed 0 worst trades
2026.02.16 12:29:20,410038624,Magic_251101,CRITICAL_TRIM,127.53,122.97,3.58,0,Closed 0 worst trades
2026.02.16 12:29:20,410038624,Magic_251101,CRITICAL_TRIM,127.53,122.97,3.58,0,Closed 0 worst trades
2026.02.16 12:29:20,410038624,Magic_251101,CRITICAL_TRIM,127.53,122.97,3.58,0,Closed 0 worst trades
2026.02.16 12:29:20,410038624,Magic_251101,CRITICAL_TRIM,127.53,122.97,3.58,0,Closed 0 worst trades
2026.02.16 12:29:21,410038624,Magic_251101,CRITICAL_TRIM,127.53,122.97,3.58,0,Closed 0 worst trades
2026.02.16 12:29:21,410038624,Magic_251101,CRITICAL_TRIM,127.53,122.97,3.58,0,Closed 0 worst trades
2026.02.16 12:29:21,410038624,Magic_251101,CRITICAL_TRIM,127.53,122.97,3.58,0,Closed 0 worst trades
2026.02.16 12:29:21,410038624,Magic_251101,CRITICAL_TRIM,127.53,122.97,3.58,0,Closed 0 worst trades
2026.02.16 12:29:21,410038624,Magic_251101,CRITICAL_TRIM,127.53,122.97,3.58,0,Closed 0 worst trades
2026.02.16 12:29:21,410038624,Magic_251101,CRITICAL_TRIM,127.53,122.97,3.58,0,Closed 0 worst trades
2026.02.16 12:29:22,410038624,Magic_251101,CRITICAL_TRIM,127.53,122.97,3.58,0,Closed 0 worst trades
2026.02.16 12:29:22,410038624,Magic_251101,CRITICAL_TRIM,127.53,122.97,3.58,0,Closed 0 worst trades
2026.02.16 12:29:22,410038624,Magic_251101,CRITICAL_TRIM,127.53,122.97,3.58,0,Closed 0 worst trades
2026.02.16 12:29:22,410038624,Magic_251101,CRITICAL_TRIM,127.53,122.97,3.58,0,Closed 0 worst trades
2026.02.16 12:29:22,410038624,Magic_251101,CRITICAL_TRIM,127.53,122.97,3.58,0,Closed 0 worst trades
2026.02.16 12:29:23,410038624,Magic_251101,CRITICAL_TRIM,127.53,122.97,3.58,0,Closed 0 worst trades
2026.02.16 12:29:23,410038624,Magic_251101,CRITICAL_TRIM,127.53,122.97,3.58,0,Closed 0 worst trades
2026.02.16 12:29:23,410038624,Magic_251101,CRITICAL_TRIM,127.53,122.97,3.58,0,Closed 0 worst trades
2026.02.16 12:29:23,410038624,Magic_251101,CRITICAL_TRIM,127.53,122.97,3.58,0,Closed 0 worst trades
2026.02.16 12:29:23,410038624,Magic_251101,CRITICAL_TRIM,127.53,122.97,3.58,0,Closed 0 worst trades
2026.02.16 12:29:23,410038624,Magic_251101,CRITICAL_TRIM,127.53,122.97,3.58,0,Closed 0 worst trades
2026.02.16 12:29:23,410038624,Magic_251101,CRITICAL_TRIM,127.53,122.97,3.58,0,Closed 0 worst trades
2026.02.16 12:29:24,410038624,Magic_251101,CRITICAL_TRIM,127.53,122.97,3.58,0,Closed 0 worst trades
2026.02.16 12:29:24,410038624,Magic_251101,CRITICAL_TRIM,127.53,122.97,3.58,0,Closed 0 worst trades
2026.02.16 12:29:24,410038624,Magic_251101,CRITICAL_TRIM,127.53,122.97,3.58,0,Closed 0 worst trades
2026.02.16 12:29:24,410038624,Magic_251101,CRITICAL_TRIM,127.53,122.97,3.58,0,Closed 0 worst trades
2026.02.16 12:29:24,410038624,Magic_251101,CRITICAL_TRIM,127.53,122.97,3.58,0,Closed 0 worst trades
2026.02.16 12:29:24,410038624,Magic_251101,CRITICAL_TRIM,127.53,122.97,3.58,0,Closed 0 worst trades
2026.02.16 12:29:24,410038624,Magic_251101,CRITICAL_TRIM,127.53,122.97,3.58,0,Closed 0 worst trades
2026.02.16 12:29:24,410038624,Magic_251101,CRITICAL_TRIM,127.53,122.97,3.58,0,Closed 0 worst trades
2026.02.16 12:29:24,410038624,Magic_251101,CRITICAL_TRIM,127.53,122.97,3.58,0,Closed 0 worst trades
2026.02.16 12:29:25,410038624,Magic_251101,CRITICAL_TRIM,127.53,122.97,3.58,0,Closed 0 worst trades
2026.02.16 12:29:25,410038624,Magic_251101,CRITICAL_TRIM,127.53,122.97,3.58,0,Closed 0 worst trades
2026.02.16 12:29:25,410038624,Magic_251101,CRITICAL_TRIM,127.53,122.97,3.58,0,Closed 0 worst trades
2026.02.16 12:29:25,410038624,Magic_251101,CRITICAL_TRIM,127.53,122.97,3.58,0,Closed 0 worst trades
2026.02.16 12:29:25,410038624,Magic_251101,CRITICAL_TRIM,127.53,122.97,3.58,0,Closed 0 worst trades
2026.02.16 12:29:25,410038624,Magic_251101,CRITICAL_TRIM,127.53,122.97,3.58,0,Closed 0 worst trades
2026.02.16 12:29:25,410038624,Magic_251101,CRITICAL_TRIM,127.53,122.97,3.58,0,Closed 0 worst trades
2026.02.16 12:29:25,410038624,Magic_251101,CRITICAL_TRIM,127.53,122.97,3.58,0,Closed 0 worst trades
2026.02.16 12:29:25,410038624,Magic_251101,CRITICAL_TRIM,127.53,122.97,3.58,0,Closed 0 worst trades
2026.02.16 12:29:26,410038624,Magic_251101,CRITICAL_TRIM,127.53,122.97,3.58,0,Closed 0 worst trades
2026.02.16 12:29:26,410038624,Magic_251101,CRITICAL_TRIM,127.53,122.97,3.58,0,Closed 0 worst trades
2026.02.16 12:29:26,410038624,Magic_251101,CRITICAL_TRIM,127.53,122.97,3.58,0,Closed 0 worst trades
2026.02.16 12:29:26,410038624,Magic_251101,CRITICAL_TRIM,127.53,122.97,3.58,0,Closed 0 worst trades
2026.02.16 12:29:26,410038624,Magic_251101,CRITICAL_TRIM,127.53,122.97,3.58,0,Closed 0 worst trades
2026.02.16 12:29:27,410038624,Magic_251101,CRITICAL_TRIM,127.53,122.97,3.58,0,Closed 0 worst trades
2026.02.16 12:29:27,410038624,Magic_251101,CRITICAL_TRIM,127.53,122.97,3.58,0,Closed 0 worst trades
2026.02.16 12:29:27,410038624,Magic_251101,CRITICAL_TRIM,127.53,122.97,3.58,0,Closed 0 worst trades
2026.02.16 12:29:27,410038624,Magic_251101,CRITICAL_TRIM,127.53,122.97,3.58,0,Closed 0 worst trades
2026.02.16 12:29:27,410038624,Magic_251101,CRITICAL_TRIM,127.53,122.97,3.58,0,Closed 0 worst trades
2026.02.16 12:29:28,410038624,Magic_251101,CRITICAL_TRIM,127.53,122.97,3.58,0,Closed 0 worst trades
2026.02.16 12:29:28,410038624,Magic_251101,CRITICAL_TRIM,127.53,122.97,3.58,0,Closed 0 worst trades
2026.02.16 12:29:28,410038624,Magic_251101,CRITICAL_TRIM,127.53,122.97,3.58,0,Closed 0 worst trades
2026.02.16 12:29:28,410038624,Magic_251101,CRITICAL_TRIM,127.53,122.97,3.58,0,Closed 0 worst trades
2026.02.16 12:29:28,410038624,Magic_251101,CRITICAL_TRIM,127.53,122.97,3.58,0,Closed 0 worst trades
2026.02.16 12:29:28,410038624,Magic_251101,CRITICAL_TRIM,127.53,122.97,3.58,0,Closed 0 worst trades
2026.02.16 12:29:29,410038624,Magic_251101,CRITICAL_TRIM,127.53,122.97,3.58,0,Closed 0 worst trades
2026.02.16 12:29:29,410038624,Magic_251101,CRITICAL_TRIM,127.53,122.97,3.58,0,Closed 0 worst trades
2026.02.16 12:29:29,410038624,Magic_251101,CRITICAL_TRIM,127.53,122.97,3.58,0,Closed 0 worst trades
2026.02.16 12:29:29,410038624,Magic_251101,CRITICAL_TRIM,127.53,122.97,3.58,0,Closed 0 worst trades
2026.02.16 12:29:29,410038624,Magic_251101,CRITICAL_TRIM,127.53,122.97,3.58,0,Closed 0 worst trades
2026.02.16 12:29:29,410038624,Magic_251101,CRITICAL_TRIM,127.53,122.97,3.58,0,Closed 0 worst trades
2026.02.16 12:29:29,410038624,Magic_251101,CRITICAL_TRIM,127.53,122.97,3.58,0,Closed 0 worst trades
2026.02.16 12:29:30,410038624,Magic_251101,CRITICAL_TRIM,127.53,122.97,3.58,0,Closed 0 worst trades
2026.02.16 12:29:30,410038624,Magic_251101,CRITICAL_TRIM,127.53,122.97,3.58,0,Closed 0 worst trades
2026.02.16 12:29:30,410038624,Magic_251101,CRITICAL_TRIM,127.53,122.97,3.58,0,Closed 0 worst trades
2026.02.16 12:29:30,410038624,Magic_251101,CRITICAL_TRIM,127.53,122.97,3.58,0,Closed 0 worst trades
2026.02.16 12:29:30,410038624,Magic_251101,CRITICAL_TRIM,127.53,122.97,3.58,0,Closed 0 worst trades
2026.02.16 12:29:30,410038624,Magic_251101,CRITICAL_TRIM,127.53,122.97,3.58,0,Closed 0 worst trades
2026.02.16 12:29:30,410038624,Magic_251101,CRITICAL_TRIM,127.53,122.97,3.58,0,Closed 0 worst trades
2026.02.16 12:29:31,410038624,Magic_251101,CRITICAL_TRIM,127.53,122.97,3.58,0,Closed 0 worst trades
2026.02.16 12:29:31,410038624,Magic_251101,CRITICAL_TRIM,127.53,122.97,3.58,0,Closed 0 worst trades
2026.02.16 12:29:31,410038624,Magic_251101,CRITICAL_TRIM,127.53,122.97,3.58,0,Closed 0 worst trades
2026.02.16 12:29:31,410038624,Magic_251101,CRITICAL_TRIM,127.53,122.97,3.58,0,Closed 0 worst trades
2026.02.16 12:29:31,410038624,Magic_251101,CRITICAL_TRIM,127.53,122.97,3.58,0,Closed 0 worst trades
2026.02.16 12:29:32,410038624,Magic_251101,CRITICAL_TRIM,127.53,122.97,3.58,0,Closed 0 worst trades
2026.02.16 12:29:32,410038624,Magic_251101,CRITICAL_TRIM,127.53,122.97,3.58,0,Closed 0 worst trades
2026.02.16 12:29:32,410038624,Magic_251101,CRITICAL_TRIM,127.53,122.97,3.58,0,Closed 0 worst trades
2026.02.16 12:29:32,410038624,Magic_251101,CRITICAL_TRIM,127.53,122.97,3.58,0,Closed 0 worst trades
2026.02.16 12:29:32,410038624,Magic_251101,CRITICAL_TRIM,127.53,122.97,3.58,0,Closed 0 worst trades
2026.02.16 12:29:32,410038624,Magic_251101,CRITICAL_TRIM,127.53,122.97,3.58,0,Closed 0 worst trades
2026.02.16 12:29:32,410038624,Magic_251101,CRITICAL_TRIM,127.53,122.97,3.58,0,Closed 0 worst trades
2026.02.16 12:29:32,410038624,Magic_251101,CRITICAL_TRIM,127.53,122.97,3.58,0,Closed 0 worst trades
2026.02.16 12:29:32,410038624,Magic_251101,CRITICAL_TRIM,127.53,122.97,3.58,0,Closed 0 worst trades
2026.02.16 12:29:33,410038624,Magic_251101,CRITICAL_TRIM,127.53,122.97,3.58,0,Closed 0 worst trades
2026.02.16 12:29:33,410038624,Magic_251101,CRITICAL_TRIM,127.53,122.97,3.58,0,Closed 0 worst trades
2026.02.16 12:29:33,410038624,Magic_251101,CRITICAL_TRIM,127.53,122.97,3.58,0,Closed 0 worst trades
2026.02.16 12:29:33,410038624,Magic_251101,CRITICAL_TRIM,127.53,122.97,3.58,0,Closed 0 worst trades
2026.02.16 12:29:33,410038624,Magic_251101,CRITICAL_TRIM,127.53,122.97,3.58,0,Closed 0 worst trades
2026.02.16 12:29:33,410038624,Magic_251101,CRITICAL_TRIM,127.53,122.97,3.58,0,Closed 0 worst trades
2026.02.16 12:29:33,410038624,Magic_251101,CRITICAL_TRIM,127.53,122.97,3.58,0,Closed 0 worst trades
2026.02.16 12:29:33,410038624,Magic_251101,CRITICAL_TRIM,127.53,122.97,3.58,0,Closed 0 worst trades
2026.02.16 12:29:34,410038624,Magic_251101,CRITICAL_TRIM,127.53,122.97,3.58,0,Closed 0 worst trades
2026.02.16 12:29:34,410038624,Magic_251101,CRITICAL_TRIM,127.53,122.97,3.58,0,Closed 0 worst trades
2026.02.16 12:29:34,410038624,Magic_251101,CRITICAL_TRIM,127.53,122.97,3.58,0,Closed 0 worst trades
2026.02.16 12:29:34,410038624,Magic_251101,CRITICAL_TRIM,127.53,122.97,3.58,0,Closed 0 worst trades
2026.02.16 12:29:35,410038624,Magic_251101,CRITICAL_TRIM,127.53,122.97,3.58,0,Closed 0 worst trades
2026.02.16 12:29:35,410038624,Magic_251101,CRITICAL_TRIM,127.53,122.97,3.58,0,Closed 0 worst trades
2026.02.16 12:29:35,410038624,Magic_251101,CRITICAL_TRIM,127.53,122.97,3.58,0,Closed 0 worst trades
2026.02.16 12:29:35,410038624,Magic_251101,CRITICAL_TRIM,127.53,122.97,3.58,0,Closed 0 worst trades
2026.02.16 12:29:35,410038624,Magic_251101,CRITICAL_TRIM,127.53,122.97,3.58,0,Closed 0 worst trades
2026.02.16 12:29:35,410038624,Magic_251101,CRITICAL_TRIM,127.53,122.97,3.58,0,Closed 0 worst trades
2026.02.16 12:29:35,410038624,Magic_251101,CRITICAL_TRIM,127.53,122.97,3.58,0,Closed 0 worst trades
2026.02.16 12:29:36,410038624,Magic_251101,CRITICAL_TRIM,127.53,122.97,3.58,0,Closed 0 worst trades
2026.02.16 12:29:36,410038624,Magic_251101,CRITICAL_TRIM,127.53,122.97,3.58,0,Closed 0 worst trades
2026.02.16 12:29:36,410038624,Magic_251101,CRITICAL_TRIM,127.53,122.97,3.58,0,Closed 0 worst trades
2026.02.16 12:29:37,410038624,Magic_251101,CRITICAL_TRIM,127.53,122.97,3.58,0,Closed 0 worst trades
2026.02.16 12:29:37,410038624,Magic_251101,CRITICAL_TRIM,127.53,122.97,3.58,0,Closed 0 worst trades
2026.02.16 12:29:37,410038624,Magic_251101,CRITICAL_TRIM,127.53,122.97,3.58,0,Closed 0 worst trades
2026.02.16 12:29:37,410038624,Magic_251101,CRITICAL_TRIM,127.53,122.97,3.58,0,Closed 0 worst trades
2026.02.16 12:29:37,410038624,Magic_251101,CRITICAL_TRIM,127.53,122.97,3.58,0,Closed 0 worst trades
2026.02.16 12:29:37,410038624,Magic_251101,CRITICAL_TRIM,127.53,122.97,3.58,0,Closed 0 worst trades
2026.02.16 12:29:37,410038624,Magic_251101,CRITICAL_TRIM,127.53,122.97,3.58,0,Closed 0 worst trades
2026.02.16 12:29:38,410038624,Magic_251101,CRITICAL_TRIM,127.53,122.97,3.58,0,Closed 0 worst trades
2026.02.16 12:29:39,410038624,Magic_251101,CRITICAL_TRIM,127.53,122.97,3.58,0,Closed 0 worst trades
2026.02.16 12:29:39,410038624,Magic_251101,CRITICAL_TRIM,127.53,122.97,3.58,0,Closed 0 worst trades
2026.02.16 12:29:39,410038624,Magic_251101,CRITICAL_TRIM,127.53,122.97,3.58,0,Closed 0 worst trades
2026.02.16 12:29:39,410038624,Magic_251101,CRITICAL_TRIM,127.53,122.97,3.58,0,Closed 0 worst trades
2026.02.16 12:29:39,410038624,Magic_251101,CRITICAL_TRIM,127.53,122.97,3.58,0,Closed 0 worst trades
2026.02.16 12:29:39,410038624,Magic_251101,CRITICAL_TRIM,127.53,122.97,3.58,0,Closed 0 worst trades
2026.02.16 12:29:39,410038624,Magic_251101,CRITICAL_TRIM,127.53,122.97,3.58,0,Closed 0 worst trades
2026.02.16 12:29:40,410038624,Magic_251101,CRITICAL_TRIM,127.53,122.97,3.58,0,Closed 0 worst trades
2026.02.16 12:29:40,410038624,Magic_251101,CRITICAL_TRIM,127.53,122.97,3.58,0,Closed 0 worst trades
2026.02.16 12:29:40,410038624,Magic_251101,CRITICAL_TRIM,127.53,122.97,3.58,0,Closed 0 worst trades
2026.02.16 12:29:40,410038624,Magic_251101,CRITICAL_TRIM,127.53,122.97,3.58,0,Closed 0 worst trades
2026.02.16 12:29:40,410038624,Magic_251101,CRITICAL_TRIM,127.53,122.97,3.58,0,Closed 0 worst trades
2026.02.16 12:29:41,410038624,Magic_251101,CRITICAL_TRIM,127.53,122.97,3.58,0,Closed 0 worst trades
2026.02.16 12:29:41,410038624,Magic_251101,CRITICAL_TRIM,127.53,122.97,3.58,0,Closed 0 worst trades
2026.02.16 12:29:41,410038624,Magic_251101,CRITICAL_TRIM,127.53,122.97,3.58,0,Closed 0 worst trades
2026.02.16 12:29:42,410038624,Magic_251101,CRITICAL_TRIM,127.53,122.97,3.58,0,Closed 0 worst trades
2026.02.16 12:29:42,410038624,Magic_251101,CRITICAL_TRIM,127.53,122.97,3.58,0,Closed 0 worst trades
2026.02.16 12:29:42,410038624,Magic_251101,CRITICAL_TRIM,127.53,122.97,3.58,0,Closed 0 worst trades
2026.02.16 12:29:43,410038624,Magic_251101,CRITICAL_TRIM,127.53,122.97,3.58,0,Closed 0 worst trades
2026.02.16 12:29:43,410038624,Magic_251101,CRITICAL_TRIM,127.53,122.97,3.58,0,Closed 0 worst trades
2026.02.16 12:29:43,410038624,Magic_251101,CRITICAL_TRIM,127.53,122.97,3.58,0,Closed 0 worst trades
2026.02.16 12:29:43,410038624,Magic_251101,CRITICAL_TRIM,127.53,122.97,3.58,0,Closed 0 worst trades
2026.02.16 12:29:43,410038624,Magic_251101,CRITICAL_TRIM,127.53,122.97,3.58,0,Closed 0 worst trades
2026.02.16 12:29:44,410038624,Magic_251101,CRITICAL_TRIM,127.53,122.97,3.58,0,Closed 0 worst trades
2026.02.16 12:29:44,410038624,Magic_251101,CRITICAL_TRIM,127.53,122.97,3.58,0,Closed 0 worst trades
2026.02.16 12:29:44,410038624,Magic_251101,CRITICAL_TRIM,127.53,122.97,3.58,0,Closed 0 worst trades
2026.02.16 12:29:44,410038624,Magic_251101,CRITICAL_TRIM,127.53,122.97,3.58,0,Closed 0 worst trades
2026.02.16 12:29:44,410038624,Magic_251101,CRITICAL_TRIM,127.53,122.97,3.58,0,Closed 0 worst trades
2026.02.16 12:29:44,410038624,Magic_251101,CRITICAL_TRIM,127.53,122.97,3.58,0,Closed 0 worst trades
2026.02.16 12:29:45,410038624,Magic_251101,CRITICAL_TRIM,127.53,122.97,3.58,0,Closed 0 worst trades
2026.02.16 12:29:45,410038624,Magic_251101,CRITICAL_TRIM,127.53,122.97,3.58,0,Closed 0 worst trades
2026.02.16 12:29:45,410038624,Magic_251101,CRITICAL_TRIM,127.53,122.97,3.58,0,Closed 0 worst trades
2026.02.16 12:29:45,410038624,Magic_251101,CRITICAL_TRIM,127.53,122.97,3.58,0,Closed 0 worst trades
2026.02.16 12:29:45,410038624,Magic_251101,CRITICAL_TRIM,127.53,122.97,3.58,0,Closed 0 worst trades
2026.02.16 12:29:46,410038624,Magic_251101,CRITICAL_TRIM,127.53,122.97,3.58,0,Closed 0 worst trades
2026.02.16 12:29:46,410038624,Magic_251101,CRITICAL_TRIM,127.53,122.97,3.58,0,Closed 0 worst trades
2026.02.16 12:29:46,410038624,Magic_251101,CRITICAL_TRIM,127.53,122.97,3.58,0,Closed 0 worst trades
2026.02.16 12:29:46,410038624,Magic_251101,CRITICAL_TRIM,127.53,122.97,3.58,0,Closed 0 worst trades
2026.02.16 12:29:47,410038624,Magic_251101,CRITICAL_TRIM,127.53,122.97,3.58,0,Closed 0 worst trades
2026.02.16 12:29:47,410038624,Magic_251101,CRITICAL_TRIM,127.53,122.97,3.58,0,Closed 0 worst trades
2026.02.16 12:29:47,410038624,Magic_251101,CRITICAL_TRIM,127.53,122.97,3.58,0,Closed 0 worst trades
2026.02.16 12:29:47,410038624,Magic_251101,CRITICAL_TRIM,127.53,122.97,3.58,0,Closed 0 worst trades
2026.02.16 12:29:48,410038624,Magic_251101,CRITICAL_TRIM,127.53,122.97,3.58,0,Closed 0 worst trades
2026.02.16 12:29:48,410038624,Magic_251101,CRITICAL_TRIM,127.53,122.97,3.58,0,Closed 0 worst trades
2026.02.16 12:29:48,410038624,Magic_251101,CRITICAL_TRIM,127.53,122.97,3.58,0,Closed 0 worst trades
2026.02.16 12:29:48,410038624,Magic_251101,CRITICAL_TRIM,127.53,122.97,3.58,0,Closed 0 worst trades
2026.02.16 12:29:48,410038624,Magic_251101,CRITICAL_TRIM,127.53,122.97,3.58,0,Closed 0 worst trades
2026.02.16 12:29:48,410038624,Magic_251101,CRITICAL_TRIM,127.53,122.97,3.58,0,Closed 0 worst trades
2026.02.16 12:29:49,410038624,Magic_251101,CRITICAL_TRIM,127.53,122.97,3.58,0,Closed 0 worst trades
2026.02.16 12:29:49,410038624,Magic_251101,CRITICAL_TRIM,127.53,122.97,3.58,0,Closed 0 worst trades
2026.02.16 12:29:49,410038624,Magic_251101,CRITICAL_TRIM,127.53,122.97,3.58,0,Closed 0 worst trades
2026.02.16 12:29:50,410038624,Magic_251101,CRITICAL_TRIM,127.53,122.97,3.58,0,Closed 0 worst trades
2026.02.16 12:29:50,410038624,Magic_251101,CRITICAL_TRIM,127.53,122.97,3.58,0,Closed 0 worst trades
2026.02.16 12:29:50,410038624,Magic_251101,CRITICAL_TRIM,127.53,122.97,3.58,0,Closed 0 worst trades
2026.02.16 12:29:50,410038624,Magic_251101,CRITICAL_TRIM,127.53,122.97,3.58,0,Closed 0 worst trades
2026.02.16 12:29:51,410038624,Magic_251101,CRITICAL_TRIM,127.53,122.97,3.58,0,Closed 0 worst trades
2026.02.16 12:29:51,410038624,Magic_251101,CRITICAL_TRIM,127.53,122.97,3.58,0,Closed 0 worst trades
2026.02.16 12:29:51,410038624,Magic_251101,CRITICAL_TRIM,127.53,122.97,3.58,0,Closed 0 worst trades
2026.02.16 12:29:51,410038624,Magic_251101,CRITICAL_TRIM,127.53,122.97,3.58,0,Closed 0 worst trades
2026.02.16 12:29:52,410038624,Magic_251101,CRITICAL_TRIM,127.53,122.97,3.58,0,Closed 0 worst trades
2026.02.16 12:29:52,410038624,Magic_251101,CRITICAL_TRIM,127.53,122.97,3.58,0,Closed 0 worst trades
2026.02.16 12:29:52,410038624,Magic_251101,CRITICAL_TRIM,127.53,122.97,3.58,0,Closed 0 worst trades
2026.02.16 12:29:52,410038624,Magic_251101,CRITICAL_TRIM,127.53,122.97,3.58,0,Closed 0 worst trades
2026.02.16 12:29:52,410038624,Magic_251101,CRITICAL_TRIM,127.53,122.97,3.58,0,Closed 0 worst trades
2026.02.16 12:29:53,410038624,Magic_251101,CRITICAL_TRIM,127.53,122.97,3.58,0,Closed 0 worst trades
2026.02.16 12:29:53,410038624,Magic_251101,CRITICAL_TRIM,127.53,122.97,3.58,0,Closed 0 worst trades
2026.02.16 12:29:53,410038624,Magic_251101,CRITICAL_TRIM,127.53,122.97,3.58,0,Closed 0 worst trades
2026.02.16 12:29:53,410038624,Magic_251101,CRITICAL_TRIM,127.53,122.97,3.58,0,Closed 0 worst trades
2026.02.16 12:29:53,410038624,Magic_251101,CRITICAL_TRIM,127.53,122.97,3.58,0,Closed 0 worst trades
2026.02.16 12:29:53,410038624,Magic_251101,CRITICAL_TRIM,127.53,122.97,3.58,0,Closed 0 worst trades
2026.02.16 12:29:53,410038624,Magic_251101,CRITICAL_TRIM,127.53,122.97,3.58,0,Closed 0 worst trades
2026.02.16 12:29:54,410038624,Magic_251101,CRITICAL_TRIM,127.53,122.97,3.58,0,Closed 0 worst trades
2026.02.16 12:29:54,410038624,Magic_251101,CRITICAL_TRIM,127.53,122.97,3.58,0,Closed 0 worst trades
2026.02.16 12:29:54,410038624,Magic_251101,CRITICAL_TRIM,127.53,122.97,3.58,0,Closed 0 worst trades
2026.02.16 12:29:54,410038624,Magic_251101,CRITICAL_TRIM,127.53,122.97,3.58,0,Closed 0 worst trades
2026.02.16 12:29:54,410038624,Magic_251101,CRITICAL_TRIM,127.53,122.97,3.58,0,Closed 0 worst trades
2026.02.16 12:29:55,410038624,Magic_251101,CRITICAL_TRIM,127.53,122.97,3.58,0,Closed 0 worst trades
2026.02.16 12:29:55,410038624,Magic_251101,CRITICAL_TRIM,127.53,122.97,3.58,0,Closed 0 worst trades
2026.02.16 12:29:55,410038624,Magic_251101,CRITICAL_TRIM,127.53,122.97,3.58,0,Closed 0 worst trades
2026.02.16 12:29:55,410038624,Magic_251101,CRITICAL_TRIM,127.53,122.97,3.58,0,Closed 0 worst trades
2026.02.16 12:29:55,410038624,Magic_251101,CRITICAL_TRIM,127.53,122.97,3.58,0,Closed 0 worst trades
2026.02.16 12:29:55,410038624,Magic_251101,CRITICAL_TRIM,127.53,122.97,3.58,0,Closed 0 worst trades
2026.02.16 12:29:55,410038624,Magic_251101,CRITICAL_TRIM,127.53,122.97,3.58,0,Closed 0 worst trades
2026.02.16 12:29:56,410038624,Magic_251101,CRITICAL_TRIM,127.53,122.97,3.58,0,Closed 0 worst trades
2026.02.16 12:29:56,410038624,Magic_251101,CRITICAL_TRIM,127.53,122.97,3.58,0,Closed 0 worst trades
2026.02.16 12:29:56,410038624,Magic_251101,CRITICAL_TRIM,127.53,122.97,3.58,0,Closed 0 worst trades
2026.02.16 12:29:56,410038624,Magic_251101,CRITICAL_TRIM,127.53,122.97,3.58,0,Closed 0 worst trades
2026.02.16 12:29:56,410038624,Magic_251101,CRITICAL_TRIM,127.53,122.97,3.58,0,Closed 0 worst trades
2026.02.16 12:29:56,410038624,Magic_251101,CRITICAL_TRIM,127.53,122.97,3.58,0,Closed 0 worst trades
2026.02.16 12:29:56,410038624,Magic_251101,CRITICAL_TRIM,127.53,122.97,3.58,0,Closed 0 worst trades
2026.02.16 12:29:56,410038624,Magic_251101,CRITICAL_TRIM,127.53,122.97,3.58,0,Closed 0 worst trades
2026.02.16 12:29:56,410038624,Magic_251101,CRITICAL_TRIM,127.53,122.97,3.58,0,Closed 0 worst trades
2026.02.16 12:29:57,410038624,Magic_251101,CRITICAL_TRIM,127.53,122.97,3.58,0,Closed 0 worst trades
2026.02.16 12:29:57,410038624,Magic_251101,CRITICAL_TRIM,127.53,122.97,3.58,0,Closed 0 worst trades
2026.02.16 12:29:57,410038624,Magic_251101,CRITICAL_TRIM,127.53,122.97,3.58,0,Closed 0 worst trades
2026.02.16 12:29:57,410038624,Magic_251101,CRITICAL_TRIM,127.53,122.97,3.58,0,Closed 0 worst trades
2026.02.16 12:29:57,410038624,Magic_251101,CRITICAL_TRIM,127.53,122.97,3.58,0,Closed 0 worst trades
2026.02.16 12:29:57,410038624,Magic_251101,CRITICAL_TRIM,127.53,122.97,3.58,0,Closed 0 worst trades
2026.02.16 12:29:57,410038624,Magic_251101,CRITICAL_TRIM,127.53,122.97,3.58,0,Closed 0 worst trades
2026.02.16 12:29:58,410038624,Magic_251101,CRITICAL_TRIM,127.53,122.97,3.58,0,Closed 0 worst trades
2026.02.16 12:29:58,410038624,Magic_251101,CRITICAL_TRIM,127.53,122.97,3.58,0,Closed 0 worst trades
2026.02.16 12:29:58,410038624,Magic_251101,CRITICAL_TRIM,127.53,122.97,3.58,0,Closed 0 worst trades
2026.02.16 12:29:58,410038624,Magic_251101,CRITICAL_TRIM,127.53,122.97,3.58,0,Closed 0 worst trades
2026.02.16 12:29:58,410038624,Magic_251101,CRITICAL_TRIM,127.53,122.97,3.58,0,Closed 0 worst trades
2026.02.16 12:29:59,410038624,Magic_251101,CRITICAL_TRIM,127.53,122.97,3.58,0,Closed 0 worst trades
2026.02.16 12:30:00,410038624,Magic_251101,CRITICAL_TRIM,127.53,122.97,3.58,0,Closed 0 worst trades
2026.02.16 12:30:00,410038624,Magic_251101,CRITICAL_TRIM,127.53,122.97,3.58,0,Closed 0 worst trades
2026.02.16 12:30:00,410038624,Magic_251101,CRITICAL_TRIM,127.53,122.97,3.58,0,Closed 0 worst trades
2026.02.16 12:30:01,410038624,Magic_251101,CRITICAL_TRIM,127.53,122.97,3.58,0,Closed 0 worst trades
2026.02.16 12:30:01,410038624,Magic_251101,CRITICAL_TRIM,127.53,122.97,3.58,0,Closed 0 worst trades
2026.02.16 12:30:01,410038624,Magic_251101,CRITICAL_TRIM,127.53,122.97,3.58,0,Closed 0 worst trades
2026.02.16 12:30:01,410038624,Magic_251101,CRITICAL_TRIM,127.53,122.97,3.58,0,Closed 0 worst trades
2026.02.16 12:30:01,410038624,Magic_251101,CRITICAL_TRIM,127.53,122.97,3.58,0,Closed 0 worst trades
2026.02.16 12:30:01,410038624,Magic_251101,CRITICAL_TRIM,127.53,122.97,3.58,0,Closed 0 worst trades
2026.02.16 12:30:02,410038624,Magic_251101,CRITICAL_TRIM,127.53,122.97,3.58,0,Closed 0 worst trades
2026.02.16 12:30:02,410038624,Magic_251101,CRITICAL_TRIM,127.53,122.97,3.58,0,Closed 0 worst trades
2026.02.16 12:30:02,410038624,Magic_251101,CRITICAL_TRIM,127.53,122.97,3.58,0,Closed 0 worst trades
2026.02.16 12:30:02,410038624,Magic_251101,CRITICAL_TRIM,127.53,122.97,3.58,0,Closed 0 worst trades
2026.02.16 12:30:03,410038624,Magic_251101,CRITICAL_TRIM,127.53,122.97,3.58,0,Closed 0 worst trades
2026.02.16 12:30:03,410038624,Magic_251101,CRITICAL_TRIM,127.53,122.97,3.58,0,Closed 0 worst trades
2026.02.16 12:30:03,410038624,Magic_251101,CRITICAL_TRIM,127.53,122.97,3.58,0,Closed 0 worst trades
2026.02.16 12:30:03,410038624,Magic_251101,CRITICAL_TRIM,127.53,122.97,3.58,0,Closed 0 worst trades
2026.02.16 12:30:03,410038624,Magic_251101,CRITICAL_TRIM,127.53,122.97,3.58,0,Closed 0 worst trades
2026.02.16 12:30:03,410038624,Magic_251101,CRITICAL_TRIM,127.53,122.97,3.58,0,Closed 0 worst trades
2026.02.16 12:30:03,410038624,Magic_251101,CRITICAL_TRIM,127.53,122.97,3.58,0,Closed 0 worst trades
2026.02.16 12:30:04,410038624,Magic_251101,CRITICAL_TRIM,127.53,122.97,3.58,0,Closed 0 worst trades
2026.02.16 12:30:04,410038624,Magic_251101,CRITICAL_TRIM,127.53,122.97,3.58,0,Closed 0 worst trades
2026.02.16 12:30:04,410038624,Magic_251101,CRITICAL_TRIM,127.53,122.97,3.58,0,Closed 0 worst trades
2026.02.16 12:30:04,410038624,Magic_251101,CRITICAL_TRIM,127.53,122.97,3.58,0,Closed 0 worst trades
2026.02.16 12:30:04,410038624,Magic_251101,CRITICAL_TRIM,127.53,122.97,3.58,0,Closed 0 worst trades
2026.02.16 12:30:04,410038624,Magic_251101,CRITICAL_TRIM,127.53,122.97,3.58,0,Closed 0 worst trades
2026.02.16 12:30:05,410038624,Magic_251101,CRITICAL_TRIM,127.53,122.97,3.58,0,Closed 0 worst trades
2026.02.16 12:30:05,410038624,Magic_251101,CRITICAL_TRIM,127.53,122.97,3.58,0,Closed 0 worst trades
2026.02.16 12:30:05,410038624,Magic_251101,CRITICAL_TRIM,127.53,122.97,3.58,0,Closed 0 worst trades
2026.02.16 12:30:05,410038624,Magic_251101,CRITICAL_TRIM,127.53,122.97,3.58,0,Closed 0 worst trades
2026.02.16 12:30:05,410038624,Magic_251101,CRITICAL_TRIM,127.53,122.97,3.58,0,Closed 0 worst trades
2026.02.16 12:30:05,410038624,Magic_251101,CRITICAL_TRIM,127.53,122.97,3.58,0,Closed 0 worst trades
2026.02.16 12:30:06,410038624,Magic_251101,CRITICAL_TRIM,127.53,122.97,3.58,0,Closed 0 worst trades
2026.02.16 12:30:06,410038624,Magic_251101,CRITICAL_TRIM,127.53,122.97,3.58,0,Closed 0 worst trades
2026.02.16 12:30:06,410038624,Magic_251101,CRITICAL_TRIM,127.53,122.97,3.58,0,Closed 0 worst trades
2026.02.16 12:30:06,410038624,Magic_251101,CRITICAL_TRIM,127.53,122.97,3.58,0,Closed 0 worst trades
2026.02.16 12:30:06,410038624,Magic_251101,CRITICAL_TRIM,127.53,122.97,3.58,0,Closed 0 worst trades
2026.02.16 12:30:06,410038624,Magic_251101,CRITICAL_TRIM,127.53,122.97,3.58,0,Closed 0 worst trades
2026.02.16 12:30:06,410038624,Magic_251101,CRITICAL_TRIM,127.53,122.97,3.58,0,Closed 0 worst trades
2026.02.16 12:30:06,410038624,Magic_251101,CRITICAL_TRIM,127.53,122.97,3.58,0,Closed 0 worst trades
2026.02.16 12:30:06,410038624,Magic_251101,CRITICAL_TRIM,127.53,122.97,3.58,0,Closed 0 worst trades
2026.02.16 12:30:07,410038624,Magic_251101,CRITICAL_TRIM,127.53,122.97,3.58,0,Closed 0 worst trades
2026.02.16 12:30:07,410038624,Magic_251101,CRITICAL_TRIM,127.53,122.97,3.58,0,Closed 0 worst trades
2026.02.16 12:30:07,410038624,Magic_251101,CRITICAL_TRIM,127.53,122.97,3.58,0,Closed 0 worst trades
2026.02.16 12:30:07,410038624,Magic_251101,CRITICAL_TRIM,127.53,122.97,3.58,0,Closed 0 worst trades
2026.02.16 12:30:07,410038624,Magic_251101,CRITICAL_TRIM,127.53,122.97,3.58,0,Closed 0 worst trades
2026.02.16 12:30:07,410038624,Magic_251101,CRITICAL_TRIM,127.53,122.97,3.58,0,Closed 0 worst trades
2026.02.16 12:30:07,410038624,Magic_251101,CRITICAL_TRIM,127.53,122.97,3.58,0,Closed 0 worst trades
2026.02.16 12:30:07,410038624,Magic_251101,CRITICAL_TRIM,127.53,122.97,3.58,0,Closed 0 worst trades
2026.02.16 12:30:07,410038624,Magic_251101,CRITICAL_TRIM,127.53,122.97,3.58,0,Closed 0 worst trades
2026.02.16 12:30:08,410038624,Magic_251101,CRITICAL_TRIM,127.53,122.97,3.58,0,Closed 0 worst trades
2026.02.16 12:30:08,410038624,Magic_251101,CRITICAL_TRIM,127.53,122.97,3.58,0,Closed 0 worst trades
2026.02.16 12:30:08,410038624,Magic_251101,CRITICAL_TRIM,127.53,122.97,3.58,0,Closed 0 worst trades
2026.02.16 12:30:08,410038624,Magic_251101,CRITICAL_TRIM,127.53,122.97,3.58,0,Closed 0 worst trades
2026.02.16 12:30:08,410038624,Magic_251101,CRITICAL_TRIM,127.53,122.97,3.58,0,Closed 0 worst trades
2026.02.16 12:30:09,410038624,Magic_251101,CRITICAL_TRIM,127.53,122.97,3.58,0,Closed 0 worst trades
2026.02.16 12:30:09,410038624,Magic_251101,CRITICAL_TRIM,127.53,122.97,3.58,0,Closed 0 worst trades
2026.02.16 12:30:09,410038624,Magic_251101,CRITICAL_TRIM,127.53,122.97,3.58,0,Closed 0 worst trades
2026.02.16 12:30:10,410038624,Magic_251101,CRITICAL_TRIM,127.53,122.97,3.58,0,Closed 0 worst trades
2026.02.16 12:30:10,410038624,Magic_251101,CRITICAL_TRIM,127.53,122.97,3.58,0,Closed 0 worst trades
2026.02.16 12:30:10,410038624,Magic_251101,CRITICAL_TRIM,127.53,122.97,3.58,0,Closed 0 worst trades
2026.02.16 12:30:10,410038624,Magic_251101,CRITICAL_TRIM,127.53,122.97,3.58,0,Closed 0 worst trades
2026.02.16 12:30:10,410038624,Magic_251101,CRITICAL_TRIM,127.53,122.97,3.58,0,Closed 0 worst trades
2026.02.16 12:30:10,410038624,Magic_251101,CRITICAL_TRIM,127.53,122.97,3.58,0,Closed 0 worst trades
2026.02.16 12:30:10,410038624,Magic_251101,CRITICAL_TRIM,127.53,122.97,3.58,0,Closed 0 worst trades
2026.02.16 12:30:11,410038624,Magic_251101,CRITICAL_TRIM,127.53,122.97,3.58,0,Closed 0 worst trades
2026.02.16 12:30:11,410038624,Magic_251101,CRITICAL_TRIM,127.53,122.97,3.58,0,Closed 0 worst trades
2026.02.16 12:30:11,410038624,Magic_251101,CRITICAL_TRIM,127.53,122.97,3.58,0,Closed 0 worst trades
2026.02.16 12:30:11,410038624,Magic_251101,CRITICAL_TRIM,127.53,122.97,3.58,0,Closed 0 worst trades
2026.02.16 12:30:11,410038624,Magic_251101,CRITICAL_TRIM,127.53,122.97,3.58,0,Closed 0 worst trades
2026.02.16 12:30:11,410038624,Magic_251101,CRITICAL_TRIM,127.53,122.97,3.58,0,Closed 0 worst trades
2026.02.16 12:30:11,410038624,Magic_251101,CRITICAL_TRIM,127.53,122.97,3.58,0,Closed 0 worst trades
2026.02.16 12:30:12,410038624,Magic_251101,CRITICAL_TRIM,127.53,122.97,3.58,0,Closed 0 worst trades
2026.02.16 12:30:12,410038624,Magic_251101,CRITICAL_TRIM,127.53,122.97,3.58,0,Closed 0 worst trades
2026.02.16 12:30:13,410038624,Magic_251101,CRITICAL_TRIM,127.53,122.97,3.58,0,Closed 0 worst trades
2026.02.16 12:30:13,410038624,Magic_251101,CRITICAL_TRIM,127.53,122.97,3.58,0,Closed 0 worst trades
2026.02.16 12:30:13,410038624,Magic_251101,CRITICAL_TRIM,127.53,122.97,3.58,0,Closed 0 worst trades
2026.02.16 12:30:13,410038624,Magic_251101,CRITICAL_TRIM,127.53,122.97,3.58,0,Closed 0 worst trades
2026.02.16 12:30:13,410038624,Magic_251101,CRITICAL_TRIM,127.53,122.97,3.58,0,Closed 0 worst trades
2026.02.16 12:30:13,410038624,Magic_251101,CRITICAL_TRIM,127.53,122.97,3.58,0,Closed 0 worst trades
2026.02.16 12:30:13,410038624,Magic_251101,CRITICAL_TRIM,127.53,122.97,3.58,0,Closed 0 worst trades
2026.02.16 12:30:13,410038624,Magic_251101,CRITICAL_TRIM,127.53,122.97,3.58,0,Closed 0 worst trades
2026.02.16 12:30:13,410038624,Magic_251101,CRITICAL_TRIM,127.53,122.97,3.58,0,Closed 0 worst trades
2026.02.16 12:30:13,410038624,Magic_251101,CRITICAL_TRIM,127.53,122.97,3.58,0,Closed 0 worst trades
2026.02.16 12:30:14,410038624,Magic_251101,CRITICAL_TRIM,127.53,122.97,3.58,0,Closed 0 worst trades
2026.02.16 12:30:14,410038624,Magic_251101,CRITICAL_TRIM,127.53,122.97,3.58,0,Closed 0 worst trades
2026.02.16 12:30:15,410038624,Magic_251101,CRITICAL_TRIM,127.53,122.97,3.58,0,Closed 0 worst trades
2026.02.16 12:30:15,410038624,Magic_251101,CRITICAL_TRIM,127.53,122.97,3.58,0,Closed 0 worst trades
2026.02.16 12:30:15,410038624,Magic_251101,CRITICAL_TRIM,127.53,122.97,3.58,0,Closed 0 worst trades
2026.02.16 12:30:15,410038624,Magic_251101,CRITICAL_TRIM,127.53,122.97,3.58,0,Closed 0 worst trades
2026.02.16 12:30:16,410038624,Magic_251101,CRITICAL_TRIM,127.53,122.97,3.58,0,Closed 0 worst trades
2026.02.16 12:30:16,410038624,Magic_251101,CRITICAL_TRIM,127.53,122.97,3.58,0,Closed 0 worst trades
2026.02.16 12:30:16,410038624,Magic_251101,CRITICAL_TRIM,127.53,122.97,3.58,0,Closed 0 worst trades
2026.02.16 12:30:16,410038624,Magic_251101,CRITICAL_TRIM,127.53,122.97,3.58,0,Closed 0 worst trades
2026.02.16 12:30:16,410038624,Magic_251101,CRITICAL_TRIM,127.53,122.97,3.58,0,Closed 0 worst trades
2026.02.16 12:30:17,410038624,Magic_251101,CRITICAL_TRIM,127.53,122.97,3.58,0,Closed 0 worst trades
2026.02.16 12:30:17,410038624,Magic_251101,CRITICAL_TRIM,127.53,122.97,3.58,0,Closed 0 worst trades
2026.02.16 12:30:17,410038624,Magic_251101,CRITICAL_TRIM,127.53,122.97,3.58,0,Closed 0 worst trades
2026.02.16 12:30:17,410038624,Magic_251101,CRITICAL_TRIM,127.53,122.97,3.58,0,Closed 0 worst trades
2026.02.16 12:30:17,410038624,Magic_251101,CRITICAL_TRIM,127.53,122.97,3.58,0,Closed 0 worst trades
2026.02.16 12:30:18,410038624,Magic_251101,CRITICAL_TRIM,127.53,122.97,3.58,0,Closed 0 worst trades
2026.02.16 12:30:18,410038624,Magic_251101,CRITICAL_TRIM,127.53,122.97,3.58,0,Closed 0 worst trades
2026.02.16 12:30:18,410038624,Magic_251101,CRITICAL_TRIM,127.53,122.97,3.58,0,Closed 0 worst trades
2026.02.16 12:30:19,410038624,Magic_251101,CRITICAL_TRIM,127.53,122.97,3.58,0,Closed 0 worst trades
2026.02.16 12:30:19,410038624,Magic_251101,CRITICAL_TRIM,127.53,122.97,3.58,0,Closed 0 worst trades
2026.02.16 12:30:19,410038624,Magic_251101,CRITICAL_TRIM,127.53,122.97,3.58,0,Closed 0 worst trades
2026.02.16 12:30:19,410038624,Magic_251101,CRITICAL_TRIM,127.53,122.97,3.58,0,Closed 0 worst trades
2026.02.16 12:30:20,410038624,Magic_251101,CRITICAL_TRIM,127.53,122.97,3.58,0,Closed 0 worst trades
2026.02.16 12:30:20,410038624,Magic_251101,CRITICAL_TRIM,127.53,122.97,3.58,0,Closed 0 worst trades
2026.02.16 12:30:20,410038624,Magic_251101,CRITICAL_TRIM,127.53,122.97,3.58,0,Closed 0 worst trades
2026.02.16 12:30:20,410038624,Magic_251101,CRITICAL_TRIM,127.53,122.97,3.58,0,Closed 0 worst trades
2026.02.16 12:30:20,410038624,Magic_251101,CRITICAL_TRIM,127.53,122.97,3.58,0,Closed 0 worst trades
2026.02.16 12:30:20,410038624,Magic_251101,CRITICAL_TRIM,127.53,122.97,3.58,0,Closed 0 worst trades
2026.02.16 12:30:21,410038624,Magic_251101,CRITICAL_TRIM,127.53,122.97,3.58,0,Closed 0 worst trades
2026.02.16 12:30:21,410038624,Magic_251101,CRITICAL_TRIM,127.53,122.97,3.58,0,Closed 0 worst trades
2026.02.16 12:30:21,410038624,Magic_251101,CRITICAL_TRIM,127.53,122.97,3.58,0,Closed 0 worst trades
2026.02.16 12:30:22,410038624,Magic_251101,CRITICAL_TRIM,127.53,122.97,3.58,0,Closed 0 worst trades
2026.02.16 12:30:22,410038624,Magic_251101,CRITICAL_TRIM,127.53,122.97,3.58,0,Closed 0 worst trades
2026.02.16 12:30:22,410038624,Magic_251101,CRITICAL_TRIM,127.53,122.97,3.58,0,Closed 0 worst trades
2026.02.16 12:30:22,410038624,Magic_251101,CRITICAL_TRIM,127.53,122.97,3.58,0,Closed 0 worst trades
2026.02.16 12:30:22,410038624,Magic_251101,CRITICAL_TRIM,127.53,122.97,3.58,0,Closed 0 worst trades
2026.02.16 12:30:22,410038624,Magic_251101,CRITICAL_TRIM,127.53,122.97,3.58,0,Closed 0 worst trades
2026.02.16 12:30:23,410038624,Magic_251101,CRITICAL_TRIM,127.53,122.97,3.58,0,Closed 0 worst trades
2026.02.16 12:30:23,410038624,Magic_251101,CRITICAL_TRIM,127.53,122.97,3.58,0,Closed 0 worst trades
2026.02.16 12:30:23,410038624,Magic_251101,CRITICAL_TRIM,127.53,122.97,3.58,0,Closed 0 worst trades
2026.02.16 12:30:23,410038624,Magic_251101,CRITICAL_TRIM,127.53,122.97,3.58,0,Closed 0 worst trades
2026.02.16 12:30:24,410038624,Magic_251101,CRITICAL_TRIM,127.53,122.97,3.58,0,Closed 0 worst trades
2026.02.16 12:30:24,410038624,Magic_251101,CRITICAL_TRIM,127.53,122.97,3.58,0,Closed 0 worst trades
2026.02.16 12:30:24,410038624,Magic_251101,CRITICAL_TRIM,127.53,122.97,3.58,0,Closed 0 worst trades
2026.02.16 12:30:24,410038624,Magic_251101,CRITICAL_TRIM,127.53,122.97,3.58,0,Closed 0 worst trades
2026.02.16 12:30:25,410038624,Magic_251101,CRITICAL_TRIM,127.53,122.97,3.58,0,Closed 0 worst trades
2026.02.16 12:30:25,410038624,Magic_251101,CRITICAL_TRIM,127.53,122.97,3.58,0,Closed 0 worst trades
2026.02.16 12:30:25,410038624,Magic_251101,CRITICAL_TRIM,127.53,122.97,3.58,0,Closed 0 worst trades
2026.02.16 12:30:25,410038624,Magic_251101,CRITICAL_TRIM,127.53,122.97,3.58,0,Closed 0 worst trades
2026.02.16 12:30:25,410038624,Magic_251101,CRITICAL_TRIM,127.53,122.97,3.58,0,Closed 0 worst trades
2026.02.16 12:30:25,410038624,Magic_251101,CRITICAL_TRIM,127.53,122.97,3.58,0,Closed 0 worst trades
2026.02.16 12:30:25,410038624,Magic_251101,CRITICAL_TRIM,127.53,122.97,3.58,0,Closed 0 worst trades
2026.02.16 12:30:25,410038624,Magic_251101,CRITICAL_TRIM,127.53,122.97,3.58,0,Closed 0 worst trades
2026.02.16 12:30:25,410038624,Magic_251101,CRITICAL_TRIM,127.53,122.97,3.58,0,Closed 0 worst trades
2026.02.16 12:30:25,410038624,Magic_251101,CRITICAL_TRIM,127.53,122.97,3.58,0,Closed 0 worst trades
2026.02.16 12:30:26,410038624,Magic_251101,CRITICAL_TRIM,127.53,122.97,3.58,0,Closed 0 worst trades
2026.02.16 12:30:26,410038624,Magic_251101,CRITICAL_TRIM,127.53,122.97,3.58,0,Closed 0 worst trades
2026.02.16 12:30:26,410038624,Magic_251101,CRITICAL_TRIM,127.53,122.97,3.58,0,Closed 0 worst trades
2026.02.16 12:30:26,410038624,Magic_251101,CRITICAL_TRIM,127.53,122.97,3.58,0,Closed 0 worst trades
2026.02.16 12:30:26,410038624,Magic_251101,CRITICAL_TRIM,127.53,122.97,3.58,0,Closed 0 worst trades
2026.02.16 12:30:26,410038624,Magic_251101,CRITICAL_TRIM,127.53,122.97,3.58,0,Closed 0 worst trades
2026.02.16 12:30:26,410038624,Magic_251101,CRITICAL_TRIM,127.53,122.97,3.58,0,Closed 0 worst trades
2026.02.16 12:30:26,410038624,Magic_251101,CRITICAL_TRIM,127.53,122.97,3.58,0,Closed 0 worst trades
2026.02.16 12:30:27,410038624,Magic_251101,CRITICAL_TRIM,127.53,122.97,3.58,0,Closed 0 worst trades
2026.02.16 12:30:27,410038624,Magic_251101,CRITICAL_TRIM,127.53,122.97,3.58,0,Closed 0 worst trades
2026.02.16 12:30:27,410038624,Magic_251101,CRITICAL_TRIM,127.53,122.97,3.58,0,Closed 0 worst trades
2026.02.16 12:30:27,410038624,Magic_251101,CRITICAL_TRIM,127.53,122.97,3.58,0,Closed 0 worst trades
2026.02.16 12:30:27,410038624,Magic_251101,CRITICAL_TRIM,127.53,122.97,3.58,0,Closed 0 worst trades
2026.02.16 12:30:27,410038624,Magic_251101,CRITICAL_TRIM,127.53,122.97,3.58,0,Closed 0 worst trades
2026.02.16 12:30:28,410038624,Magic_251101,CRITICAL_TRIM,127.53,122.97,3.58,0,Closed 0 worst trades
2026.02.16 12:30:28,410038624,Magic_251101,CRITICAL_TRIM,127.53,122.97,3.58,0,Closed 0 worst trades
2026.02.16 12:30:28,410038624,Magic_251101,CRITICAL_TRIM,127.53,122.97,3.58,0,Closed 0 worst trades
2026.02.16 12:30:28,410038624,Magic_251101,CRITICAL_TRIM,127.53,122.97,3.58,0,Closed 0 worst trades
2026.02.16 12:30:28,410038624,Magic_251101,CRITICAL_TRIM,127.53,122.97,3.58,0,Closed 0 worst trades
2026.02.16 12:30:29,410038624,Magic_251101,CRITICAL_TRIM,127.53,122.97,3.58,0,Closed 0 worst trades
2026.02.16 12:30:29,410038624,Magic_251101,CRITICAL_TRIM,127.53,122.97,3.58,0,Closed 0 worst trades
2026.02.16 12:30:29,410038624,Magic_251101,CRITICAL_TRIM,127.53,122.97,3.58,0,Closed 0 worst trades
2026.02.16 12:30:29,410038624,Magic_251101,CRITICAL_TRIM,127.53,122.97,3.58,0,Closed 0 worst trades
2026.02.16 12:30:29,410038624,Magic_251101,CRITICAL_TRIM,127.53,122.97,3.58,0,Closed 0 worst trades
2026.02.16 12:30:29,410038624,Magic_251101,CRITICAL_TRIM,127.53,122.97,3.58,0,Closed 0 worst trades
2026.02.16 12:30:30,410038624,Magic_251101,CRITICAL_TRIM,127.53,122.97,3.58,0,Closed 0 worst trades
2026.02.16 12:30:30,410038624,Magic_251101,CRITICAL_TRIM,127.53,122.97,3.58,0,Closed 0 worst trades
2026.02.16 12:30:30,410038624,Magic_251101,CRITICAL_TRIM,127.53,122.97,3.58,0,Closed 0 worst trades
2026.02.16 12:30:30,410038624,Magic_251101,CRITICAL_TRIM,127.53,122.97,3.58,0,Closed 0 worst trades
2026.02.16 12:30:30,410038624,Magic_251101,CRITICAL_TRIM,127.53,122.97,3.58,0,Closed 0 worst trades
2026.02.16 12:30:30,410038624,Magic_251101,CRITICAL_TRIM,127.53,122.97,3.58,0,Closed 0 worst trades
2026.02.16 12:30:31,410038624,Magic_251101,CRITICAL_TRIM,127.53,122.97,3.58,0,Closed 0 worst trades
2026.02.16 12:30:31,410038624,Magic_251101,CRITICAL_TRIM,127.53,122.97,3.58,0,Closed 0 worst trades
2026.02.16 12:30:31,410038624,Magic_251101,CRITICAL_TRIM,127.53,122.97,3.58,0,Closed 0 worst trades
2026.02.16 12:30:31,410038624,Magic_251101,CRITICAL_TRIM,127.53,122.97,3.58,0,Closed 0 worst trades
2026.02.16 12:30:31,410038624,Magic_251101,CRITICAL_TRIM,127.53,122.97,3.58,0,Closed 0 worst trades
2026.02.16 12:30:31,410038624,Magic_251101,CRITICAL_TRIM,127.53,122.97,3.58,0,Closed 0 worst trades
2026.02.16 12:30:32,410038624,Magic_251101,CRITICAL_TRIM,127.53,122.97,3.58,0,Closed 0 worst trades
2026.02.16 12:30:32,410038624,Magic_251101,CRITICAL_TRIM,127.53,122.97,3.58,0,Closed 0 worst trades
2026.02.16 12:30:33,410038624,Magic_251101,CRITICAL_TRIM,127.53,122.97,3.58,0,Closed 0 worst trades
2026.02.16 12:30:33,410038624,Magic_251101,CRITICAL_TRIM,127.53,122.97,3.58,0,Closed 0 worst trades
2026.02.16 12:30:33,410038624,Magic_251101,CRITICAL_TRIM,127.53,122.97,3.58,0,Closed 0 worst trades
2026.02.16 12:30:33,410038624,Magic_251101,CRITICAL_TRIM,127.53,122.97,3.58,0,Closed 0 worst trades
2026.02.16 12:30:33,410038624,Magic_251101,CRITICAL_TRIM,127.53,122.97,3.58,0,Closed 0 worst trades
2026.02.16 12:30:34,410038624,Magic_251101,CRITICAL_TRIM,127.53,122.97,3.58,0,Closed 0 worst trades
2026.02.16 12:30:34,410038624,Magic_251101,CRITICAL_TRIM,127.53,122.97,3.58,0,Closed 0 worst trades
2026.02.16 12:30:34,410038624,Magic_251101,CRITICAL_TRIM,127.53,122.97,3.58,0,Closed 0 worst trades
2026.02.16 12:30:34,410038624,Magic_251101,CRITICAL_TRIM,127.53,122.97,3.58,0,Closed 0 worst trades
2026.02.16 12:30:34,410038624,Magic_251101,CRITICAL_TRIM,127.53,122.97,3.58,0,Closed 0 worst trades
2026.02.16 12:30:34,410038624,Magic_251101,CRITICAL_TRIM,127.53,122.97,3.58,0,Closed 0 worst trades
2026.02.16 12:30:34,410038624,Magic_251101,CRITICAL_TRIM,127.53,122.97,3.58,0,Closed 0 worst trades
2026.02.16 12:30:35,410038624,Magic_251101,CRITICAL_TRIM,127.53,122.97,3.58,0,Closed 0 worst trades
2026.02.16 12:30:35,410038624,Magic_251101,CRITICAL_TRIM,127.53,122.97,3.58,0,Closed 0 worst trades
2026.02.16 12:30:35,410038624,Magic_251101,CRITICAL_TRIM,127.53,122.97,3.58,0,Closed 0 worst trades
2026.02.16 12:30:35,410038624,Magic_251101,CRITICAL_TRIM,127.53,122.97,3.58,0,Closed 0 worst trades
2026.02.16 12:30:35,410038624,Magic_251101,CRITICAL_TRIM,127.53,122.97,3.58,0,Closed 0 worst trades
2026.02.16 12:30:35,410038624,Magic_251101,CRITICAL_TRIM,127.53,122.97,3.58,0,Closed 0 worst trades
2026.02.16 12:30:35,410038624,Magic_251101,CRITICAL_TRIM,127.53,122.97,3.58,0,Closed 0 worst trades
2026.02.16 12:30:37,410038624,Magic_251101,CRITICAL_TRIM,127.53,122.97,3.58,0,Closed 0 worst trades
2026.02.16 12:30:37,410038624,Magic_251101,CRITICAL_TRIM,127.53,122.97,3.58,0,Closed 0 worst trades
2026.02.16 12:30:37,410038624,Magic_251101,CRITICAL_TRIM,127.53,122.97,3.58,0,Closed 0 worst trades
2026.02.16 12:30:37,410038624,Magic_251101,CRITICAL_TRIM,127.53,122.97,3.58,0,Closed 0 worst trades
2026.02.16 12:30:37,410038624,Magic_251101,CRITICAL_TRIM,127.53,122.97,3.58,0,Closed 0 worst trades
2026.02.16 12:30:38,410038624,Magic_251101,CRITICAL_TRIM,127.53,122.97,3.58,0,Closed 0 worst trades
2026.02.16 12:30:38,410038624,Magic_251101,CRITICAL_TRIM,127.53,122.97,3.58,0,Closed 0 worst trades
2026.02.16 12:30:39,410038624,Magic_251101,CRITICAL_TRIM,127.53,122.97,3.58,0,Closed 0 worst trades
2026.02.16 12:30:39,410038624,Magic_251101,CRITICAL_TRIM,127.53,122.97,3.58,0,Closed 0 worst trades
2026.02.16 12:30:40,410038624,Magic_251101,CRITICAL_TRIM,127.53,122.97,3.58,0,Closed 0 worst trades
2026.02.16 12:30:40,410038624,Magic_251101,CRITICAL_TRIM,127.53,122.97,3.58,0,Closed 0 worst trades
2026.02.16 12:30:40,410038624,Magic_251101,CRITICAL_TRIM,127.53,122.97,3.58,0,Closed 0 worst trades
2026.02.16 12:30:40,410038624,Magic_251101,CRITICAL_TRIM,127.53,122.97,3.58,0,Closed 0 worst trades
2026.02.16 12:30:42,410038624,Magic_251101,CRITICAL_TRIM,127.53,122.97,3.58,0,Closed 0 worst trades
2026.02.16 12:30:42,410038624,Magic_251101,CRITICAL_TRIM,127.53,122.97,3.58,0,Closed 0 worst trades
2026.02.16 12:30:42,410038624,Magic_251101,CRITICAL_TRIM,127.53,122.97,3.58,0,Closed 0 worst trades
2026.02.16 12:30:42,410038624,Magic_251101,CRITICAL_TRIM,127.53,122.97,3.58,0,Closed 0 worst trades
2026.02.16 12:30:43,410038624,Magic_251101,CRITICAL_TRIM,127.53,122.97,3.58,0,Closed 0 worst trades
2026.02.16 12:30:43,410038624,Magic_251101,CRITICAL_TRIM,127.53,122.97,3.58,0,Closed 0 worst trades
2026.02.16 12:30:43,410038624,Magic_251101,CRITICAL_TRIM,127.53,122.97,3.58,0,Closed 0 worst trades
2026.02.16 12:30:44,410038624,Magic_251101,CRITICAL_TRIM,127.53,122.97,3.58,0,Closed 0 worst trades
2026.02.16 12:30:44,410038624,Magic_251101,CRITICAL_TRIM,127.53,122.97,3.58,0,Closed 0 worst trades
2026.02.16 12:30:45,410038624,Magic_251101,CRITICAL_TRIM,127.53,122.97,3.58,0,Closed 0 worst trades
2026.02.16 12:30:45,410038624,Magic_251101,CRITICAL_TRIM,127.53,122.97,3.58,0,Closed 0 worst trades
2026.02.16 12:30:45,410038624,Magic_251101,CRITICAL_TRIM,127.53,122.97,3.58,0,Closed 0 worst trades
2026.02.16 12:30:46,410038624,Magic_251101,CRITICAL_TRIM,127.53,122.97,3.58,0,Closed 0 worst trades
2026.02.16 12:30:46,410038624,Magic_251101,CRITICAL_TRIM,127.53,122.97,3.58,0,Closed 0 worst trades
2026.02.16 12:30:46,410038624,Magic_251101,CRITICAL_TRIM,127.53,122.97,3.58,0,Closed 0 worst trades
2026.02.16 12:30:46,410038624,Magic_251101,CRITICAL_TRIM,127.53,122.97,3.58,0,Closed 0 worst trades
2026.02.16 12:30:47,410038624,Magic_251101,CRITICAL_TRIM,127.53,122.97,3.58,0,Closed 0 worst trades
2026.02.16 12:30:47,410038624,Magic_251101,CRITICAL_TRIM,127.53,122.97,3.58,0,Closed 0 worst trades
2026.02.16 12:30:47,410038624,Magic_251101,CRITICAL_TRIM,127.53,122.97,3.58,0,Closed 0 worst trades
2026.02.16 12:30:48,410038624,Magic_251101,CRITICAL_TRIM,127.53,122.97,3.58,0,Closed 0 worst trades
2026.02.16 12:30:48,410038624,Magic_251101,CRITICAL_TRIM,127.53,122.97,3.58,0,Closed 0 worst trades
2026.02.16 12:30:48,410038624,Magic_251101,CRITICAL_TRIM,127.53,122.97,3.58,0,Closed 0 worst trades
2026.02.16 12:30:49,410038624,Magic_251101,CRITICAL_TRIM,127.53,122.97,3.58,0,Closed 0 worst trades
2026.02.16 12:30:49,410038624,Magic_251101,CRITICAL_TRIM,127.53,122.97,3.58,0,Closed 0 worst trades
2026.02.16 12:30:50,410038624,Magic_251101,CRITICAL_TRIM,127.53,122.97,3.58,0,Closed 0 worst trades
2026.02.16 12:30:50,410038624,Magic_251101,CRITICAL_TRIM,127.53,122.97,3.58,0,Closed 0 worst trades
2026.02.16 12:30:50,410038624,Magic_251101,CRITICAL_TRIM,127.53,122.97,3.58,0,Closed 0 worst trades
2026.02.16 12:30:51,410038624,Magic_251101,CRITICAL_TRIM,127.53,122.97,3.58,0,Closed 0 worst trades
2026.02.16 12:30:51,410038624,Magic_251101,CRITICAL_TRIM,127.53,122.97,3.58,0,Closed 0 worst trades
2026.02.16 12:30:51,410038624,Magic_251101,CRITICAL_TRIM,127.53,122.97,3.58,0,Closed 0 worst trades
2026.02.16 12:30:51,410038624,Magic_251101,CRITICAL_TRIM,127.53,122.97,3.58,0,Closed 0 worst trades
2026.02.16 12:30:51,410038624,Magic_251101,CRITICAL_TRIM,127.53,122.97,3.58,0,Closed 0 worst trades
2026.02.16 12:30:51,410038624,Magic_251101,CRITICAL_TRIM,127.53,122.97,3.58,0,Closed 0 worst trades
2026.02.16 12:30:51,410038624,Magic_251101,CRITICAL_TRIM,127.53,122.97,3.58,0,Closed 0 worst trades
2026.02.16 12:30:52,410038624,Magic_251101,CRITICAL_TRIM,127.53,122.97,3.58,0,Closed 0 worst trades
2026.02.16 12:30:52,410038624,Magic_251101,CRITICAL_TRIM,127.53,122.97,3.58,0,Closed 0 worst trades
2026.02.16 12:30:52,410038624,Magic_251101,CRITICAL_TRIM,127.53,122.97,3.58,0,Closed 0 worst trades
2026.02.16 12:30:52,410038624,Magic_251101,CRITICAL_TRIM,127.53,122.97,3.58,0,Closed 0 worst trades
2026.02.16 12:30:52,410038624,Magic_251101,CRITICAL_TRIM,127.53,122.97,3.58,0,Closed 0 worst trades
2026.02.16 12:30:52,410038624,Magic_251101,CRITICAL_TRIM,127.53,122.97,3.58,0,Closed 0 worst trades
2026.02.16 12:30:53,410038624,Magic_251101,CRITICAL_TRIM,127.53,122.97,3.58,0,Closed 0 worst trades
2026.02.16 12:30:53,410038624,Magic_251101,CRITICAL_TRIM,127.53,122.97,3.58,0,Closed 0 worst trades
2026.02.16 12:30:53,410038624,Magic_251101,CRITICAL_TRIM,127.53,122.97,3.58,0,Closed 0 worst trades
2026.02.16 12:30:53,410038624,Magic_251101,CRITICAL_TRIM,127.53,122.97,3.58,0,Closed 0 worst trades
2026.02.16 12:30:53,410038624,Magic_251101,CRITICAL_TRIM,127.53,122.97,3.58,0,Closed 0 worst trades
2026.02.16 12:30:54,410038624,Magic_251101,CRITICAL_TRIM,127.53,122.97,3.58,0,Closed 0 worst trades
2026.02.16 12:30:54,410038624,Magic_251101,CRITICAL_TRIM,127.53,122.97,3.58,0,Closed 0 worst trades
2026.02.16 12:30:54,410038624,Magic_251101,CRITICAL_TRIM,127.53,122.97,3.58,0,Closed 0 worst trades
2026.02.16 12:30:54,410038624,Magic_251101,CRITICAL_TRIM,127.53,122.97,3.58,0,Closed 0 worst trades
2026.02.16 12:30:54,410038624,Magic_251101,CRITICAL_TRIM,127.53,122.97,3.58,0,Closed 0 worst trades
2026.02.16 12:30:55,410038624,Magic_251101,CRITICAL_TRIM,127.53,122.97,3.58,0,Closed 0 worst trades
2026.02.16 12:30:55,410038624,Magic_251101,CRITICAL_TRIM,127.53,122.97,3.58,0,Closed 0 worst trades
2026.02.16 12:30:55,410038624,Magic_251101,CRITICAL_TRIM,127.53,122.97,3.58,0,Closed 0 worst trades
2026.02.16 12:30:55,410038624,Magic_251101,CRITICAL_TRIM,127.53,122.97,3.58,0,Closed 0 worst trades
2026.02.16 12:30:55,410038624,Magic_251101,CRITICAL_TRIM,127.53,122.97,3.58,0,Closed 0 worst trades
2026.02.16 12:30:55,410038624,Magic_251101,CRITICAL_TRIM,127.53,122.97,3.58,0,Closed 0 worst trades
2026.02.16 12:30:55,410038624,Magic_251101,CRITICAL_TRIM,127.53,122.97,3.58,0,Closed 0 worst trades
2026.02.16 12:30:56,410038624,Magic_251101,CRITICAL_TRIM,127.53,122.97,3.58,0,Closed 0 worst trades
2026.02.16 12:30:56,410038624,Magic_251101,CRITICAL_TRIM,127.53,122.97,3.58,0,Closed 0 worst trades
2026.02.16 12:30:56,410038624,Magic_251101,CRITICAL_TRIM,127.53,122.97,3.58,0,Closed 0 worst trades
2026.02.16 12:30:56,410038624,Magic_251101,CRITICAL_TRIM,127.53,122.97,3.58,0,Closed 0 worst trades
2026.02.16 12:30:56,410038624,Magic_251101,CRITICAL_TRIM,127.53,122.97,3.58,0,Closed 0 worst trades
2026.02.16 12:30:57,410038624,Magic_251101,CRITICAL_TRIM,127.53,122.97,3.58,0,Closed 0 worst trades
2026.02.16 12:30:57,410038624,Magic_251101,CRITICAL_TRIM,127.53,122.97,3.58,0,Closed 0 worst trades
2026.02.16 12:30:57,410038624,Magic_251101,CRITICAL_TRIM,127.53,122.97,3.58,0,Closed 0 worst trades
2026.02.16 12:30:57,410038624,Magic_251101,CRITICAL_TRIM,127.53,122.97,3.58,0,Closed 0 worst trades
2026.02.16 12:30:58,410038624,Magic_251101,CRITICAL_TRIM,127.53,122.97,3.58,0,Closed 0 worst trades
2026.02.16 12:30:58,410038624,Magic_251101,CRITICAL_TRIM,127.53,122.97,3.58,0,Closed 0 worst trades
2026.02.16 12:30:58,410038624,Magic_251101,CRITICAL_TRIM,127.53,122.97,3.58,0,Closed 0 worst trades
2026.02.16 12:30:59,410038624,Magic_251101,CRITICAL_TRIM,127.53,122.97,3.58,0,Closed 0 worst trades
2026.02.16 12:30:59,410038624,Magic_251101,CRITICAL_TRIM,127.53,122.97,3.58,0,Closed 0 worst trades
2026.02.16 12:30:59,410038624,Magic_251101,CRITICAL_TRIM,127.53,122.97,3.58,0,Closed 0 worst trades
2026.02.16 12:30:59,410038624,Magic_251101,CRITICAL_TRIM,127.53,122.97,3.58,0,Closed 0 worst trades
2026.02.16 12:30:59,410038624,Magic_251101,CRITICAL_TRIM,127.53,122.97,3.58,0,Closed 0 worst trades
2026.02.16 12:30:59,410038624,Magic_251101,CRITICAL_TRIM,127.53,122.97,3.58,0,Closed 0 worst trades
2026.02.16 12:30:59,410038624,Magic_251101,CRITICAL_TRIM,127.53,122.97,3.58,0,Closed 0 worst trades
2026.02.16 12:30:59,410038624,Magic_251101,CRITICAL_TRIM,127.53,122.97,3.58,0,Closed 0 worst trades
2026.02.16 12:30:59,410038624,Magic_251101,CRITICAL_TRIM,127.53,122.97,3.58,0,Closed 0 worst trades
2026.02.16 12:31:00,410038624,Magic_251101,CRITICAL_TRIM,127.53,122.97,3.58,0,Closed 0 worst trades
2026.02.16 12:31:00,410038624,Magic_251101,CRITICAL_TRIM,127.53,122.97,3.58,0,Closed 0 worst trades
2026.02.16 12:31:00,410038624,Magic_251101,CRITICAL_TRIM,127.53,122.97,3.58,0,Closed 0 worst trades
2026.02.16 12:31:00,410038624,Magic_251101,CRITICAL_TRIM,127.53,122.97,3.58,0,Closed 0 worst trades
2026.02.16 12:31:00,410038624,Magic_251101,CRITICAL_TRIM,127.53,122.97,3.58,0,Closed 0 worst trades
2026.02.16 12:31:00,410038624,Magic_251101,CRITICAL_TRIM,127.53,122.97,3.58,0,Closed 0 worst trades
2026.02.16 12:31:00,410038624,Magic_251101,CRITICAL_TRIM,127.53,122.97,3.58,0,Closed 0 worst trades
2026.02.16 12:31:01,410038624,Magic_251101,CRITICAL_TRIM,127.53,122.97,3.58,0,Closed 0 worst trades
2026.02.16 12:31:01,410038624,Magic_251101,CRITICAL_TRIM,127.53,122.97,3.58,0,Closed 0 worst trades
2026.02.16 12:31:01,410038624,Magic_251101,CRITICAL_TRIM,127.53,122.97,3.58,0,Closed 0 worst trades
2026.02.16 12:31:01,410038624,Magic_251101,CRITICAL_TRIM,127.53,122.97,3.58,0,Closed 0 worst trades
2026.02.16 12:31:02,410038624,Magic_251101,CRITICAL_TRIM,127.53,122.97,3.58,0,Closed 0 worst trades
2026.02.16 12:31:02,410038624,Magic_251101,CRITICAL_TRIM,127.53,122.97,3.58,0,Closed 0 worst trades
2026.02.16 12:31:02,410038624,Magic_251101,CRITICAL_TRIM,127.53,122.97,3.58,0,Closed 0 worst trades
2026.02.16 12:31:02,410038624,Magic_251101,CRITICAL_TRIM,127.53,122.97,3.58,0,Closed 0 worst trades
2026.02.16 12:31:02,410038624,Magic_251101,CRITICAL_TRIM,127.53,122.97,3.58,0,Closed 0 worst trades
2026.02.16 12:31:03,410038624,Magic_251101,CRITICAL_TRIM,127.53,122.97,3.58,0,Closed 0 worst trades
2026.02.16 12:31:03,410038624,Magic_251101,CRITICAL_TRIM,127.53,122.97,3.58,0,Closed 0 worst trades
2026.02.16 12:31:03,410038624,Magic_251101,CRITICAL_TRIM,127.53,122.97,3.58,0,Closed 0 worst trades
2026.02.16 12:31:03,410038624,Magic_251101,CRITICAL_TRIM,127.53,122.97,3.58,0,Closed 0 worst trades
2026.02.16 12:31:03,410038624,Magic_251101,CRITICAL_TRIM,127.53,122.97,3.58,0,Closed 0 worst trades
2026.02.16 12:31:03,410038624,Magic_251101,CRITICAL_TRIM,127.53,122.97,3.58,0,Closed 0 worst trades
2026.02.16 12:31:04,410038624,Magic_251101,CRITICAL_TRIM,127.53,122.97,3.58,0,Closed 0 worst trades
2026.02.16 12:31:04,410038624,Magic_251101,CRITICAL_TRIM,127.53,122.97,3.58,0,Closed 0 worst trades
2026.02.16 12:31:04,410038624,Magic_251101,CRITICAL_TRIM,127.53,122.97,3.58,0,Closed 0 worst trades
2026.02.16 12:31:04,410038624,Magic_251101,CRITICAL_TRIM,127.53,122.97,3.58,0,Closed 0 worst trades
2026.02.16 12:31:04,410038624,Magic_251101,CRITICAL_TRIM,127.53,122.97,3.58,0,Closed 0 worst trades
2026.02.16 12:31:04,410038624,Magic_251101,CRITICAL_TRIM,127.53,122.97,3.58,0,Closed 0 worst trades
2026.02.16 12:31:04,410038624,Magic_251101,CRITICAL_TRIM,127.53,122.97,3.58,0,Closed 0 worst trades
2026.02.16 12:31:05,410038624,Magic_251101,CRITICAL_TRIM,127.53,122.97,3.58,0,Closed 0 worst trades
2026.02.16 12:31:05,410038624,Magic_251101,CRITICAL_TRIM,127.53,122.97,3.58,0,Closed 0 worst trades
2026.02.16 12:31:06,410038624,Magic_251101,CRITICAL_TRIM,127.53,122.97,3.58,0,Closed 0 worst trades
2026.02.16 12:31:07,410038624,Magic_251101,CRITICAL_TRIM,127.53,122.97,3.58,0,Closed 0 worst trades
2026.02.16 12:31:07,410038624,Magic_251101,CRITICAL_TRIM,127.53,122.97,3.58,0,Closed 0 worst trades
2026.02.16 12:31:07,410038624,Magic_251101,CRITICAL_TRIM,127.53,122.97,3.58,0,Closed 0 worst trades
2026.02.16 12:31:07,410038624,Magic_251101,CRITICAL_TRIM,127.53,122.97,3.58,0,Closed 0 worst trades
2026.02.16 12:31:09,410038624,Magic_251101,CRITICAL_TRIM,127.53,122.97,3.58,0,Closed 0 worst trades
2026.02.16 12:31:09,410038624,Magic_251101,CRITICAL_TRIM,127.53,122.97,3.58,0,Closed 0 worst trades
2026.02.16 12:31:10,410038624,Magic_251101,CRITICAL_TRIM,127.53,122.97,3.58,0,Closed 0 worst trades
2026.02.16 12:31:11,410038624,Magic_251101,CRITICAL_TRIM,127.53,122.97,3.58,0,Closed 0 worst trades
2026.02.16 12:31:11,410038624,Magic_251101,CRITICAL_TRIM,127.53,122.97,3.58,0,Closed 0 worst trades
2026.02.16 12:31:11,410038624,Magic_251101,CRITICAL_TRIM,127.53,122.97,3.58,0,Closed 0 worst trades
2026.02.16 12:31:11,410038624,Magic_251101,CRITICAL_TRIM,127.53,122.97,3.58,0,Closed 0 worst trades
2026.02.16 12:31:12,410038624,Magic_251101,CRITICAL_TRIM,127.53,122.97,3.58,0,Closed 0 worst trades
2026.02.16 12:31:12,410038624,Magic_251101,CRITICAL_TRIM,127.53,122.97,3.58,0,Closed 0 worst trades
2026.02.16 12:31:12,410038624,Magic_251101,CRITICAL_TRIM,127.53,122.97,3.58,0,Closed 0 worst trades
2026.02.16 12:31:12,410038624,Magic_251101,CRITICAL_TRIM,127.53,122.97,3.58,0,Closed 0 worst trades
2026.02.16 12:31:13,410038624,Magic_251101,CRITICAL_TRIM,127.53,122.97,3.58,0,Closed 0 worst trades
2026.02.16 12:31:13,410038624,Magic_251101,CRITICAL_TRIM,127.53,122.97,3.58,0,Closed 0 worst trades
2026.02.16 12:31:13,410038624,Magic_251101,CRITICAL_TRIM,127.53,122.97,3.58,0,Closed 0 worst trades
2026.02.16 12:31:13,410038624,Magic_251101,CRITICAL_TRIM,127.53,122.97,3.58,0,Closed 0 worst trades
2026.02.16 12:31:13,410038624,Magic_251101,CRITICAL_TRIM,127.53,122.97,3.58,0,Closed 0 worst trades
2026.02.16 12:31:13,410038624,Magic_251101,CRITICAL_TRIM,127.53,122.97,3.58,0,Closed 0 worst trades
2026.02.16 12:31:14,410038624,Magic_251101,CRITICAL_TRIM,127.53,122.97,3.58,0,Closed 0 worst trades
2026.02.16 12:31:14,410038624,Magic_251101,CRITICAL_TRIM,127.53,122.97,3.58,0,Closed 0 worst trades
2026.02.16 12:31:14,410038624,Magic_251101,CRITICAL_TRIM,127.53,122.97,3.58,0,Closed 0 worst trades
2026.02.16 12:31:14,410038624,Magic_251101,CRITICAL_TRIM,127.53,122.97,3.58,0,Closed 0 worst trades
2026.02.16 12:31:15,410038624,Magic_251101,CRITICAL_TRIM,127.53,122.97,3.58,0,Closed 0 worst trades
2026.02.16 12:31:15,410038624,Magic_251101,CRITICAL_TRIM,127.53,122.97,3.58,0,Closed 0 worst trades
2026.02.16 12:31:15,410038624,Magic_251101,CRITICAL_TRIM,127.53,122.97,3.58,0,Closed 0 worst trades
2026.02.16 12:31:15,410038624,Magic_251101,CRITICAL_TRIM,127.53,122.97,3.58,0,Closed 0 worst trades
2026.02.16 12:31:15,410038624,Magic_251101,CRITICAL_TRIM,127.53,122.97,3.58,0,Closed 0 worst trades
2026.02.16 12:31:15,410038624,Magic_251101,CRITICAL_TRIM,127.53,122.97,3.58,0,Closed 0 worst trades
2026.02.16 12:31:15,410038624,Magic_251101,CRITICAL_TRIM,127.53,122.97,3.58,0,Closed 0 worst trades
2026.02.16 12:31:16,410038624,Magic_251101,CRITICAL_TRIM,127.53,122.97,3.58,0,Closed 0 worst trades
2026.02.16 12:31:16,410038624,Magic_251101,CRITICAL_TRIM,127.53,122.97,3.58,0,Closed 0 worst trades
2026.02.16 12:31:16,410038624,Magic_251101,CRITICAL_TRIM,127.53,122.97,3.58,0,Closed 0 worst trades
2026.02.16 12:31:17,410038624,Magic_251101,CRITICAL_TRIM,127.53,122.97,3.58,0,Closed 0 worst trades
2026.02.16 12:31:17,410038624,Magic_251101,CRITICAL_TRIM,127.53,122.97,3.58,0,Closed 0 worst trades
2026.02.16 12:31:17,410038624,Magic_251101,CRITICAL_TRIM,127.53,122.97,3.58,0,Closed 0 worst trades
2026.02.16 12:31:17,410038624,Magic_251101,CRITICAL_TRIM,127.53,122.97,3.58,0,Closed 0 worst trades
2026.02.16 12:31:17,410038624,Magic_251101,CRITICAL_TRIM,127.53,122.97,3.58,0,Closed 0 worst trades
2026.02.16 12:31:17,410038624,Magic_251101,CRITICAL_TRIM,127.53,122.97,3.58,0,Closed 0 worst trades
2026.02.16 12:31:18,410038624,Magic_251101,CRITICAL_TRIM,127.53,122.97,3.58,0,Closed 0 worst trades
2026.02.16 12:31:18,410038624,Magic_251101,CRITICAL_TRIM,127.53,122.97,3.58,0,Closed 0 worst trades
2026.02.16 12:31:18,410038624,Magic_251101,CRITICAL_TRIM,127.53,122.97,3.58,0,Closed 0 worst trades
2026.02.16 12:31:19,410038624,Magic_251101,CRITICAL_TRIM,127.53,122.97,3.58,0,Closed 0 worst trades
2026.02.16 12:31:19,410038624,Magic_251101,CRITICAL_TRIM,127.53,122.97,3.58,0,Closed 0 worst trades
2026.02.16 12:31:19,410038624,Magic_251101,CRITICAL_TRIM,127.53,122.97,3.58,0,Closed 0 worst trades
2026.02.16 12:31:19,410038624,Magic_251101,CRITICAL_TRIM,127.53,122.97,3.58,0,Closed 0 worst trades
2026.02.16 12:31:19,410038624,Magic_251101,CRITICAL_TRIM,127.53,122.97,3.58,0,Closed 0 worst trades
2026.02.16 12:31:19,410038624,Magic_251101,CRITICAL_TRIM,127.53,122.97,3.58,0,Closed 0 worst trades
2026.02.16 12:31:19,410038624,Magic_251101,CRITICAL_TRIM,127.53,122.97,3.58,0,Closed 0 worst trades
2026.02.16 12:31:19,410038624,Magic_251101,CRITICAL_TRIM,127.53,122.97,3.58,0,Closed 0 worst trades
2026.02.16 12:31:19,410038624,Magic_251101,CRITICAL_TRIM,127.53,122.97,3.58,0,Closed 0 worst trades
2026.02.16 12:31:20,410038624,Magic_251101,CRITICAL_TRIM,127.53,122.97,3.58,0,Closed 0 worst trades
2026.02.16 12:31:20,410038624,Magic_251101,CRITICAL_TRIM,127.53,122.97,3.58,0,Closed 0 worst trades
2026.02.16 12:31:20,410038624,Magic_251101,CRITICAL_TRIM,127.53,122.97,3.58,0,Closed 0 worst trades
2026.02.16 12:31:20,410038624,Magic_251101,CRITICAL_TRIM,127.53,122.97,3.58,0,Closed 0 worst trades
2026.02.16 12:31:20,410038624,Magic_251101,CRITICAL_TRIM,127.53,122.97,3.58,0,Closed 0 worst trades
2026.02.16 12:31:20,410038624,Magic_251101,CRITICAL_TRIM,127.53,122.97,3.58,0,Closed 0 worst trades
2026.02.16 12:31:20,410038624,Magic_251101,CRITICAL_TRIM,127.53,122.97,3.58,0,Closed 0 worst trades
2026.02.16 12:31:20,410038624,Magic_251101,CRITICAL_TRIM,127.53,122.97,3.58,0,Closed 0 worst trades
2026.02.16 12:31:21,410038624,Magic_251101,CRITICAL_TRIM,127.53,122.97,3.58,0,Closed 0 worst trades
2026.02.16 12:31:21,410038624,Magic_251101,CRITICAL_TRIM,127.53,122.97,3.58,0,Closed 0 worst trades
2026.02.16 12:31:21,410038624,Magic_251101,CRITICAL_TRIM,127.53,122.97,3.58,0,Closed 0 worst trades
2026.02.16 12:31:22,410038624,Magic_251101,CRITICAL_TRIM,127.53,122.97,3.58,0,Closed 0 worst trades
2026.02.16 12:31:22,410038624,Magic_251101,CRITICAL_TRIM,127.53,122.97,3.58,0,Closed 0 worst trades
2026.02.16 12:31:22,410038624,Magic_251101,CRITICAL_TRIM,127.53,122.97,3.58,0,Closed 0 worst trades
2026.02.16 12:31:22,410038624,Magic_251101,CRITICAL_TRIM,127.53,122.97,3.58,0,Closed 0 worst trades
2026.02.16 12:31:22,410038624,Magic_251101,CRITICAL_TRIM,127.53,122.97,3.58,0,Closed 0 worst trades
2026.02.16 12:31:22,410038624,Magic_251101,CRITICAL_TRIM,127.53,122.97,3.58,0,Closed 0 worst trades
2026.02.16 12:31:22,410038624,Magic_251101,CRITICAL_TRIM,127.53,122.97,3.58,0,Closed 0 worst trades
2026.02.16 12:31:23,410038624,Magic_251101,CRITICAL_TRIM,127.53,122.97,3.58,0,Closed 0 worst trades
2026.02.16 12:31:23,410038624,Magic_251101,CRITICAL_TRIM,127.53,122.97,3.58,0,Closed 0 worst trades
2026.02.16 12:31:23,410038624,Magic_251101,CRITICAL_TRIM,127.53,122.97,3.58,0,Closed 0 worst trades
2026.02.16 12:31:23,410038624,Magic_251101,CRITICAL_TRIM,127.53,122.97,3.58,0,Closed 0 worst trades
2026.02.16 12:31:23,410038624,Magic_251101,CRITICAL_TRIM,127.53,122.97,3.58,0,Closed 0 worst trades
2026.02.16 12:31:23,410038624,Magic_251101,CRITICAL_TRIM,127.53,122.97,3.58,0,Closed 0 worst trades
2026.02.16 12:31:24,410038624,Magic_251101,CRITICAL_TRIM,127.53,122.97,3.58,0,Closed 0 worst trades
2026.02.16 12:31:24,410038624,Magic_251101,CRITICAL_TRIM,127.53,122.97,3.58,0,Closed 0 worst trades
2026.02.16 12:31:24,410038624,Magic_251101,CRITICAL_TRIM,127.53,122.97,3.58,0,Closed 0 worst trades
2026.02.16 12:31:24,410038624,Magic_251101,CRITICAL_TRIM,127.53,122.97,3.58,0,Closed 0 worst trades
2026.02.16 12:31:24,410038624,Magic_251101,CRITICAL_TRIM,127.53,122.97,3.58,0,Closed 0 worst trades
2026.02.16 12:31:24,410038624,Magic_251101,CRITICAL_TRIM,127.53,122.97,3.58,0,Closed 0 worst trades
2026.02.16 12:31:24,410038624,Magic_251101,CRITICAL_TRIM,127.53,122.97,3.58,0,Closed 0 worst trades
2026.02.16 12:31:24,410038624,Magic_251101,CRITICAL_TRIM,127.53,122.97,3.58,0,Closed 0 worst trades
2026.02.16 12:31:25,410038624,Magic_251101,CRITICAL_TRIM,127.53,122.97,3.58,0,Closed 0 worst trades
2026.02.16 12:31:25,410038624,Magic_251101,CRITICAL_TRIM,127.53,122.97,3.58,0,Closed 0 worst trades
2026.02.16 12:31:25,410038624,Magic_251101,CRITICAL_TRIM,127.53,122.97,3.58,0,Closed 0 worst trades
2026.02.16 12:31:26,410038624,Magic_251101,CRITICAL_TRIM,127.53,122.97,3.58,0,Closed 0 worst trades
2026.02.16 12:31:26,410038624,Magic_251101,CRITICAL_TRIM,127.53,122.97,3.58,0,Closed 0 worst trades
2026.02.16 12:31:26,410038624,Magic_251101,CRITICAL_TRIM,127.53,122.97,3.58,0,Closed 0 worst trades
2026.02.16 12:31:26,410038624,Magic_251101,CRITICAL_TRIM,127.53,122.97,3.58,0,Closed 0 worst trades
2026.02.16 12:31:26,410038624,Magic_251101,CRITICAL_TRIM,127.53,122.97,3.58,0,Closed 0 worst trades
2026.02.16 12:31:27,410038624,Magic_251101,CRITICAL_TRIM,127.53,122.97,3.58,0,Closed 0 worst trades
2026.02.16 12:31:27,410038624,Magic_251101,CRITICAL_TRIM,127.53,122.97,3.58,0,Closed 0 worst trades
2026.02.16 12:31:27,410038624,Magic_251101,CRITICAL_TRIM,127.53,122.97,3.58,0,Closed 0 worst trades
2026.02.16 12:31:27,410038624,Magic_251101,CRITICAL_TRIM,127.53,122.97,3.58,0,Closed 0 worst trades
2026.02.16 12:31:27,410038624,Magic_251101,CRITICAL_TRIM,127.53,122.97,3.58,0,Closed 0 worst trades
2026.02.16 12:31:27,410038624,Magic_251101,CRITICAL_TRIM,127.53,122.97,3.58,0,Closed 0 worst trades
2026.02.16 12:31:28,410038624,Magic_251101,CRITICAL_TRIM,127.53,122.97,3.58,0,Closed 0 worst trades
2026.02.16 12:31:28,410038624,Magic_251101,CRITICAL_TRIM,127.53,122.97,3.58,0,Closed 0 worst trades
2026.02.16 12:31:28,410038624,Magic_251101,CRITICAL_TRIM,127.53,122.97,3.58,0,Closed 0 worst trades
2026.02.16 12:31:28,410038624,Magic_251101,CRITICAL_TRIM,127.53,122.97,3.58,0,Closed 0 worst trades
2026.02.16 12:31:28,410038624,Magic_251101,CRITICAL_TRIM,127.53,122.97,3.58,0,Closed 0 worst trades
2026.02.16 12:31:28,410038624,Magic_251101,CRITICAL_TRIM,127.53,122.97,3.58,0,Closed 0 worst trades
2026.02.16 12:31:28,410038624,Magic_251101,CRITICAL_TRIM,127.53,122.97,3.58,0,Closed 0 worst trades
2026.02.16 12:31:29,410038624,Magic_251101,CRITICAL_TRIM,127.53,122.97,3.58,0,Closed 0 worst trades
2026.02.16 12:31:29,410038624,Magic_251101,CRITICAL_TRIM,127.53,122.97,3.58,0,Closed 0 worst trades
2026.02.16 12:31:29,410038624,Magic_251101,CRITICAL_TRIM,127.53,122.97,3.58,0,Closed 0 worst trades
2026.02.16 12:31:29,410038624,Magic_251101,CRITICAL_TRIM,127.53,122.97,3.58,0,Closed 0 worst trades
2026.02.16 12:31:29,410038624,Magic_251101,CRITICAL_TRIM,127.53,122.97,3.58,0,Closed 0 worst trades
2026.02.16 12:31:31,410038624,Magic_251101,CRITICAL_TRIM,127.53,122.97,3.58,0,Closed 0 worst trades
2026.02.16 12:31:32,410038624,Magic_251101,CRITICAL_TRIM,127.53,122.97,3.58,0,Closed 0 worst trades
2026.02.16 12:31:32,410038624,Magic_251101,CRITICAL_TRIM,127.53,122.97,3.58,0,Closed 0 worst trades
2026.02.16 12:31:32,410038624,Magic_251101,CRITICAL_TRIM,127.53,122.97,3.58,0,Closed 0 worst trades
2026.02.16 12:31:32,410038624,Magic_251101,CRITICAL_TRIM,127.53,122.97,3.58,0,Closed 0 worst trades
2026.02.16 12:31:32,410038624,Magic_251101,CRITICAL_TRIM,127.53,122.97,3.58,0,Closed 0 worst trades
2026.02.16 12:31:32,410038624,Magic_251101,CRITICAL_TRIM,127.53,122.97,3.58,0,Closed 0 worst trades
2026.02.16 12:31:32,410038624,Magic_251101,CRITICAL_TRIM,127.53,122.97,3.58,0,Closed 0 worst trades
2026.02.16 12:31:32,410038624,Magic_251101,CRITICAL_TRIM,127.53,122.97,3.58,0,Closed 0 worst trades
2026.02.16 12:31:32,410038624,Magic_251101,CRITICAL_TRIM,127.53,122.97,3.58,0,Closed 0 worst trades
2026.02.16 12:31:33,410038624,Magic_251101,CRITICAL_TRIM,127.53,122.97,3.58,0,Closed 0 worst trades
2026.02.16 12:31:33,410038624,Magic_251101,CRITICAL_TRIM,127.53,122.97,3.58,0,Closed 0 worst trades
2026.02.16 12:31:33,410038624,Magic_251101,CRITICAL_TRIM,127.53,122.97,3.58,0,Closed 0 worst trades
2026.02.16 12:31:34,410038624,Magic_251101,CRITICAL_TRIM,127.53,122.97,3.58,0,Closed 0 worst trades
2026.02.16 12:31:34,410038624,Magic_251101,CRITICAL_TRIM,127.53,122.97,3.58,0,Closed 0 worst trades
2026.02.16 12:31:34,410038624,Magic_251101,CRITICAL_TRIM,127.53,122.97,3.58,0,Closed 0 worst trades
2026.02.16 12:31:34,410038624,Magic_251101,CRITICAL_TRIM,127.53,122.97,3.58,0,Closed 0 worst trades
2026.02.16 12:31:34,410038624,Magic_251101,CRITICAL_TRIM,127.53,122.97,3.58,0,Closed 0 worst trades
2026.02.16 12:31:35,410038624,Magic_251101,CRITICAL_TRIM,127.53,122.97,3.58,0,Closed 0 worst trades
2026.02.16 12:31:35,410038624,Magic_251101,CRITICAL_TRIM,127.53,122.97,3.58,0,Closed 0 worst trades
2026.02.16 12:31:35,410038624,Magic_251101,CRITICAL_TRIM,127.53,122.97,3.58,0,Closed 0 worst trades
2026.02.16 12:31:35,410038624,Magic_251101,CRITICAL_TRIM,127.53,122.97,3.58,0,Closed 0 worst trades
2026.02.16 12:31:36,410038624,Magic_251101,CRITICAL_TRIM,127.53,122.97,3.58,0,Closed 0 worst trades
2026.02.16 12:31:36,410038624,Magic_251101,CRITICAL_TRIM,127.53,122.97,3.58,0,Closed 0 worst trades
2026.02.16 12:31:36,410038624,Magic_251101,CRITICAL_TRIM,127.53,122.97,3.58,0,Closed 0 worst trades
2026.02.16 12:31:36,410038624,Magic_251101,CRITICAL_TRIM,127.53,122.97,3.58,0,Closed 0 worst trades
2026.02.16 12:31:36,410038624,Magic_251101,CRITICAL_TRIM,127.53,122.97,3.58,0,Closed 0 worst trades
2026.02.16 12:31:37,410038624,Magic_251101,CRITICAL_TRIM,127.53,122.97,3.58,0,Closed 0 worst trades
2026.02.16 12:31:37,410038624,Magic_251101,CRITICAL_TRIM,127.53,122.97,3.58,0,Closed 0 worst trades
2026.02.16 12:31:37,410038624,Magic_251101,CRITICAL_TRIM,127.53,122.97,3.58,0,Closed 0 worst trades
2026.02.16 12:31:37,410038624,Magic_251101,CRITICAL_TRIM,127.53,122.97,3.58,0,Closed 0 worst trades
2026.02.16 12:31:37,410038624,Magic_251101,CRITICAL_TRIM,127.53,122.97,3.58,0,Closed 0 worst trades
2026.02.16 12:31:37,410038624,Magic_251101,CRITICAL_TRIM,127.53,122.97,3.58,0,Closed 0 worst trades
2026.02.16 12:31:37,410038624,Magic_251101,CRITICAL_TRIM,127.53,122.97,3.58,0,Closed 0 worst trades
2026.02.16 12:31:37,410038624,Magic_251101,CRITICAL_TRIM,127.53,122.97,3.58,0,Closed 0 worst trades
2026.02.16 12:31:37,410038624,Magic_251101,CRITICAL_TRIM,127.53,122.97,3.58,0,Closed 0 worst trades
2026.02.16 12:31:37,410038624,Magic_251101,CRITICAL_TRIM,127.53,122.97,3.58,0,Closed 0 worst trades
2026.02.16 12:31:38,410038624,Magic_251101,CRITICAL_TRIM,127.53,122.97,3.58,0,Closed 0 worst trades
2026.02.16 12:31:38,410038624,Magic_251101,CRITICAL_TRIM,127.53,122.97,3.58,0,Closed 0 worst trades
2026.02.16 12:31:38,410038624,Magic_251101,CRITICAL_TRIM,127.53,122.97,3.58,0,Closed 0 worst trades
2026.02.16 12:31:38,410038624,Magic_251101,CRITICAL_TRIM,127.53,122.97,3.58,0,Closed 0 worst trades
2026.02.16 12:31:38,410038624,Magic_251101,CRITICAL_TRIM,127.53,122.97,3.58,0,Closed 0 worst trades
2026.02.16 12:31:39,410038624,Magic_251101,CRITICAL_TRIM,127.53,122.97,3.58,0,Closed 0 worst trades
2026.02.16 12:31:39,410038624,Magic_251101,CRITICAL_TRIM,127.53,122.97,3.58,0,Closed 0 worst trades
2026.02.16 12:31:39,410038624,Magic_251101,CRITICAL_TRIM,127.53,122.97,3.58,0,Closed 0 worst trades
2026.02.16 12:31:39,410038624,Magic_251101,CRITICAL_TRIM,127.53,122.97,3.58,0,Closed 0 worst trades
2026.02.16 12:31:40,410038624,Magic_251101,CRITICAL_TRIM,127.53,122.97,3.58,0,Closed 0 worst trades
2026.02.16 12:31:40,410038624,Magic_251101,CRITICAL_TRIM,127.53,122.97,3.58,0,Closed 0 worst trades
2026.02.16 12:31:41,410038624,Magic_251101,CRITICAL_TRIM,127.53,122.97,3.58,0,Closed 0 worst trades
2026.02.16 12:31:41,410038624,Magic_251101,CRITICAL_TRIM,127.53,122.97,3.58,0,Closed 0 worst trades
2026.02.16 12:31:42,410038624,Magic_251101,CRITICAL_TRIM,127.53,122.97,3.58,0,Closed 0 worst trades
2026.02.16 12:31:42,410038624,Magic_251101,CRITICAL_TRIM,127.53,122.97,3.58,0,Closed 0 worst trades
2026.02.16 12:31:42,410038624,Magic_251101,CRITICAL_TRIM,127.53,122.97,3.58,0,Closed 0 worst trades
2026.02.16 12:31:42,410038624,Magic_251101,CRITICAL_TRIM,127.53,122.97,3.58,0,Closed 0 worst trades
2026.02.16 12:31:42,410038624,Magic_251101,CRITICAL_TRIM,127.53,122.97,3.58,0,Closed 0 worst trades
2026.02.16 12:31:42,410038624,Magic_251101,CRITICAL_TRIM,127.53,122.97,3.58,0,Closed 0 worst trades
2026.02.16 12:31:43,410038624,Magic_251101,CRITICAL_TRIM,127.53,122.97,3.58,0,Closed 0 worst trades
2026.02.16 12:31:43,410038624,Magic_251101,CRITICAL_TRIM,127.53,122.97,3.58,0,Closed 0 worst trades
2026.02.16 12:31:43,410038624,Magic_251101,CRITICAL_TRIM,127.53,122.97,3.58,0,Closed 0 worst trades
2026.02.16 12:31:43,410038624,Magic_251101,CRITICAL_TRIM,127.53,122.97,3.58,0,Closed 0 worst trades
2026.02.16 12:31:43,410038624,Magic_251101,CRITICAL_TRIM,127.53,122.97,3.58,0,Closed 0 worst trades
2026.02.16 12:31:44,410038624,Magic_251101,CRITICAL_TRIM,127.53,122.97,3.58,0,Closed 0 worst trades
2026.02.16 12:31:44,410038624,Magic_251101,CRITICAL_TRIM,127.53,122.97,3.58,0,Closed 0 worst trades
2026.02.16 12:31:44,410038624,Magic_251101,CRITICAL_TRIM,127.53,122.97,3.58,0,Closed 0 worst trades
2026.02.16 12:31:44,410038624,Magic_251101,CRITICAL_TRIM,127.53,122.97,3.58,0,Closed 0 worst trades
2026.02.16 12:31:44,410038624,Magic_251101,CRITICAL_TRIM,127.53,122.97,3.58,0,Closed 0 worst trades
2026.02.16 12:31:44,410038624,Magic_251101,CRITICAL_TRIM,127.53,122.97,3.58,0,Closed 0 worst trades
2026.02.16 12:31:45,410038624,Magic_251101,CRITICAL_TRIM,127.53,122.97,3.58,0,Closed 0 worst trades
2026.02.16 12:31:45,410038624,Magic_251101,CRITICAL_TRIM,127.53,122.97,3.58,0,Closed 0 worst trades
2026.02.16 12:31:46,410038624,Magic_251101,CRITICAL_TRIM,127.53,122.97,3.58,0,Closed 0 worst trades
2026.02.16 12:31:46,410038624,Magic_251101,CRITICAL_TRIM,127.53,122.97,3.58,0,Closed 0 worst trades
2026.02.16 12:31:46,410038624,Magic_251101,CRITICAL_TRIM,127.53,122.97,3.58,0,Closed 0 worst trades
2026.02.16 12:31:46,410038624,Magic_251101,CRITICAL_TRIM,127.53,122.97,3.58,0,Closed 0 worst trades
2026.02.16 12:31:46,410038624,Magic_251101,CRITICAL_TRIM,127.53,122.97,3.58,0,Closed 0 worst trades
2026.02.16 12:31:47,410038624,Magic_251101,CRITICAL_TRIM,127.53,122.97,3.58,0,Closed 0 worst trades
2026.02.16 12:31:47,410038624,Magic_251101,CRITICAL_TRIM,127.53,122.97,3.58,0,Closed 0 worst trades
2026.02.16 12:31:47,410038624,Magic_251101,CRITICAL_TRIM,127.53,122.97,3.58,0,Closed 0 worst trades
2026.02.16 12:31:47,410038624,Magic_251101,CRITICAL_TRIM,127.53,122.97,3.58,0,Closed 0 worst trades
2026.02.16 12:31:47,410038624,Magic_251101,CRITICAL_TRIM,127.53,122.97,3.58,0,Closed 0 worst trades
2026.02.16 12:31:47,410038624,Magic_251101,CRITICAL_TRIM,127.53,122.97,3.58,0,Closed 0 worst trades
2026.02.16 12:31:47,410038624,Magic_251101,CRITICAL_TRIM,127.53,122.97,3.58,0,Closed 0 worst trades
2026.02.16 12:31:47,410038624,Magic_251101,CRITICAL_TRIM,127.53,122.97,3.58,0,Closed 0 worst trades
2026.02.16 12:31:48,410038624,Magic_251101,CRITICAL_TRIM,127.53,122.97,3.58,0,Closed 0 worst trades
2026.02.16 12:31:48,410038624,Magic_251101,CRITICAL_TRIM,127.53,122.97,3.58,0,Closed 0 worst trades
2026.02.16 12:31:48,410038624,Magic_251101,CRITICAL_TRIM,127.53,122.97,3.58,0,Closed 0 worst trades
2026.02.16 12:31:48,410038624,Magic_251101,CRITICAL_TRIM,127.53,122.97,3.58,0,Closed 0 worst trades
2026.02.16 12:31:48,410038624,Magic_251101,CRITICAL_TRIM,127.53,122.97,3.58,0,Closed 0 worst trades
2026.02.16 12:31:48,410038624,Magic_251101,CRITICAL_TRIM,127.53,122.97,3.58,0,Closed 0 worst trades
2026.02.16 12:31:49,410038624,Magic_251101,CRITICAL_TRIM,127.53,122.97,3.58,0,Closed 0 worst trades
2026.02.16 12:31:49,410038624,Magic_251101,CRITICAL_TRIM,127.53,122.97,3.58,0,Closed 0 worst trades
2026.02.16 12:31:49,410038624,Magic_251101,CRITICAL_TRIM,127.53,122.97,3.58,0,Closed 0 worst trades
2026.02.16 12:31:49,410038624,Magic_251101,CRITICAL_TRIM,127.53,122.97,3.58,0,Closed 0 worst trades
2026.02.16 12:31:49,410038624,Magic_251101,CRITICAL_TRIM,127.53,122.97,3.58,0,Closed 0 worst trades
2026.02.16 12:31:49,410038624,Magic_251101,CRITICAL_TRIM,127.53,122.97,3.58,0,Closed 0 worst trades
2026.02.16 12:31:50,410038624,Magic_251101,CRITICAL_TRIM,127.53,122.97,3.58,0,Closed 0 worst trades
2026.02.16 12:31:50,410038624,Magic_251101,CRITICAL_TRIM,127.53,122.97,3.58,0,Closed 0 worst trades
2026.02.16 12:31:50,410038624,Magic_251101,CRITICAL_TRIM,127.53,122.97,3.58,0,Closed 0 worst trades
2026.02.16 12:31:50,410038624,Magic_251101,CRITICAL_TRIM,127.53,122.97,3.58,0,Closed 0 worst trades
2026.02.16 12:31:50,410038624,Magic_251101,CRITICAL_TRIM,127.53,122.97,3.58,0,Closed 0 worst trades
2026.02.16 12:31:50,410038624,Magic_251101,CRITICAL_TRIM,127.53,122.97,3.58,0,Closed 0 worst trades
2026.02.16 12:31:50,410038624,Magic_251101,CRITICAL_TRIM,127.53,122.97,3.58,0,Closed 0 worst trades
2026.02.16 12:31:50,410038624,Magic_251101,CRITICAL_TRIM,127.53,122.97,3.58,0,Closed 0 worst trades
2026.02.16 12:31:50,410038624,Magic_251101,CRITICAL_TRIM,127.53,122.97,3.58,0,Closed 0 worst trades
2026.02.16 12:31:51,410038624,Magic_251101,CRITICAL_TRIM,127.53,122.97,3.58,0,Closed 0 worst trades
2026.02.16 12:31:52,410038624,Magic_251101,CRITICAL_TRIM,127.53,122.97,3.58,0,Closed 0 worst trades
2026.02.16 12:31:52,410038624,Magic_251101,CRITICAL_TRIM,127.53,122.97,3.58,0,Closed 0 worst trades
2026.02.16 12:31:52,410038624,Magic_251101,CRITICAL_TRIM,127.53,122.97,3.58,0,Closed 0 worst trades
2026.02.16 12:31:53,410038624,Magic_251101,CRITICAL_TRIM,127.53,122.97,3.58,0,Closed 0 worst trades
2026.02.16 12:31:53,410038624,Magic_251101,CRITICAL_TRIM,127.53,122.97,3.58,0,Closed 0 worst trades
2026.02.16 12:31:53,410038624,Magic_251101,CRITICAL_TRIM,127.53,122.97,3.58,0,Closed 0 worst trades
2026.02.16 12:31:53,410038624,Magic_251101,CRITICAL_TRIM,127.53,122.97,3.58,0,Closed 0 worst trades
2026.02.16 12:31:54,410038624,Magic_251101,CRITICAL_TRIM,127.53,122.97,3.58,0,Closed 0 worst trades
2026.02.16 12:31:54,410038624,Magic_251101,CRITICAL_TRIM,127.53,122.97,3.58,0,Closed 0 worst trades
2026.02.16 12:31:54,410038624,Magic_251101,CRITICAL_TRIM,127.53,122.97,3.58,0,Closed 0 worst trades
2026.02.16 12:31:54,410038624,Magic_251101,CRITICAL_TRIM,127.53,122.97,3.58,0,Closed 0 worst trades
2026.02.16 12:31:54,410038624,Magic_251101,CRITICAL_TRIM,127.53,122.97,3.58,0,Closed 0 worst trades
2026.02.16 12:31:54,410038624,Magic_251101,CRITICAL_TRIM,127.53,122.97,3.58,0,Closed 0 worst trades
2026.02.16 12:31:55,410038624,Magic_251101,CRITICAL_TRIM,127.53,122.97,3.58,0,Closed 0 worst trades
2026.02.16 12:31:55,410038624,Magic_251101,CRITICAL_TRIM,127.53,122.97,3.58,0,Closed 0 worst trades
2026.02.16 12:31:55,410038624,Magic_251101,CRITICAL_TRIM,127.53,122.97,3.58,0,Closed 0 worst trades
2026.02.16 12:31:56,410038624,Magic_251101,CRITICAL_TRIM,127.53,122.97,3.58,0,Closed 0 worst trades
2026.02.16 12:31:56,410038624,Magic_251101,CRITICAL_TRIM,127.53,122.97,3.58,0,Closed 0 worst trades
2026.02.16 12:31:56,410038624,Magic_251101,CRITICAL_TRIM,127.53,122.97,3.58,0,Closed 0 worst trades
2026.02.16 12:31:57,410038624,Magic_251101,CRITICAL_TRIM,127.53,122.97,3.58,0,Closed 0 worst trades
2026.02.16 12:31:57,410038624,Magic_251101,CRITICAL_TRIM,127.53,122.97,3.58,0,Closed 0 worst trades
2026.02.16 12:31:57,410038624,Magic_251101,CRITICAL_TRIM,127.53,122.97,3.58,0,Closed 0 worst trades
2026.02.16 12:31:57,410038624,Magic_251101,CRITICAL_TRIM,127.53,122.97,3.58,0,Closed 0 worst trades
2026.02.16 12:31:57,410038624,Magic_251101,CRITICAL_TRIM,127.53,122.97,3.58,0,Closed 0 worst trades
2026.02.16 12:31:57,410038624,Magic_251101,CRITICAL_TRIM,127.53,122.97,3.58,0,Closed 0 worst trades
2026.02.16 12:31:57,410038624,Magic_251101,CRITICAL_TRIM,127.53,122.97,3.58,0,Closed 0 worst trades
2026.02.16 12:31:57,410038624,Magic_251101,CRITICAL_TRIM,127.53,122.97,3.58,0,Closed 0 worst trades
2026.02.16 12:31:58,410038624,Magic_251101,CRITICAL_TRIM,127.53,122.97,3.58,0,Closed 0 worst trades
2026.02.16 12:31:58,410038624,Magic_251101,CRITICAL_TRIM,127.53,122.97,3.58,0,Closed 0 worst trades
2026.02.16 12:31:58,410038624,Magic_251101,CRITICAL_TRIM,127.53,122.97,3.58,0,Closed 0 worst trades
2026.02.16 12:31:58,410038624,Magic_251101,CRITICAL_TRIM,127.53,122.97,3.58,0,Closed 0 worst trades
2026.02.16 12:31:59,410038624,Magic_251101,CRITICAL_TRIM,127.53,122.97,3.58,0,Closed 0 worst trades
2026.02.16 12:31:59,410038624,Magic_251101,CRITICAL_TRIM,127.53,122.97,3.58,0,Closed 0 worst trades
2026.02.16 12:31:59,410038624,Magic_251101,CRITICAL_TRIM,127.53,122.97,3.58,0,Closed 0 worst trades
2026.02.16 12:31:59,410038624,Magic_251101,CRITICAL_TRIM,127.53,122.97,3.58,0,Closed 0 worst trades
2026.02.16 12:31:59,410038624,Magic_251101,CRITICAL_TRIM,127.53,122.97,3.58,0,Closed 0 worst trades
2026.02.16 12:31:59,410038624,Magic_251101,CRITICAL_TRIM,127.53,122.97,3.58,0,Closed 0 worst trades
2026.02.16 12:31:59,410038624,Magic_251101,CRITICAL_TRIM,127.53,122.97,3.58,0,Closed 0 worst trades
2026.02.16 12:32:00,410038624,Magic_251101,CRITICAL_TRIM,127.53,122.97,3.58,0,Closed 0 worst trades
2026.02.16 12:32:00,410038624,Magic_251101,CRITICAL_TRIM,127.53,122.97,3.58,0,Closed 0 worst trades
2026.02.16 12:32:00,410038624,Magic_251101,CRITICAL_TRIM,127.53,122.97,3.58,0,Closed 0 worst trades
2026.02.16 12:32:00,410038624,Magic_251101,CRITICAL_TRIM,127.53,122.97,3.58,0,Closed 0 worst trades
2026.02.16 12:32:00,410038624,Magic_251101,CRITICAL_TRIM,127.53,122.97,3.58,0,Closed 0 worst trades
2026.02.16 12:32:00,410038624,Magic_251101,CRITICAL_TRIM,127.53,122.97,3.58,0,Closed 0 worst trades
2026.02.16 12:32:00,410038624,Magic_251101,CRITICAL_TRIM,127.53,122.97,3.58,0,Closed 0 worst trades
2026.02.16 12:32:01,410038624,Magic_251101,CRITICAL_TRIM,127.53,122.97,3.58,0,Closed 0 worst trades
2026.02.16 12:32:01,410038624,Magic_251101,CRITICAL_TRIM,127.53,122.97,3.58,0,Closed 0 worst trades
2026.02.16 12:32:01,410038624,Magic_251101,CRITICAL_TRIM,127.53,122.97,3.58,0,Closed 0 worst trades
2026.02.16 12:32:01,410038624,Magic_251101,CRITICAL_TRIM,127.53,122.97,3.58,0,Closed 0 worst trades
2026.02.16 12:32:01,410038624,Magic_251101,CRITICAL_TRIM,127.53,122.97,3.58,0,Closed 0 worst trades
2026.02.16 12:32:01,410038624,Magic_251101,CRITICAL_TRIM,127.53,122.97,3.58,0,Closed 0 worst trades
2026.02.16 12:32:02,410038624,Magic_251101,CRITICAL_TRIM,127.53,122.97,3.58,0,Closed 0 worst trades
2026.02.16 12:32:02,410038624,Magic_251101,CRITICAL_TRIM,127.53,122.97,3.58,0,Closed 0 worst trades
2026.02.16 12:32:02,410038624,Magic_251101,CRITICAL_TRIM,127.53,122.97,3.58,0,Closed 0 worst trades
2026.02.16 12:32:02,410038624,Magic_251101,CRITICAL_TRIM,127.53,122.97,3.58,0,Closed 0 worst trades
2026.02.16 12:32:02,410038624,Magic_251101,CRITICAL_TRIM,127.53,122.97,3.58,0,Closed 0 worst trades
2026.02.16 12:32:02,410038624,Magic_251101,CRITICAL_TRIM,127.53,122.97,3.58,0,Closed 0 worst trades
2026.02.16 12:32:03,410038624,Magic_251101,CRITICAL_TRIM,127.53,122.97,3.58,0,Closed 0 worst trades
2026.02.16 12:32:03,410038624,Magic_251101,CRITICAL_TRIM,127.53,122.97,3.58,0,Closed 0 worst trades
2026.02.16 12:32:03,410038624,Magic_251101,CRITICAL_TRIM,127.53,122.97,3.58,0,Closed 0 worst trades
2026.02.16 12:32:03,410038624,Magic_251101,CRITICAL_TRIM,127.53,122.97,3.58,0,Closed 0 worst trades
2026.02.16 12:32:04,410038624,Magic_251101,CRITICAL_TRIM,127.53,122.97,3.58,0,Closed 0 worst trades
2026.02.16 12:32:04,410038624,Magic_251101,CRITICAL_TRIM,127.53,122.97,3.58,0,Closed 0 worst trades
2026.02.16 12:32:04,410038624,Magic_251101,CRITICAL_TRIM,127.53,122.97,3.58,0,Closed 0 worst trades
2026.02.16 12:32:04,410038624,Magic_251101,CRITICAL_TRIM,127.53,122.97,3.58,0,Closed 0 worst trades
2026.02.16 12:32:04,410038624,Magic_251101,CRITICAL_TRIM,127.53,122.97,3.58,0,Closed 0 worst trades
2026.02.16 12:32:04,410038624,Magic_251101,CRITICAL_TRIM,127.53,122.97,3.58,0,Closed 0 worst trades
2026.02.16 12:32:04,410038624,Magic_251101,CRITICAL_TRIM,127.53,122.97,3.58,0,Closed 0 worst trades
2026.02.16 12:32:04,410038624,Magic_251101,CRITICAL_TRIM,127.53,122.97,3.58,0,Closed 0 worst trades
2026.02.16 12:32:04,410038624,Magic_251101,CRITICAL_TRIM,127.53,122.97,3.58,0,Closed 0 worst trades
2026.02.16 12:32:05,410038624,Magic_251101,CRITICAL_TRIM,127.53,122.97,3.58,0,Closed 0 worst trades
2026.02.16 12:32:05,410038624,Magic_251101,CRITICAL_TRIM,127.53,122.97,3.58,0,Closed 0 worst trades
2026.02.16 12:32:05,410038624,Magic_251101,CRITICAL_TRIM,127.53,122.97,3.58,0,Closed 0 worst trades
2026.02.16 12:32:05,410038624,Magic_251101,CRITICAL_TRIM,127.53,122.97,3.58,0,Closed 0 worst trades
2026.02.16 12:32:05,410038624,Magic_251101,CRITICAL_TRIM,127.53,122.97,3.58,0,Closed 0 worst trades
2026.02.16 12:32:05,410038624,Magic_251101,CRITICAL_TRIM,127.53,122.97,3.58,0,Closed 0 worst trades
2026.02.16 12:32:06,410038624,Magic_251101,CRITICAL_TRIM,127.53,122.97,3.58,0,Closed 0 worst trades
2026.02.16 12:32:06,410038624,Magic_251101,CRITICAL_TRIM,127.53,122.97,3.58,0,Closed 0 worst trades
2026.02.16 12:32:06,410038624,Magic_251101,CRITICAL_TRIM,127.53,122.97,3.58,0,Closed 0 worst trades
2026.02.16 12:32:07,410038624,Magic_251101,CRITICAL_TRIM,127.53,122.97,3.58,0,Closed 0 worst trades
2026.02.16 12:32:07,410038624,Magic_251101,CRITICAL_TRIM,127.53,122.97,3.58,0,Closed 0 worst trades
2026.02.16 12:32:07,410038624,Magic_251101,CRITICAL_TRIM,127.53,122.97,3.58,0,Closed 0 worst trades
2026.02.16 12:32:07,410038624,Magic_251101,CRITICAL_TRIM,127.53,122.97,3.58,0,Closed 0 worst trades
2026.02.16 12:32:07,410038624,Magic_251101,CRITICAL_TRIM,127.53,122.97,3.58,0,Closed 0 worst trades
2026.02.16 12:32:08,410038624,Magic_251101,CRITICAL_TRIM,127.53,122.97,3.58,0,Closed 0 worst trades
2026.02.16 12:32:08,410038624,Magic_251101,CRITICAL_TRIM,127.53,122.97,3.58,0,Closed 0 worst trades
2026.02.16 12:32:09,410038624,Magic_251101,CRITICAL_TRIM,127.53,122.97,3.58,0,Closed 0 worst trades
2026.02.16 12:32:09,410038624,Magic_251101,CRITICAL_TRIM,127.53,122.97,3.58,0,Closed 0 worst trades
2026.02.16 12:32:09,410038624,Magic_251101,CRITICAL_TRIM,127.53,122.97,3.58,0,Closed 0 worst trades
2026.02.16 12:32:10,410038624,Magic_251101,CRITICAL_TRIM,127.53,122.97,3.58,0,Closed 0 worst trades
2026.02.16 12:32:10,410038624,Magic_251101,CRITICAL_TRIM,127.53,122.97,3.58,0,Closed 0 worst trades
2026.02.16 12:32:10,410038624,Magic_251101,CRITICAL_TRIM,127.53,122.97,3.58,0,Closed 0 worst trades
2026.02.16 12:32:10,410038624,Magic_251101,CRITICAL_TRIM,127.53,122.97,3.58,0,Closed 0 worst trades
2026.02.16 12:32:10,410038624,Magic_251101,CRITICAL_TRIM,127.53,122.97,3.58,0,Closed 0 worst trades
2026.02.16 12:32:10,410038624,Magic_251101,CRITICAL_TRIM,127.53,122.97,3.58,0,Closed 0 worst trades
2026.02.16 12:32:11,410038624,Magic_251101,CRITICAL_TRIM,127.53,122.97,3.58,0,Closed 0 worst trades
2026.02.16 12:32:11,410038624,Magic_251101,CRITICAL_TRIM,127.53,122.97,3.58,0,Closed 0 worst trades
2026.02.16 12:32:11,410038624,Magic_251101,CRITICAL_TRIM,127.53,122.97,3.58,0,Closed 0 worst trades
2026.02.16 12:32:11,410038624,Magic_251101,CRITICAL_TRIM,127.53,122.97,3.58,0,Closed 0 worst trades
2026.02.16 12:32:11,410038624,Magic_251101,CRITICAL_TRIM,127.53,122.97,3.58,0,Closed 0 worst trades
2026.02.16 12:32:11,410038624,Magic_251101,CRITICAL_TRIM,127.53,122.97,3.58,0,Closed 0 worst trades
2026.02.16 12:32:11,410038624,Magic_251101,CRITICAL_TRIM,127.53,122.97,3.58,0,Closed 0 worst trades
2026.02.16 12:32:11,410038624,Magic_251101,CRITICAL_TRIM,127.53,122.97,3.58,0,Closed 0 worst trades
2026.02.16 12:32:12,410038624,Magic_251101,CRITICAL_TRIM,127.53,122.97,3.58,0,Closed 0 worst trades
2026.02.16 12:32:12,410038624,Magic_251101,CRITICAL_TRIM,127.53,122.97,3.58,0,Closed 0 worst trades
2026.02.16 12:32:12,410038624,Magic_251101,CRITICAL_TRIM,127.53,122.97,3.58,0,Closed 0 worst trades
2026.02.16 12:32:12,410038624,Magic_251101,CRITICAL_TRIM,127.53,122.97,3.58,0,Closed 0 worst trades
2026.02.16 12:32:12,410038624,Magic_251101,CRITICAL_TRIM,127.53,122.97,3.58,0,Closed 0 worst trades
2026.02.16 12:32:12,410038624,Magic_251101,CRITICAL_TRIM,127.53,122.97,3.58,0,Closed 0 worst trades
2026.02.16 12:32:12,410038624,Magic_251101,CRITICAL_TRIM,127.53,122.97,3.58,0,Closed 0 worst trades
2026.02.16 12:32:13,410038624,Magic_251101,CRITICAL_TRIM,127.53,122.97,3.58,0,Closed 0 worst trades
2026.02.16 12:32:13,410038624,Magic_251101,CRITICAL_TRIM,127.53,122.97,3.58,0,Closed 0 worst trades
2026.02.16 12:32:14,410038624,Magic_251101,CRITICAL_TRIM,127.53,122.97,3.58,0,Closed 0 worst trades
2026.02.16 12:32:14,410038624,Magic_251101,CRITICAL_TRIM,127.53,122.97,3.58,0,Closed 0 worst trades
2026.02.16 12:32:14,410038624,Magic_251101,CRITICAL_TRIM,127.53,122.97,3.58,0,Closed 0 worst trades
2026.02.16 12:32:15,410038624,Magic_251101,CRITICAL_TRIM,127.53,122.97,3.58,0,Closed 0 worst trades
2026.02.16 12:32:15,410038624,Magic_251101,CRITICAL_TRIM,127.53,122.97,3.58,0,Closed 0 worst trades
2026.02.16 12:32:15,410038624,Magic_251101,CRITICAL_TRIM,127.53,122.97,3.58,0,Closed 0 worst trades
2026.02.16 12:32:15,410038624,Magic_251101,CRITICAL_TRIM,127.53,122.97,3.58,0,Closed 0 worst trades
2026.02.16 12:32:15,410038624,Magic_251101,CRITICAL_TRIM,127.53,122.97,3.58,0,Closed 0 worst trades
2026.02.16 12:32:15,410038624,Magic_251101,CRITICAL_TRIM,127.53,122.97,3.58,0,Closed 0 worst trades
2026.02.16 12:32:15,410038624,Magic_251101,CRITICAL_TRIM,127.53,122.97,3.58,0,Closed 0 worst trades
2026.02.16 12:32:16,410038624,Magic_251101,CRITICAL_TRIM,127.53,122.97,3.58,0,Closed 0 worst trades
2026.02.16 12:32:16,410038624,Magic_251101,CRITICAL_TRIM,127.53,122.97,3.58,0,Closed 0 worst trades
2026.02.16 12:32:16,410038624,Magic_251101,CRITICAL_TRIM,127.53,122.97,3.58,0,Closed 0 worst trades
2026.02.16 12:32:16,410038624,Magic_251101,CRITICAL_TRIM,127.53,122.97,3.58,0,Closed 0 worst trades
2026.02.16 12:32:17,410038624,Magic_251101,CRITICAL_TRIM,127.53,122.97,3.58,0,Closed 0 worst trades
2026.02.16 12:32:18,410038624,Magic_251101,CRITICAL_TRIM,127.53,122.97,3.58,0,Closed 0 worst trades
2026.02.16 12:32:18,410038624,Magic_251101,CRITICAL_TRIM,127.53,122.97,3.58,0,Closed 0 worst trades
2026.02.16 12:32:18,410038624,Magic_251101,CRITICAL_TRIM,127.53,122.97,3.58,0,Closed 0 worst trades
2026.02.16 12:32:19,410038624,Magic_251101,CRITICAL_TRIM,127.53,122.97,3.58,0,Closed 0 worst trades
2026.02.16 12:32:19,410038624,Magic_251101,CRITICAL_TRIM,127.53,122.97,3.58,0,Closed 0 worst trades
2026.02.16 12:32:20,410038624,Magic_251101,CRITICAL_TRIM,127.53,122.97,3.58,0,Closed 0 worst trades
2026.02.16 12:32:20,410038624,Magic_251101,CRITICAL_TRIM,127.53,122.97,3.58,0,Closed 0 worst trades
2026.02.16 12:32:20,410038624,Magic_251101,CRITICAL_TRIM,127.53,122.97,3.58,0,Closed 0 worst trades
2026.02.16 12:32:20,410038624,Magic_251101,CRITICAL_TRIM,127.53,122.97,3.58,0,Closed 0 worst trades
2026.02.16 12:32:20,410038624,Magic_251101,CRITICAL_TRIM,127.53,122.97,3.58,0,Closed 0 worst trades
2026.02.16 12:32:21,410038624,Magic_251101,CRITICAL_TRIM,127.53,122.97,3.58,0,Closed 0 worst trades
2026.02.16 12:32:21,410038624,Magic_251101,CRITICAL_TRIM,127.53,122.97,3.58,0,Closed 0 worst trades
2026.02.16 12:32:21,410038624,Magic_251101,CRITICAL_TRIM,127.53,122.97,3.58,0,Closed 0 worst trades
2026.02.16 12:32:21,410038624,Magic_251101,CRITICAL_TRIM,127.53,122.97,3.58,0,Closed 0 worst trades
2026.02.16 12:32:21,410038624,Magic_251101,CRITICAL_TRIM,127.53,122.97,3.58,0,Closed 0 worst trades
2026.02.16 12:32:21,410038624,Magic_251101,CRITICAL_TRIM,127.53,122.97,3.58,0,Closed 0 worst trades
2026.02.16 12:32:21,410038624,Magic_251101,CRITICAL_TRIM,127.53,122.97,3.58,0,Closed 0 worst trades
2026.02.16 12:32:21,410038624,Magic_251101,CRITICAL_TRIM,127.53,122.97,3.58,0,Closed 0 worst trades
2026.02.16 12:32:21,410038624,Magic_251101,CRITICAL_TRIM,127.53,122.97,3.58,0,Closed 0 worst trades
2026.02.16 12:32:22,410038624,Magic_251101,CRITICAL_TRIM,127.53,122.97,3.58,0,Closed 0 worst trades
2026.02.16 12:32:22,410038624,Magic_251101,CRITICAL_TRIM,127.53,122.97,3.58,0,Closed 0 worst trades
2026.02.16 12:32:22,410038624,Magic_251101,CRITICAL_TRIM,127.53,122.97,3.58,0,Closed 0 worst trades
2026.02.16 12:32:22,410038624,Magic_251101,CRITICAL_TRIM,127.53,122.97,3.58,0,Closed 0 worst trades
2026.02.16 12:32:22,410038624,Magic_251101,CRITICAL_TRIM,127.53,122.97,3.58,0,Closed 0 worst trades
2026.02.16 12:32:22,410038624,Magic_251101,CRITICAL_TRIM,127.53,122.97,3.58,0,Closed 0 worst trades
2026.02.16 12:32:23,410038624,Magic_251101,CRITICAL_TRIM,127.53,122.97,3.58,0,Closed 0 worst trades
2026.02.16 12:32:23,410038624,Magic_251101,CRITICAL_TRIM,127.53,122.97,3.58,0,Closed 0 worst trades
2026.02.16 12:32:23,410038624,Magic_251101,CRITICAL_TRIM,127.53,122.97,3.58,0,Closed 0 worst trades
2026.02.16 12:32:23,410038624,Magic_251101,CRITICAL_TRIM,127.53,122.97,3.58,0,Closed 0 worst trades
2026.02.16 12:32:23,410038624,Magic_251101,CRITICAL_TRIM,127.53,122.97,3.58,0,Closed 0 worst trades
2026.02.16 12:32:24,410038624,Magic_251101,CRITICAL_TRIM,127.53,122.97,3.58,0,Closed 0 worst trades
2026.02.16 12:32:24,410038624,Magic_251101,CRITICAL_TRIM,127.53,122.97,3.58,0,Closed 0 worst trades
2026.02.16 12:32:24,410038624,Magic_251101,CRITICAL_TRIM,127.53,122.97,3.58,0,Closed 0 worst trades
2026.02.16 12:32:24,410038624,Magic_251101,CRITICAL_TRIM,127.53,122.97,3.58,0,Closed 0 worst trades
2026.02.16 12:32:24,410038624,Magic_251101,CRITICAL_TRIM,127.53,122.97,3.58,0,Closed 0 worst trades
2026.02.16 12:32:24,410038624,Magic_251101,CRITICAL_TRIM,127.53,122.97,3.58,0,Closed 0 worst trades
2026.02.16 12:32:25,410038624,Magic_251101,CRITICAL_TRIM,127.53,122.97,3.58,0,Closed 0 worst trades
2026.02.16 12:32:25,410038624,Magic_251101,CRITICAL_TRIM,127.53,122.97,3.58,0,Closed 0 worst trades
2026.02.16 12:32:25,410038624,Magic_251101,CRITICAL_TRIM,127.53,122.97,3.58,0,Closed 0 worst trades
2026.02.16 12:32:25,410038624,Magic_251101,CRITICAL_TRIM,127.53,122.97,3.58,0,Closed 0 worst trades
2026.02.16 12:32:25,410038624,Magic_251101,CRITICAL_TRIM,127.53,122.97,3.58,0,Closed 0 worst trades
2026.02.16 12:32:25,410038624,Magic_251101,CRITICAL_TRIM,127.53,122.97,3.58,0,Closed 0 worst trades
2026.02.16 12:32:25,410038624,Magic_251101,CRITICAL_TRIM,127.53,122.97,3.58,0,Closed 0 worst trades
2026.02.16 12:32:25,410038624,Magic_251101,CRITICAL_TRIM,127.53,122.97,3.58,0,Closed 0 worst trades
2026.02.16 12:32:25,410038624,Magic_251101,CRITICAL_TRIM,127.53,122.97,3.58,0,Closed 0 worst trades
2026.02.16 12:32:26,410038624,Magic_251101,CRITICAL_TRIM,127.53,122.97,3.58,0,Closed 0 worst trades
2026.02.16 12:32:26,410038624,Magic_251101,CRITICAL_TRIM,127.53,122.97,3.58,0,Closed 0 worst trades
2026.02.16 12:32:26,410038624,Magic_251101,CRITICAL_TRIM,127.53,122.97,3.58,0,Closed 0 worst trades
2026.02.16 12:32:26,410038624,Magic_251101,CRITICAL_TRIM,127.53,122.97,3.58,0,Closed 0 worst trades
2026.02.16 12:32:26,410038624,Magic_251101,CRITICAL_TRIM,127.53,122.97,3.58,0,Closed 0 worst trades
2026.02.16 12:32:26,410038624,Magic_251101,CRITICAL_TRIM,127.53,122.97,3.58,0,Closed 0 worst trades
2026.02.16 12:32:26,410038624,Magic_251101,CRITICAL_TRIM,127.53,122.97,3.58,0,Closed 0 worst trades
2026.02.16 12:32:26,410038624,Magic_251101,CRITICAL_TRIM,127.53,122.97,3.58,0,Closed 0 worst trades
2026.02.16 12:32:26,410038624,Magic_251101,CRITICAL_TRIM,127.53,122.97,3.58,0,Closed 0 worst trades
2026.02.16 12:32:27,410038624,Magic_251101,CRITICAL_TRIM,127.53,122.97,3.58,0,Closed 0 worst trades
2026.02.16 12:32:27,410038624,Magic_251101,CRITICAL_TRIM,127.53,122.97,3.58,0,Closed 0 worst trades
2026.02.16 12:32:29,410038624,Magic_251101,CRITICAL_TRIM,127.53,122.97,3.58,0,Closed 0 worst trades
2026.02.16 12:32:30,410038624,Magic_251101,CRITICAL_TRIM,127.53,122.97,3.58,0,Closed 0 worst trades
2026.02.16 12:32:31,410038624,Magic_251101,CRITICAL_TRIM,127.53,122.97,3.58,0,Closed 0 worst trades
2026.02.16 12:32:31,410038624,Magic_251101,CRITICAL_TRIM,127.53,122.97,3.58,0,Closed 0 worst trades
2026.02.16 12:32:31,410038624,Magic_251101,CRITICAL_TRIM,127.53,122.97,3.58,0,Closed 0 worst trades
2026.02.16 12:32:31,410038624,Magic_251101,CRITICAL_TRIM,127.53,122.97,3.58,0,Closed 0 worst trades
2026.02.16 12:32:31,410038624,Magic_251101,CRITICAL_TRIM,127.53,122.97,3.58,0,Closed 0 worst trades
2026.02.16 12:32:31,410038624,Magic_251101,CRITICAL_TRIM,127.53,122.97,3.58,0,Closed 0 worst trades
2026.02.16 12:32:32,410038624,Magic_251101,CRITICAL_TRIM,127.53,122.97,3.58,0,Closed 0 worst trades
2026.02.16 12:32:32,410038624,Magic_251101,CRITICAL_TRIM,127.53,122.97,3.58,0,Closed 0 worst trades
2026.02.16 12:32:32,410038624,Magic_251101,CRITICAL_TRIM,127.53,122.97,3.58,0,Closed 0 worst trades
2026.02.16 12:32:33,410038624,Magic_251101,CRITICAL_TRIM,127.53,122.97,3.58,0,Closed 0 worst trades
2026.02.16 12:32:33,410038624,Magic_251101,CRITICAL_TRIM,127.53,122.97,3.58,0,Closed 0 worst trades
2026.02.16 12:32:33,410038624,Magic_251101,CRITICAL_TRIM,127.53,122.97,3.58,0,Closed 0 worst trades
2026.02.16 12:32:33,410038624,Magic_251101,CRITICAL_TRIM,127.53,122.97,3.58,0,Closed 0 worst trades
2026.02.16 12:32:34,410038624,Magic_251101,CRITICAL_TRIM,127.53,122.97,3.58,0,Closed 0 worst trades
2026.02.16 12:32:34,410038624,Magic_251101,CRITICAL_TRIM,127.53,122.97,3.58,0,Closed 0 worst trades
2026.02.16 12:32:34,410038624,Magic_251101,CRITICAL_TRIM,127.53,122.97,3.58,0,Closed 0 worst trades
2026.02.16 12:32:34,410038624,Magic_251101,CRITICAL_TRIM,127.53,122.97,3.58,0,Closed 0 worst trades
2026.02.16 12:32:34,410038624,Magic_251101,CRITICAL_TRIM,127.53,122.97,3.58,0,Closed 0 worst trades
2026.02.16 12:32:34,410038624,Magic_251101,CRITICAL_TRIM,127.53,122.97,3.58,0,Closed 0 worst trades
2026.02.16 12:32:34,410038624,Magic_251101,CRITICAL_TRIM,127.53,122.97,3.58,0,Closed 0 worst trades
2026.02.16 12:32:34,410038624,Magic_251101,CRITICAL_TRIM,127.53,122.97,3.58,0,Closed 0 worst trades
2026.02.16 12:32:35,410038624,Magic_251101,CRITICAL_TRIM,127.53,122.97,3.58,0,Closed 0 worst trades
2026.02.16 12:32:35,410038624,Magic_251101,CRITICAL_TRIM,127.53,122.97,3.58,0,Closed 0 worst trades
2026.02.16 12:32:35,410038624,Magic_251101,CRITICAL_TRIM,127.53,122.97,3.58,0,Closed 0 worst trades
2026.02.16 12:32:35,410038624,Magic_251101,CRITICAL_TRIM,127.53,122.97,3.58,0,Closed 0 worst trades
2026.02.16 12:32:35,410038624,Magic_251101,CRITICAL_TRIM,127.53,122.97,3.58,0,Closed 0 worst trades
2026.02.16 12:32:35,410038624,Magic_251101,CRITICAL_TRIM,127.53,122.97,3.58,0,Closed 0 worst trades
2026.02.16 12:32:35,410038624,Magic_251101,CRITICAL_TRIM,127.53,122.97,3.58,0,Closed 0 worst trades
2026.02.16 12:32:35,410038624,Magic_251101,CRITICAL_TRIM,127.53,122.97,3.58,0,Closed 0 worst trades
2026.02.16 12:32:36,410038624,Magic_251101,CRITICAL_TRIM,127.53,122.97,3.58,0,Closed 0 worst trades
2026.02.16 12:32:36,410038624,Magic_251101,CRITICAL_TRIM,127.53,122.97,3.58,0,Closed 0 worst trades
2026.02.16 12:32:36,410038624,Magic_251101,CRITICAL_TRIM,127.53,122.97,3.58,0,Closed 0 worst trades
2026.02.16 12:32:36,410038624,Magic_251101,CRITICAL_TRIM,127.53,122.97,3.58,0,Closed 0 worst trades
2026.02.16 12:32:36,410038624,Magic_251101,CRITICAL_TRIM,127.53,122.97,3.58,0,Closed 0 worst trades
2026.02.16 12:32:36,410038624,Magic_251101,CRITICAL_TRIM,127.53,122.97,3.58,0,Closed 0 worst trades
2026.02.16 12:32:36,410038624,Magic_251101,CRITICAL_TRIM,127.53,122.97,3.58,0,Closed 0 worst trades
2026.02.16 12:32:36,410038624,Magic_251101,CRITICAL_TRIM,127.53,122.97,3.58,0,Closed 0 worst trades
2026.02.16 12:32:37,410038624,Magic_251101,CRITICAL_TRIM,127.53,122.97,3.58,0,Closed 0 worst trades
2026.02.16 12:32:37,410038624,Magic_251101,CRITICAL_TRIM,127.53,122.97,3.58,0,Closed 0 worst trades
2026.02.16 12:32:37,410038624,Magic_251101,CRITICAL_TRIM,127.53,122.97,3.58,0,Closed 0 worst trades
2026.02.16 12:32:37,410038624,Magic_251101,CRITICAL_TRIM,127.53,122.97,3.58,0,Closed 0 worst trades
2026.02.16 12:32:37,410038624,Magic_251101,CRITICAL_TRIM,127.53,122.97,3.58,0,Closed 0 worst trades
2026.02.16 12:32:37,410038624,Magic_251101,CRITICAL_TRIM,127.53,122.97,3.58,0,Closed 0 worst trades
2026.02.16 12:32:37,410038624,Magic_251101,CRITICAL_TRIM,127.53,122.97,3.58,0,Closed 0 worst trades
2026.02.16 12:32:38,410038624,Magic_251101,CRITICAL_TRIM,127.53,122.97,3.58,0,Closed 0 worst trades
2026.02.16 12:32:38,410038624,Magic_251101,CRITICAL_TRIM,127.53,122.97,3.58,0,Closed 0 worst trades
2026.02.16 12:32:38,410038624,Magic_251101,CRITICAL_TRIM,127.53,122.97,3.58,0,Closed 0 worst trades
2026.02.16 12:32:38,410038624,Magic_251101,CRITICAL_TRIM,127.53,122.97,3.58,0,Closed 0 worst trades
2026.02.16 12:32:38,410038624,Magic_251101,CRITICAL_TRIM,127.53,122.97,3.58,0,Closed 0 worst trades
2026.02.16 12:32:39,410038624,Magic_251101,CRITICAL_TRIM,127.53,122.97,3.58,0,Closed 0 worst trades
2026.02.16 12:32:39,410038624,Magic_251101,CRITICAL_TRIM,127.53,122.97,3.58,0,Closed 0 worst trades
2026.02.16 12:32:39,410038624,Magic_251101,CRITICAL_TRIM,127.53,122.97,3.58,0,Closed 0 worst trades
2026.02.16 12:32:39,410038624,Magic_251101,CRITICAL_TRIM,127.53,122.97,3.58,0,Closed 0 worst trades
2026.02.16 12:32:40,410038624,Magic_251101,CRITICAL_TRIM,127.53,122.97,3.58,0,Closed 0 worst trades
2026.02.16 12:32:40,410038624,Magic_251101,CRITICAL_TRIM,127.53,122.97,3.58,0,Closed 0 worst trades
2026.02.16 12:32:40,410038624,Magic_251101,CRITICAL_TRIM,127.53,122.97,3.58,0,Closed 0 worst trades
2026.02.16 12:32:40,410038624,Magic_251101,CRITICAL_TRIM,127.53,122.97,3.58,0,Closed 0 worst trades
2026.02.16 12:32:40,410038624,Magic_251101,CRITICAL_TRIM,127.53,122.97,3.58,0,Closed 0 worst trades
2026.02.16 12:32:40,410038624,Magic_251101,CRITICAL_TRIM,127.53,122.97,3.58,0,Closed 0 worst trades
2026.02.16 12:32:40,410038624,Magic_251101,CRITICAL_TRIM,127.53,122.97,3.58,0,Closed 0 worst trades
2026.02.16 12:32:40,410038624,Magic_251101,CRITICAL_TRIM,127.53,122.97,3.58,0,Closed 0 worst trades
2026.02.16 12:32:41,410038624,Magic_251101,CRITICAL_TRIM,127.53,122.97,3.58,0,Closed 0 worst trades
2026.02.16 12:32:41,410038624,Magic_251101,CRITICAL_TRIM,127.53,122.97,3.58,0,Closed 0 worst trades
2026.02.16 12:32:41,410038624,Magic_251101,CRITICAL_TRIM,127.53,122.97,3.58,0,Closed 0 worst trades
2026.02.16 12:32:42,410038624,Magic_251101,CRITICAL_TRIM,127.53,122.97,3.58,0,Closed 0 worst trades
2026.02.16 12:32:42,410038624,Magic_251101,CRITICAL_TRIM,127.53,122.97,3.58,0,Closed 0 worst trades
2026.02.16 12:32:42,410038624,Magic_251101,CRITICAL_TRIM,127.53,122.97,3.58,0,Closed 0 worst trades
2026.02.16 12:32:42,410038624,Magic_251101,CRITICAL_TRIM,127.53,122.97,3.58,0,Closed 0 worst trades
2026.02.16 12:32:43,410038624,Magic_251101,CRITICAL_TRIM,127.53,122.97,3.58,0,Closed 0 worst trades
2026.02.16 12:32:43,410038624,Magic_251101,CRITICAL_TRIM,127.53,122.97,3.58,0,Closed 0 worst trades
2026.02.16 12:32:43,410038624,Magic_251101,CRITICAL_TRIM,127.53,122.97,3.58,0,Closed 0 worst trades
2026.02.16 12:32:43,410038624,Magic_251101,CRITICAL_TRIM,127.53,122.97,3.58,0,Closed 0 worst trades
2026.02.16 12:32:44,410038624,Magic_251101,CRITICAL_TRIM,127.53,122.97,3.58,0,Closed 0 worst trades
2026.02.16 12:32:44,410038624,Magic_251101,CRITICAL_TRIM,127.53,122.97,3.58,0,Closed 0 worst trades
2026.02.16 12:32:44,410038624,Magic_251101,CRITICAL_TRIM,127.53,122.97,3.58,0,Closed 0 worst trades
2026.02.16 12:32:44,410038624,Magic_251101,CRITICAL_TRIM,127.53,122.97,3.58,0,Closed 0 worst trades
2026.02.16 12:32:45,410038624,Magic_251101,CRITICAL_TRIM,127.53,122.97,3.58,0,Closed 0 worst trades
2026.02.16 12:32:45,410038624,Magic_251101,CRITICAL_TRIM,127.53,122.97,3.58,0,Closed 0 worst trades
2026.02.16 12:32:45,410038624,Magic_251101,CRITICAL_TRIM,127.53,122.97,3.58,0,Closed 0 worst trades
2026.02.16 12:32:45,410038624,Magic_251101,CRITICAL_TRIM,127.53,122.97,3.58,0,Closed 0 worst trades
2026.02.16 12:32:45,410038624,Magic_251101,CRITICAL_TRIM,127.53,122.97,3.58,0,Closed 0 worst trades
2026.02.16 12:32:46,410038624,Magic_251101,CRITICAL_TRIM,127.53,122.97,3.58,0,Closed 0 worst trades
2026.02.16 12:32:46,410038624,Magic_251101,CRITICAL_TRIM,127.53,122.97,3.58,0,Closed 0 worst trades
2026.02.16 12:32:46,410038624,Magic_251101,CRITICAL_TRIM,127.53,122.97,3.58,0,Closed 0 worst trades
2026.02.16 12:32:47,410038624,Magic_251101,CRITICAL_TRIM,127.53,122.97,3.58,0,Closed 0 worst trades
2026.02.16 12:32:47,410038624,Magic_251101,CRITICAL_TRIM,127.53,122.97,3.58,0,Closed 0 worst trades
2026.02.16 12:32:47,410038624,Magic_251101,CRITICAL_TRIM,127.53,122.97,3.58,0,Closed 0 worst trades
2026.02.16 12:32:48,410038624,Magic_251101,CRITICAL_TRIM,127.53,122.97,3.58,0,Closed 0 worst trades
2026.02.16 12:32:48,410038624,Magic_251101,CRITICAL_TRIM,127.53,122.97,3.58,0,Closed 0 worst trades
2026.02.16 12:32:48,410038624,Magic_251101,CRITICAL_TRIM,127.53,122.97,3.58,0,Closed 0 worst trades
2026.02.16 12:32:49,410038624,Magic_251101,CRITICAL_TRIM,127.53,122.97,3.58,0,Closed 0 worst trades
2026.02.16 12:32:49,410038624,Magic_251101,CRITICAL_TRIM,127.53,122.97,3.58,0,Closed 0 worst trades
2026.02.16 12:32:49,410038624,Magic_251101,CRITICAL_TRIM,127.53,122.97,3.58,0,Closed 0 worst trades
2026.02.16 12:32:49,410038624,Magic_251101,CRITICAL_TRIM,127.53,122.97,3.58,0,Closed 0 worst trades
2026.02.16 12:32:49,410038624,Magic_251101,CRITICAL_TRIM,127.53,122.97,3.58,0,Closed 0 worst trades
2026.02.16 12:32:50,410038624,Magic_251101,CRITICAL_TRIM,127.53,122.97,3.58,0,Closed 0 worst trades
2026.02.16 12:32:50,410038624,Magic_251101,CRITICAL_TRIM,127.53,122.97,3.58,0,Closed 0 worst trades
2026.02.16 12:32:50,410038624,Magic_251101,CRITICAL_TRIM,127.53,122.97,3.58,0,Closed 0 worst trades
2026.02.16 12:32:50,410038624,Magic_251101,CRITICAL_TRIM,127.53,122.97,3.58,0,Closed 0 worst trades
2026.02.16 12:32:50,410038624,Magic_251101,CRITICAL_TRIM,127.53,122.97,3.58,0,Closed 0 worst trades
2026.02.16 12:32:50,410038624,Magic_251101,CRITICAL_TRIM,127.53,122.97,3.58,0,Closed 0 worst trades
2026.02.16 12:32:50,410038624,Magic_251101,CRITICAL_TRIM,127.53,122.97,3.58,0,Closed 0 worst trades
2026.02.16 12:32:50,410038624,Magic_251101,CRITICAL_TRIM,127.53,122.97,3.58,0,Closed 0 worst trades
2026.02.16 12:32:51,410038624,Magic_251101,CRITICAL_TRIM,127.53,122.97,3.58,0,Closed 0 worst trades
2026.02.16 12:32:52,410038624,Magic_251101,CRITICAL_TRIM,127.53,122.97,3.58,0,Closed 0 worst trades
2026.02.16 12:32:52,410038624,Magic_251101,CRITICAL_TRIM,127.53,122.97,3.58,0,Closed 0 worst trades
2026.02.16 12:32:52,410038624,Magic_251101,CRITICAL_TRIM,127.53,122.97,3.58,0,Closed 0 worst trades
2026.02.16 12:32:52,410038624,Magic_251101,CRITICAL_TRIM,127.53,122.97,3.58,0,Closed 0 worst trades
2026.02.16 12:32:52,410038624,Magic_251101,CRITICAL_TRIM,127.53,122.97,3.58,0,Closed 0 worst trades
2026.02.16 12:32:53,410038624,Magic_251101,CRITICAL_TRIM,127.53,122.97,3.58,0,Closed 0 worst trades
2026.02.16 12:32:53,410038624,Magic_251101,CRITICAL_TRIM,127.53,122.97,3.58,0,Closed 0 worst trades
2026.02.16 12:32:53,410038624,Magic_251101,CRITICAL_TRIM,127.53,122.97,3.58,0,Closed 0 worst trades
2026.02.16 12:32:53,410038624,Magic_251101,CRITICAL_TRIM,127.53,122.97,3.58,0,Closed 0 worst trades
2026.02.16 12:32:53,410038624,Magic_251101,CRITICAL_TRIM,127.53,122.97,3.58,0,Closed 0 worst trades
2026.02.16 12:32:53,410038624,Magic_251101,CRITICAL_TRIM,127.53,122.97,3.58,0,Closed 0 worst trades
2026.02.16 12:32:54,410038624,Magic_251101,CRITICAL_TRIM,127.53,122.97,3.58,0,Closed 0 worst trades
2026.02.16 12:32:55,410038624,Magic_251101,CRITICAL_TRIM,127.53,122.97,3.58,0,Closed 0 worst trades
2026.02.16 12:32:55,410038624,Magic_251101,CRITICAL_TRIM,127.53,122.97,3.58,0,Closed 0 worst trades
2026.02.16 12:32:55,410038624,Magic_251101,CRITICAL_TRIM,127.53,122.97,3.58,0,Closed 0 worst trades
2026.02.16 12:32:55,410038624,Magic_251101,CRITICAL_TRIM,127.53,122.97,3.58,0,Closed 0 worst trades
2026.02.16 12:32:55,410038624,Magic_251101,CRITICAL_TRIM,127.53,122.97,3.58,0,Closed 0 worst trades
2026.02.16 12:32:55,410038624,Magic_251101,CRITICAL_TRIM,127.53,122.97,3.58,0,Closed 0 worst trades
2026.02.16 12:32:55,410038624,Magic_251101,CRITICAL_TRIM,127.53,122.97,3.58,0,Closed 0 worst trades
2026.02.16 12:32:55,410038624,Magic_251101,CRITICAL_TRIM,127.53,122.97,3.58,0,Closed 0 worst trades
2026.02.16 12:32:56,410038624,Magic_251101,CRITICAL_TRIM,127.53,122.97,3.58,0,Closed 0 worst trades
2026.02.16 12:32:56,410038624,Magic_251101,CRITICAL_TRIM,127.53,122.97,3.58,0,Closed 0 worst trades
2026.02.16 12:32:56,410038624,Magic_251101,CRITICAL_TRIM,127.53,122.97,3.58,0,Closed 0 worst trades
2026.02.16 12:32:56,410038624,Magic_251101,CRITICAL_TRIM,127.53,122.97,3.58,0,Closed 0 worst trades
2026.02.16 12:32:56,410038624,Magic_251101,CRITICAL_TRIM,127.53,122.97,3.58,0,Closed 0 worst trades
2026.02.16 12:32:57,410038624,Magic_251101,CRITICAL_TRIM,127.53,122.97,3.58,0,Closed 0 worst trades
2026.02.16 12:32:57,410038624,Magic_251101,CRITICAL_TRIM,127.53,122.97,3.58,0,Closed 0 worst trades
2026.02.16 12:32:57,410038624,Magic_251101,CRITICAL_TRIM,127.53,122.97,3.58,0,Closed 0 worst trades
2026.02.16 12:32:57,410038624,Magic_251101,CRITICAL_TRIM,127.53,122.97,3.58,0,Closed 0 worst trades
2026.02.16 12:32:57,410038624,Magic_251101,CRITICAL_TRIM,127.53,122.97,3.58,0,Closed 0 worst trades
2026.02.16 12:32:58,410038624,Magic_251101,CRITICAL_TRIM,127.53,122.97,3.58,0,Closed 0 worst trades
2026.02.16 12:32:58,410038624,Magic_251101,CRITICAL_TRIM,127.53,122.97,3.58,0,Closed 0 worst trades
2026.02.16 12:32:58,410038624,Magic_251101,CRITICAL_TRIM,127.53,122.97,3.58,0,Closed 0 worst trades
2026.02.16 12:32:58,410038624,Magic_251101,CRITICAL_TRIM,127.53,122.97,3.58,0,Closed 0 worst trades
2026.02.16 12:32:58,410038624,Magic_251101,CRITICAL_TRIM,127.53,122.97,3.58,0,Closed 0 worst trades
2026.02.16 12:32:58,410038624,Magic_251101,CRITICAL_TRIM,127.53,122.97,3.58,0,Closed 0 worst trades
2026.02.16 12:32:59,410038624,Magic_251101,CRITICAL_TRIM,127.53,122.97,3.58,0,Closed 0 worst trades
2026.02.16 12:32:59,410038624,Magic_251101,CRITICAL_TRIM,127.53,122.97,3.58,0,Closed 0 worst trades
2026.02.16 12:32:59,410038624,Magic_251101,CRITICAL_TRIM,127.53,122.97,3.58,0,Closed 0 worst trades
2026.02.16 12:32:59,410038624,Magic_251101,CRITICAL_TRIM,127.53,122.97,3.58,0,Closed 0 worst trades
2026.02.16 12:32:59,410038624,Magic_251101,CRITICAL_TRIM,127.53,122.97,3.58,0,Closed 0 worst trades
2026.02.16 12:32:59,410038624,Magic_251101,CRITICAL_TRIM,127.53,122.97,3.58,0,Closed 0 worst trades
2026.02.16 12:32:59,410038624,Magic_251101,CRITICAL_TRIM,127.53,122.97,3.58,0,Closed 0 worst trades
2026.02.16 12:32:59,410038624,Magic_251101,CRITICAL_TRIM,127.53,122.97,3.58,0,Closed 0 worst trades
2026.02.16 12:32:59,410038624,Magic_251101,CRITICAL_TRIM,127.53,122.97,3.58,0,Closed 0 worst trades
2026.02.16 12:33:00,410038624,Magic_251101,CRITICAL_TRIM,127.53,122.97,3.58,0,Closed 0 worst trades
2026.02.16 12:33:00,410038624,Magic_251101,CRITICAL_TRIM,127.53,122.97,3.58,0,Closed 0 worst trades
2026.02.16 12:33:00,410038624,Magic_251101,CRITICAL_TRIM,127.53,122.97,3.58,0,Closed 0 worst trades
2026.02.16 12:33:00,410038624,Magic_251101,CRITICAL_TRIM,127.53,122.97,3.58,0,Closed 0 worst trades
2026.02.16 12:33:00,410038624,Magic_251101,CRITICAL_TRIM,127.53,122.97,3.58,0,Closed 0 worst trades
2026.02.16 12:33:00,410038624,Magic_251101,CRITICAL_TRIM,127.53,122.97,3.58,0,Closed 0 worst trades
2026.02.16 12:33:00,410038624,Magic_251101,CRITICAL_TRIM,127.53,122.97,3.58,0,Closed 0 worst trades
2026.02.16 12:33:00,410038624,Magic_251101,CRITICAL_TRIM,127.53,122.97,3.58,0,Closed 0 worst trades
2026.02.16 12:33:00,410038624,Magic_251101,CRITICAL_TRIM,127.53,122.97,3.58,0,Closed 0 worst trades
2026.02.16 12:33:01,410038624,Magic_251101,CRITICAL_TRIM,127.53,122.97,3.58,0,Closed 0 worst trades
2026.02.16 12:33:01,410038624,Magic_251101,CRITICAL_TRIM,127.53,122.97,3.58,0,Closed 0 worst trades
2026.02.16 12:33:01,410038624,Magic_251101,CRITICAL_TRIM,127.53,122.97,3.58,0,Closed 0 worst trades
2026.02.16 12:33:01,410038624,Magic_251101,CRITICAL_TRIM,127.53,122.97,3.58,0,Closed 0 worst trades
2026.02.16 12:33:01,410038624,Magic_251101,CRITICAL_TRIM,127.53,122.97,3.58,0,Closed 0 worst trades
2026.02.16 12:33:01,410038624,Magic_251101,CRITICAL_TRIM,127.53,122.97,3.58,0,Closed 0 worst trades
2026.02.16 12:33:02,410038624,Magic_251101,CRITICAL_TRIM,127.53,122.97,3.58,0,Closed 0 worst trades
2026.02.16 12:33:02,410038624,Magic_251101,CRITICAL_TRIM,127.53,122.97,3.58,0,Closed 0 worst trades
2026.02.16 12:33:02,410038624,Magic_251101,CRITICAL_TRIM,127.53,122.97,3.58,0,Closed 0 worst trades
2026.02.16 12:33:02,410038624,Magic_251101,CRITICAL_TRIM,127.53,122.97,3.58,0,Closed 0 worst trades
2026.02.16 12:33:02,410038624,Magic_251101,CRITICAL_TRIM,127.53,122.97,3.58,0,Closed 0 worst trades
2026.02.16 12:33:02,410038624,Magic_251101,CRITICAL_TRIM,127.53,122.97,3.58,0,Closed 0 worst trades
2026.02.16 12:33:03,410038624,Magic_251101,CRITICAL_TRIM,127.53,122.97,3.58,0,Closed 0 worst trades
2026.02.16 12:33:03,410038624,Magic_251101,CRITICAL_TRIM,127.53,122.97,3.58,0,Closed 0 worst trades
2026.02.16 12:33:03,410038624,Magic_251101,CRITICAL_TRIM,127.53,122.97,3.58,0,Closed 0 worst trades
2026.02.16 12:33:03,410038624,Magic_251101,CRITICAL_TRIM,127.53,122.97,3.58,0,Closed 0 worst trades
2026.02.16 12:33:03,410038624,Magic_251101,CRITICAL_TRIM,127.53,122.97,3.58,0,Closed 0 worst trades
2026.02.16 12:33:03,410038624,Magic_251101,CRITICAL_TRIM,127.53,122.97,3.58,0,Closed 0 worst trades
2026.02.16 12:33:03,410038624,Magic_251101,CRITICAL_TRIM,127.53,122.97,3.58,0,Closed 0 worst trades
2026.02.16 12:33:04,410038624,Magic_251101,CRITICAL_TRIM,127.53,122.97,3.58,0,Closed 0 worst trades
2026.02.16 12:33:04,410038624,Magic_251101,CRITICAL_TRIM,127.53,122.97,3.58,0,Closed 0 worst trades
2026.02.16 12:33:04,410038624,Magic_251101,CRITICAL_TRIM,127.53,122.97,3.58,0,Closed 0 worst trades
2026.02.16 12:33:05,410038624,Magic_251101,CRITICAL_TRIM,127.53,122.97,3.58,0,Closed 0 worst trades
2026.02.16 12:33:05,410038624,Magic_251101,CRITICAL_TRIM,127.53,122.97,3.58,0,Closed 0 worst trades
2026.02.16 12:33:05,410038624,Magic_251101,CRITICAL_TRIM,127.53,122.97,3.58,0,Closed 0 worst trades
2026.02.16 12:33:05,410038624,Magic_251101,CRITICAL_TRIM,127.53,122.97,3.58,0,Closed 0 worst trades
2026.02.16 12:33:05,410038624,Magic_251101,CRITICAL_TRIM,127.53,122.97,3.58,0,Closed 0 worst trades
2026.02.16 12:33:05,410038624,Magic_251101,CRITICAL_TRIM,127.53,122.97,3.58,0,Closed 0 worst trades
2026.02.16 12:33:05,410038624,Magic_251101,CRITICAL_TRIM,127.53,122.97,3.58,0,Closed 0 worst trades
2026.02.16 12:33:05,410038624,Magic_251101,CRITICAL_TRIM,127.53,122.97,3.58,0,Closed 0 worst trades
2026.02.16 12:33:05,410038624,Magic_251101,CRITICAL_TRIM,127.53,122.97,3.58,0,Closed 0 worst trades
2026.02.16 12:33:06,410038624,Magic_251101,CRITICAL_TRIM,127.53,122.97,3.58,0,Closed 0 worst trades
2026.02.16 12:33:06,410038624,Magic_251101,CRITICAL_TRIM,127.53,122.97,3.58,0,Closed 0 worst trades
2026.02.16 12:33:06,410038624,Magic_251101,CRITICAL_TRIM,127.53,122.97,3.58,0,Closed 0 worst trades
2026.02.16 12:33:06,410038624,Magic_251101,CRITICAL_TRIM,127.53,122.97,3.58,0,Closed 0 worst trades
2026.02.16 12:33:06,410038624,Magic_251101,CRITICAL_TRIM,127.53,122.97,3.58,0,Closed 0 worst trades
2026.02.16 12:33:06,410038624,Magic_251101,CRITICAL_TRIM,127.53,122.97,3.58,0,Closed 0 worst trades
2026.02.16 12:33:07,410038624,Magic_251101,CRITICAL_TRIM,127.53,122.97,3.58,0,Closed 0 worst trades
2026.02.16 12:33:07,410038624,Magic_251101,CRITICAL_TRIM,127.53,122.97,3.58,0,Closed 0 worst trades
2026.02.16 12:33:07,410038624,Magic_251101,CRITICAL_TRIM,127.53,122.97,3.58,0,Closed 0 worst trades
2026.02.16 12:33:07,410038624,Magic_251101,CRITICAL_TRIM,127.53,122.97,3.58,0,Closed 0 worst trades
2026.02.16 12:33:07,410038624,Magic_251101,CRITICAL_TRIM,127.53,122.97,3.58,0,Closed 0 worst trades
2026.02.16 12:33:08,410038624,Magic_251101,CRITICAL_TRIM,127.53,122.97,3.58,0,Closed 0 worst trades
2026.02.16 12:33:08,410038624,Magic_251101,CRITICAL_TRIM,127.53,122.97,3.58,0,Closed 0 worst trades
2026.02.16 12:33:08,410038624,Magic_251101,CRITICAL_TRIM,127.53,122.97,3.58,0,Closed 0 worst trades
2026.02.16 12:33:08,410038624,Magic_251101,CRITICAL_TRIM,127.53,122.97,3.58,0,Closed 0 worst trades
2026.02.16 12:33:08,410038624,Magic_251101,CRITICAL_TRIM,127.53,122.97,3.58,0,Closed 0 worst trades
2026.02.16 12:33:08,410038624,Magic_251101,CRITICAL_TRIM,127.53,122.97,3.58,0,Closed 0 worst trades
2026.02.16 12:33:08,410038624,Magic_251101,CRITICAL_TRIM,127.53,122.97,3.58,0,Closed 0 worst trades
2026.02.16 12:33:09,410038624,Magic_251101,CRITICAL_TRIM,127.53,122.97,3.58,0,Closed 0 worst trades
2026.02.16 12:33:09,410038624,Magic_251101,CRITICAL_TRIM,127.53,122.97,3.58,0,Closed 0 worst trades
2026.02.16 12:33:09,410038624,Magic_251101,CRITICAL_TRIM,127.53,122.97,3.58,0,Closed 0 worst trades
2026.02.16 12:33:09,410038624,Magic_251101,CRITICAL_TRIM,127.53,122.97,3.58,0,Closed 0 worst trades
2026.02.16 12:33:09,410038624,Magic_251101,CRITICAL_TRIM,127.53,122.97,3.58,0,Closed 0 worst trades
2026.02.16 12:33:10,410038624,Magic_251101,CRITICAL_TRIM,127.53,122.97,3.58,0,Closed 0 worst trades
2026.02.16 12:33:10,410038624,Magic_251101,CRITICAL_TRIM,127.53,122.97,3.58,0,Closed 0 worst trades
2026.02.16 12:33:10,410038624,Magic_251101,CRITICAL_TRIM,127.53,122.97,3.58,0,Closed 0 worst trades
2026.02.16 12:33:10,410038624,Magic_251101,CRITICAL_TRIM,127.53,122.97,3.58,0,Closed 0 worst trades
2026.02.16 12:33:11,410038624,Magic_251101,CRITICAL_TRIM,127.53,122.97,3.58,0,Closed 0 worst trades
2026.02.16 12:33:11,410038624,Magic_251101,CRITICAL_TRIM,127.53,122.97,3.58,0,Closed 0 worst trades
2026.02.16 12:33:11,410038624,Magic_251101,CRITICAL_TRIM,127.53,122.97,3.58,0,Closed 0 worst trades
2026.02.16 12:33:11,410038624,Magic_251101,CRITICAL_TRIM,127.53,122.97,3.58,0,Closed 0 worst trades
2026.02.16 12:33:11,410038624,Magic_251101,CRITICAL_TRIM,127.53,122.97,3.58,0,Closed 0 worst trades
2026.02.16 12:33:12,410038624,Magic_251101,CRITICAL_TRIM,127.53,122.97,3.58,0,Closed 0 worst trades
2026.02.16 12:33:12,410038624,Magic_251101,CRITICAL_TRIM,127.53,122.97,3.58,0,Closed 0 worst trades
2026.02.16 12:33:12,410038624,Magic_251101,CRITICAL_TRIM,127.53,122.97,3.58,0,Closed 0 worst trades
2026.02.16 12:33:12,410038624,Magic_251101,CRITICAL_TRIM,127.53,122.97,3.58,0,Closed 0 worst trades
2026.02.16 12:33:12,410038624,Magic_251101,CRITICAL_TRIM,127.53,122.97,3.58,0,Closed 0 worst trades
2026.02.16 12:33:12,410038624,Magic_251101,CRITICAL_TRIM,127.53,122.97,3.58,0,Closed 0 worst trades
2026.02.16 12:33:12,410038624,Magic_251101,CRITICAL_TRIM,127.53,122.97,3.58,0,Closed 0 worst trades
2026.02.16 12:33:12,410038624,Magic_251101,CRITICAL_TRIM,127.53,122.97,3.58,0,Closed 0 worst trades
2026.02.16 12:33:12,410038624,Magic_251101,CRITICAL_TRIM,127.53,122.97,3.58,0,Closed 0 worst trades
2026.02.16 12:33:13,410038624,Magic_251101,CRITICAL_TRIM,127.53,122.97,3.58,0,Closed 0 worst trades
2026.02.16 12:33:13,410038624,Magic_251101,CRITICAL_TRIM,127.53,122.97,3.58,0,Closed 0 worst trades
2026.02.16 12:33:13,410038624,Magic_251101,CRITICAL_TRIM,127.53,122.97,3.58,0,Closed 0 worst trades
2026.02.16 12:33:13,410038624,Magic_251101,CRITICAL_TRIM,127.53,122.97,3.58,0,Closed 0 worst trades
2026.02.16 12:33:13,410038624,Magic_251101,CRITICAL_TRIM,127.53,122.97,3.58,0,Closed 0 worst trades
2026.02.16 12:33:13,410038624,Magic_251101,CRITICAL_TRIM,127.53,122.97,3.58,0,Closed 0 worst trades
2026.02.16 12:33:13,410038624,Magic_251101,CRITICAL_TRIM,127.53,122.97,3.58,0,Closed 0 worst trades
2026.02.16 12:33:13,410038624,Magic_251101,CRITICAL_TRIM,127.53,122.97,3.58,0,Closed 0 worst trades
2026.02.16 12:33:14,410038624,Magic_251101,CRITICAL_TRIM,127.53,122.97,3.58,0,Closed 0 worst trades
2026.02.16 12:33:14,410038624,Magic_251101,CRITICAL_TRIM,127.53,122.97,3.58,0,Closed 0 worst trades
2026.02.16 12:33:14,410038624,Magic_251101,CRITICAL_TRIM,127.53,122.97,3.58,0,Closed 0 worst trades
2026.02.16 12:33:14,410038624,Magic_251101,CRITICAL_TRIM,127.53,122.97,3.58,0,Closed 0 worst trades
2026.02.16 12:33:14,410038624,Magic_251101,CRITICAL_TRIM,127.53,122.97,3.58,0,Closed 0 worst trades
2026.02.16 12:33:14,410038624,Magic_251101,CRITICAL_TRIM,127.53,122.97,3.58,0,Closed 0 worst trades
2026.02.16 12:33:14,410038624,Magic_251101,CRITICAL_TRIM,127.53,122.97,3.58,0,Closed 0 worst trades
2026.02.16 12:33:14,410038624,Magic_251101,CRITICAL_TRIM,127.53,122.97,3.58,0,Closed 0 worst trades
2026.02.16 12:33:15,410038624,Magic_251101,CRITICAL_TRIM,127.53,122.97,3.58,0,Closed 0 worst trades
2026.02.16 12:33:15,410038624,Magic_251101,CRITICAL_TRIM,127.53,122.97,3.58,0,Closed 0 worst trades
2026.02.16 12:33:15,410038624,Magic_251101,CRITICAL_TRIM,127.53,122.97,3.58,0,Closed 0 worst trades
2026.02.16 12:33:16,410038624,Magic_251101,CRITICAL_TRIM,127.53,122.97,3.58,0,Closed 0 worst trades
2026.02.16 12:33:16,410038624,Magic_251101,CRITICAL_TRIM,127.53,122.97,3.58,0,Closed 0 worst trades
2026.02.16 12:33:16,410038624,Magic_251101,CRITICAL_TRIM,127.53,122.97,3.58,0,Closed 0 worst trades
2026.02.16 12:33:16,410038624,Magic_251101,CRITICAL_TRIM,127.53,122.97,3.58,0,Closed 0 worst trades
2026.02.16 12:33:17,410038624,Magic_251101,CRITICAL_TRIM,127.53,122.97,3.58,0,Closed 0 worst trades
2026.02.16 12:33:17,410038624,Magic_251101,CRITICAL_TRIM,127.53,122.97,3.58,0,Closed 0 worst trades
2026.02.16 12:33:17,410038624,Magic_251101,CRITICAL_TRIM,127.53,122.97,3.58,0,Closed 0 worst trades
2026.02.16 12:33:17,410038624,Magic_251101,CRITICAL_TRIM,127.53,122.97,3.58,0,Closed 0 worst trades
2026.02.16 12:33:17,410038624,Magic_251101,CRITICAL_TRIM,127.53,122.97,3.58,0,Closed 0 worst trades
2026.02.16 12:33:17,410038624,Magic_251101,CRITICAL_TRIM,127.53,122.97,3.58,0,Closed 0 worst trades
2026.02.16 12:33:17,410038624,Magic_251101,CRITICAL_TRIM,127.53,122.97,3.58,0,Closed 0 worst trades
2026.02.16 12:33:17,410038624,Magic_251101,CRITICAL_TRIM,127.53,122.97,3.58,0,Closed 0 worst trades
2026.02.16 12:33:18,410038624,Magic_251101,CRITICAL_TRIM,127.53,122.97,3.58,0,Closed 0 worst trades
2026.02.16 12:33:18,410038624,Magic_251101,CRITICAL_TRIM,127.53,122.97,3.58,0,Closed 0 worst trades
2026.02.16 12:33:18,410038624,Magic_251101,CRITICAL_TRIM,127.53,122.97,3.58,0,Closed 0 worst trades
2026.02.16 12:33:18,410038624,Magic_251101,CRITICAL_TRIM,127.53,122.97,3.58,0,Closed 0 worst trades
2026.02.16 12:33:18,410038624,Magic_251101,CRITICAL_TRIM,127.53,122.97,3.58,0,Closed 0 worst trades
2026.02.16 12:33:18,410038624,Magic_251101,CRITICAL_TRIM,127.53,122.97,3.58,0,Closed 0 worst trades
2026.02.16 12:33:18,410038624,Magic_251101,CRITICAL_TRIM,127.53,122.97,3.58,0,Closed 0 worst trades
2026.02.16 12:33:18,410038624,Magic_251101,CRITICAL_TRIM,127.53,122.97,3.58,0,Closed 0 worst trades
2026.02.16 12:33:18,410038624,Magic_251101,CRITICAL_TRIM,127.53,122.97,3.58,0,Closed 0 worst trades
2026.02.16 12:33:19,410038624,Magic_251101,CRITICAL_TRIM,127.53,122.97,3.58,0,Closed 0 worst trades
2026.02.16 12:33:19,410038624,Magic_251101,CRITICAL_TRIM,127.53,122.97,3.58,0,Closed 0 worst trades
2026.02.16 12:33:19,410038624,Magic_251101,CRITICAL_TRIM,127.53,122.97,3.58,0,Closed 0 worst trades
2026.02.16 12:33:19,410038624,Magic_251101,CRITICAL_TRIM,127.53,122.97,3.58,0,Closed 0 worst trades
2026.02.16 12:33:19,410038624,Magic_251101,CRITICAL_TRIM,127.53,122.97,3.58,0,Closed 0 worst trades
2026.02.16 12:33:19,410038624,Magic_251101,CRITICAL_TRIM,127.53,122.97,3.58,0,Closed 0 worst trades
2026.02.16 12:33:19,410038624,Magic_251101,CRITICAL_TRIM,127.53,122.97,3.58,0,Closed 0 worst trades
2026.02.16 12:33:20,410038624,Magic_251101,CRITICAL_TRIM,127.53,122.97,3.58,0,Closed 0 worst trades
2026.02.16 12:33:20,410038624,Magic_251101,CRITICAL_TRIM,127.53,122.97,3.58,0,Closed 0 worst trades
2026.02.16 12:33:20,410038624,Magic_251101,CRITICAL_TRIM,127.53,122.97,3.58,0,Closed 0 worst trades
2026.02.16 12:33:20,410038624,Magic_251101,CRITICAL_TRIM,127.53,122.97,3.58,0,Closed 0 worst trades
2026.02.16 12:33:20,410038624,Magic_251101,CRITICAL_TRIM,127.53,122.97,3.58,0,Closed 0 worst trades
2026.02.16 12:33:21,410038624,Magic_251101,CRITICAL_TRIM,127.53,122.97,3.58,0,Closed 0 worst trades
2026.02.16 12:33:21,410038624,Magic_251101,CRITICAL_TRIM,127.53,122.97,3.58,0,Closed 0 worst trades
2026.02.16 12:33:22,410038624,Magic_251101,CRITICAL_TRIM,127.53,122.97,3.58,0,Closed 0 worst trades
2026.02.16 12:33:22,410038624,Magic_251101,CRITICAL_TRIM,127.53,122.97,3.58,0,Closed 0 worst trades
2026.02.16 12:33:22,410038624,Magic_251101,CRITICAL_TRIM,127.53,122.97,3.58,0,Closed 0 worst trades
2026.02.16 12:33:22,410038624,Magic_251101,CRITICAL_TRIM,127.53,122.97,3.58,0,Closed 0 worst trades
2026.02.16 12:33:22,410038624,Magic_251101,CRITICAL_TRIM,127.53,122.97,3.58,0,Closed 0 worst trades
2026.02.16 12:33:22,410038624,Magic_251101,CRITICAL_TRIM,127.53,122.97,3.58,0,Closed 0 worst trades
2026.02.16 12:33:24,410038624,Magic_251101,CRITICAL_TRIM,127.53,122.97,3.58,0,Closed 0 worst trades
2026.02.16 12:33:24,410038624,Magic_251101,CRITICAL_TRIM,127.53,122.97,3.58,0,Closed 0 worst trades
2026.02.16 12:33:24,410038624,Magic_251101,CRITICAL_TRIM,127.53,122.97,3.58,0,Closed 0 worst trades
2026.02.16 12:33:24,410038624,Magic_251101,CRITICAL_TRIM,127.53,122.97,3.58,0,Closed 0 worst trades
2026.02.16 12:33:24,410038624,Magic_251101,CRITICAL_TRIM,127.53,122.97,3.58,0,Closed 0 worst trades
2026.02.16 12:33:24,410038624,Magic_251101,CRITICAL_TRIM,127.53,122.97,3.58,0,Closed 0 worst trades
2026.02.16 12:33:25,410038624,Magic_251101,CRITICAL_TRIM,127.53,122.97,3.58,0,Closed 0 worst trades
2026.02.16 12:33:25,410038624,Magic_251101,CRITICAL_TRIM,127.53,122.97,3.58,0,Closed 0 worst trades
2026.02.16 12:33:25,410038624,Magic_251101,CRITICAL_TRIM,127.53,122.97,3.58,0,Closed 0 worst trades
2026.02.16 12:33:26,410038624,Magic_251101,CRITICAL_TRIM,127.53,122.97,3.58,0,Closed 0 worst trades
2026.02.16 12:33:26,410038624,Magic_251101,CRITICAL_TRIM,127.53,122.97,3.58,0,Closed 0 worst trades
2026.02.16 12:33:26,410038624,Magic_251101,CRITICAL_TRIM,127.53,122.97,3.58,0,Closed 0 worst trades
2026.02.16 12:33:26,410038624,Magic_251101,CRITICAL_TRIM,127.53,122.97,3.58,0,Closed 0 worst trades
2026.02.16 12:33:27,410038624,Magic_251101,CRITICAL_TRIM,127.53,122.97,3.58,0,Closed 0 worst trades
2026.02.16 12:33:27,410038624,Magic_251101,CRITICAL_TRIM,127.53,122.97,3.58,0,Closed 0 worst trades
2026.02.16 12:33:27,410038624,Magic_251101,CRITICAL_TRIM,127.53,122.97,3.58,0,Closed 0 worst trades
2026.02.16 12:33:27,410038624,Magic_251101,CRITICAL_TRIM,127.53,122.97,3.58,0,Closed 0 worst trades
2026.02.16 12:33:27,410038624,Magic_251101,CRITICAL_TRIM,127.53,122.97,3.58,0,Closed 0 worst trades
2026.02.16 12:33:27,410038624,Magic_251101,CRITICAL_TRIM,127.53,122.97,3.58,0,Closed 0 worst trades
2026.02.16 12:33:28,410038624,Magic_251101,CRITICAL_TRIM,127.53,122.97,3.58,0,Closed 0 worst trades
2026.02.16 12:33:28,410038624,Magic_251101,CRITICAL_TRIM,127.53,122.97,3.58,0,Closed 0 worst trades
2026.02.16 12:33:28,410038624,Magic_251101,CRITICAL_TRIM,127.53,122.97,3.58,0,Closed 0 worst trades
2026.02.16 12:33:28,410038624,Magic_251101,CRITICAL_TRIM,127.53,122.97,3.58,0,Closed 0 worst trades
2026.02.16 12:33:28,410038624,Magic_251101,CRITICAL_TRIM,127.53,122.97,3.58,0,Closed 0 worst trades
2026.02.16 12:33:29,410038624,Magic_251101,CRITICAL_TRIM,127.53,122.97,3.58,0,Closed 0 worst trades
2026.02.16 12:33:29,410038624,Magic_251101,CRITICAL_TRIM,127.53,122.97,3.58,0,Closed 0 worst trades
2026.02.16 12:33:29,410038624,Magic_251101,CRITICAL_TRIM,127.53,122.97,3.58,0,Closed 0 worst trades
2026.02.16 12:33:29,410038624,Magic_251101,CRITICAL_TRIM,127.53,122.97,3.58,0,Closed 0 worst trades
2026.02.16 12:33:30,410038624,Magic_251101,CRITICAL_TRIM,127.53,122.97,3.58,0,Closed 0 worst trades
2026.02.16 12:33:30,410038624,Magic_251101,CRITICAL_TRIM,127.53,122.97,3.58,0,Closed 0 worst trades
2026.02.16 12:33:30,410038624,Magic_251101,CRITICAL_TRIM,127.53,122.97,3.58,0,Closed 0 worst trades
2026.02.16 12:33:30,410038624,Magic_251101,CRITICAL_TRIM,127.53,122.97,3.58,0,Closed 0 worst trades
2026.02.16 12:33:30,410038624,Magic_251101,CRITICAL_TRIM,127.53,122.97,3.58,0,Closed 0 worst trades
2026.02.16 12:33:30,410038624,Magic_251101,CRITICAL_TRIM,127.53,122.97,3.58,0,Closed 0 worst trades
2026.02.16 12:33:31,410038624,Magic_251101,CRITICAL_TRIM,127.53,122.97,3.58,0,Closed 0 worst trades
2026.02.16 12:33:31,410038624,Magic_251101,CRITICAL_TRIM,127.53,122.97,3.58,0,Closed 0 worst trades
2026.02.16 12:33:31,410038624,Magic_251101,CRITICAL_TRIM,127.53,122.97,3.58,0,Closed 0 worst trades
2026.02.16 12:33:31,410038624,Magic_251101,CRITICAL_TRIM,127.53,122.97,3.58,0,Closed 0 worst trades
2026.02.16 12:33:31,410038624,Magic_251101,CRITICAL_TRIM,127.53,122.97,3.58,0,Closed 0 worst trades
2026.02.16 12:33:32,410038624,Magic_251101,CRITICAL_TRIM,127.53,122.97,3.58,0,Closed 0 worst trades
2026.02.16 12:33:32,410038624,Magic_251101,CRITICAL_TRIM,127.53,122.97,3.58,0,Closed 0 worst trades
2026.02.16 12:33:32,410038624,Magic_251101,CRITICAL_TRIM,127.53,122.97,3.58,0,Closed 0 worst trades
2026.02.16 12:33:32,410038624,Magic_251101,CRITICAL_TRIM,127.53,122.97,3.58,0,Closed 0 worst trades
2026.02.16 12:33:32,410038624,Magic_251101,CRITICAL_TRIM,127.53,122.97,3.58,0,Closed 0 worst trades
2026.02.16 12:33:32,410038624,Magic_251101,CRITICAL_TRIM,127.53,122.97,3.58,0,Closed 0 worst trades
2026.02.16 12:33:32,410038624,Magic_251101,CRITICAL_TRIM,127.53,122.97,3.58,0,Closed 0 worst trades
2026.02.16 12:33:32,410038624,Magic_251101,CRITICAL_TRIM,127.53,122.97,3.58,0,Closed 0 worst trades
2026.02.16 12:33:33,410038624,Magic_251101,CRITICAL_TRIM,127.53,122.97,3.58,0,Closed 0 worst trades
2026.02.16 12:33:34,410038624,Magic_251101,CRITICAL_TRIM,127.53,122.97,3.58,0,Closed 0 worst trades
2026.02.16 12:33:34,410038624,Magic_251101,CRITICAL_TRIM,127.53,122.97,3.58,0,Closed 0 worst trades
2026.02.16 12:33:34,410038624,Magic_251101,CRITICAL_TRIM,127.53,122.97,3.58,0,Closed 0 worst trades
2026.02.16 12:33:34,410038624,Magic_251101,CRITICAL_TRIM,127.53,122.97,3.58,0,Closed 0 worst trades
2026.02.16 12:33:35,410038624,Magic_251101,CRITICAL_TRIM,127.53,122.97,3.58,0,Closed 0 worst trades
2026.02.16 12:33:35,410038624,Magic_251101,CRITICAL_TRIM,127.53,122.97,3.58,0,Closed 0 worst trades
2026.02.16 12:33:35,410038624,Magic_251101,CRITICAL_TRIM,127.53,122.97,3.58,0,Closed 0 worst trades
2026.02.16 12:33:35,410038624,Magic_251101,CRITICAL_TRIM,127.53,122.97,3.58,0,Closed 0 worst trades
2026.02.16 12:33:37,410038624,Magic_251101,CRITICAL_TRIM,127.53,122.97,3.58,0,Closed 0 worst trades
2026.02.16 12:33:37,410038624,Magic_251101,CRITICAL_TRIM,127.53,122.97,3.58,0,Closed 0 worst trades
2026.02.16 12:33:38,410038624,Magic_251101,CRITICAL_TRIM,127.53,122.97,3.58,0,Closed 0 worst trades
2026.02.16 12:33:40,410038624,Magic_251101,CRITICAL_TRIM,127.53,122.97,3.58,0,Closed 0 worst trades
2026.02.16 12:33:41,410038624,Magic_251101,CRITICAL_TRIM,127.53,122.97,3.58,0,Closed 0 worst trades
2026.02.16 12:33:41,410038624,Magic_251101,CRITICAL_TRIM,127.53,122.97,3.58,0,Closed 0 worst trades
2026.02.16 12:33:42,410038624,Magic_251101,CRITICAL_TRIM,127.53,122.97,3.58,0,Closed 0 worst trades
2026.02.16 12:33:42,410038624,Magic_251101,CRITICAL_TRIM,127.53,122.97,3.58,0,Closed 0 worst trades
2026.02.16 12:33:42,410038624,Magic_251101,CRITICAL_TRIM,127.53,122.97,3.58,0,Closed 0 worst trades
2026.02.16 12:33:43,410038624,Magic_251101,CRITICAL_TRIM,127.53,122.97,3.58,0,Closed 0 worst trades
2026.02.16 12:33:43,410038624,Magic_251101,CRITICAL_TRIM,127.53,122.97,3.58,0,Closed 0 worst trades
2026.02.16 12:33:43,410038624,Magic_251101,CRITICAL_TRIM,127.53,122.97,3.58,0,Closed 0 worst trades
2026.02.16 12:33:43,410038624,Magic_251101,CRITICAL_TRIM,127.53,122.97,3.58,0,Closed 0 worst trades
2026.02.16 12:33:43,410038624,Magic_251101,CRITICAL_TRIM,127.53,122.97,3.58,0,Closed 0 worst trades
2026.02.16 12:33:44,410038624,Magic_251101,CRITICAL_TRIM,127.53,122.97,3.58,0,Closed 0 worst trades
2026.02.16 12:33:44,410038624,Magic_251101,CRITICAL_TRIM,127.53,122.97,3.58,0,Closed 0 worst trades
2026.02.16 12:33:44,410038624,Magic_251101,CRITICAL_TRIM,127.53,122.97,3.58,0,Closed 0 worst trades
2026.02.16 12:33:44,410038624,Magic_251101,CRITICAL_TRIM,127.53,122.97,3.58,0,Closed 0 worst trades
2026.02.16 12:33:44,410038624,Magic_251101,CRITICAL_TRIM,127.53,122.97,3.58,0,Closed 0 worst trades
2026.02.16 12:33:45,410038624,Magic_251101,CRITICAL_TRIM,127.53,122.97,3.58,0,Closed 0 worst trades
2026.02.16 12:33:45,410038624,Magic_251101,CRITICAL_TRIM,127.53,122.97,3.58,0,Closed 0 worst trades
2026.02.16 12:33:45,410038624,Magic_251101,CRITICAL_TRIM,127.53,122.97,3.58,0,Closed 0 worst trades
2026.02.16 12:33:46,410038624,Magic_251101,CRITICAL_TRIM,127.53,122.97,3.58,0,Closed 0 worst trades
2026.02.16 12:33:46,410038624,Magic_251101,CRITICAL_TRIM,127.53,122.97,3.58,0,Closed 0 worst trades
2026.02.16 12:33:46,410038624,Magic_251101,CRITICAL_TRIM,127.53,122.97,3.58,0,Closed 0 worst trades
2026.02.16 12:33:46,410038624,Magic_251101,CRITICAL_TRIM,127.53,122.97,3.58,0,Closed 0 worst trades
2026.02.16 12:33:46,410038624,Magic_251101,CRITICAL_TRIM,127.53,122.97,3.58,0,Closed 0 worst trades
2026.02.16 12:33:47,410038624,Magic_251101,CRITICAL_TRIM,127.53,122.97,3.58,0,Closed 0 worst trades
2026.02.16 12:33:47,410038624,Magic_251101,CRITICAL_TRIM,127.53,122.97,3.58,0,Closed 0 worst trades
2026.02.16 12:33:47,410038624,Magic_251101,CRITICAL_TRIM,127.53,122.97,3.58,0,Closed 0 worst trades
2026.02.16 12:33:47,410038624,Magic_251101,CRITICAL_TRIM,127.53,122.97,3.58,0,Closed 0 worst trades
2026.02.16 12:33:48,410038624,Magic_251101,CRITICAL_TRIM,127.53,122.97,3.58,0,Closed 0 worst trades
2026.02.16 12:33:48,410038624,Magic_251101,CRITICAL_TRIM,127.53,122.97,3.58,0,Closed 0 worst trades
2026.02.16 12:33:49,410038624,Magic_251101,CRITICAL_TRIM,127.53,122.97,3.58,0,Closed 0 worst trades
2026.02.16 12:33:49,410038624,Magic_251101,CRITICAL_TRIM,127.53,122.97,3.58,0,Closed 0 worst trades
2026.02.16 12:33:49,410038624,Magic_251101,CRITICAL_TRIM,127.53,122.97,3.58,0,Closed 0 worst trades
2026.02.16 12:33:49,410038624,Magic_251101,CRITICAL_TRIM,127.53,122.97,3.58,0,Closed 0 worst trades
2026.02.16 12:33:49,410038624,Magic_251101,CRITICAL_TRIM,127.53,122.97,3.58,0,Closed 0 worst trades
2026.02.16 12:33:50,410038624,Magic_251101,CRITICAL_TRIM,127.53,122.97,3.58,0,Closed 0 worst trades
2026.02.16 12:33:50,410038624,Magic_251101,CRITICAL_TRIM,127.53,122.97,3.58,0,Closed 0 worst trades
2026.02.16 12:33:50,410038624,Magic_251101,CRITICAL_TRIM,127.53,122.97,3.58,0,Closed 0 worst trades
2026.02.16 12:33:50,410038624,Magic_251101,CRITICAL_TRIM,127.53,122.97,3.58,0,Closed 0 worst trades
2026.02.16 12:33:50,410038624,Magic_251101,CRITICAL_TRIM,127.53,122.97,3.58,0,Closed 0 worst trades
2026.02.16 12:33:50,410038624,Magic_251101,CRITICAL_TRIM,127.53,122.97,3.58,0,Closed 0 worst trades
2026.02.16 12:33:51,410038624,Magic_251101,CRITICAL_TRIM,127.53,122.97,3.58,0,Closed 0 worst trades
2026.02.16 12:33:51,410038624,Magic_251101,CRITICAL_TRIM,127.53,122.97,3.58,0,Closed 0 worst trades
2026.02.16 12:33:51,410038624,Magic_251101,CRITICAL_TRIM,127.53,122.97,3.58,0,Closed 0 worst trades
2026.02.16 12:33:51,410038624,Magic_251101,CRITICAL_TRIM,127.53,122.97,3.58,0,Closed 0 worst trades
2026.02.16 12:33:51,410038624,Magic_251101,CRITICAL_TRIM,127.53,122.97,3.58,0,Closed 0 worst trades
2026.02.16 12:33:51,410038624,Magic_251101,CRITICAL_TRIM,127.53,122.97,3.58,0,Closed 0 worst trades
2026.02.16 12:33:51,410038624,Magic_251101,CRITICAL_TRIM,127.53,122.97,3.58,0,Closed 0 worst trades
2026.02.16 12:33:51,410038624,Magic_251101,CRITICAL_TRIM,127.53,122.97,3.58,0,Closed 0 worst trades
2026.02.16 12:33:52,410038624,Magic_251101,CRITICAL_TRIM,127.53,122.97,3.58,0,Closed 0 worst trades
2026.02.16 12:33:54,410038624,Magic_251101,CRITICAL_TRIM,127.53,122.97,3.58,0,Closed 0 worst trades
2026.02.16 12:33:54,410038624,Magic_251101,CRITICAL_TRIM,127.53,122.97,3.58,0,Closed 0 worst trades
2026.02.16 12:33:54,410038624,Magic_251101,CRITICAL_TRIM,127.53,122.97,3.58,0,Closed 0 worst trades
2026.02.16 12:33:54,410038624,Magic_251101,CRITICAL_TRIM,127.53,122.97,3.58,0,Closed 0 worst trades
2026.02.16 12:33:55,410038624,Magic_251101,CRITICAL_TRIM,127.53,122.97,3.58,0,Closed 0 worst trades
2026.02.16 12:33:55,410038624,Magic_251101,CRITICAL_TRIM,127.53,122.97,3.58,0,Closed 0 worst trades
2026.02.16 12:33:55,410038624,Magic_251101,CRITICAL_TRIM,127.53,122.97,3.58,0,Closed 0 worst trades
2026.02.16 12:33:55,410038624,Magic_251101,CRITICAL_TRIM,127.53,122.97,3.58,0,Closed 0 worst trades
2026.02.16 12:33:55,410038624,Magic_251101,CRITICAL_TRIM,127.53,122.97,3.58,0,Closed 0 worst trades
2026.02.16 12:33:55,410038624,Magic_251101,CRITICAL_TRIM,127.53,122.97,3.58,0,Closed 0 worst trades
2026.02.16 12:33:55,410038624,Magic_251101,CRITICAL_TRIM,127.53,122.97,3.58,0,Closed 0 worst trades
2026.02.16 12:33:55,410038624,Magic_251101,CRITICAL_TRIM,127.53,122.97,3.58,0,Closed 0 worst trades
2026.02.16 12:33:55,410038624,Magic_251101,CRITICAL_TRIM,127.53,122.97,3.58,0,Closed 0 worst trades
2026.02.16 12:33:56,410038624,Magic_251101,CRITICAL_TRIM,127.53,122.97,3.58,0,Closed 0 worst trades
2026.02.16 12:33:56,410038624,Magic_251101,CRITICAL_TRIM,127.53,122.97,3.58,0,Closed 0 worst trades
2026.02.16 12:33:56,410038624,Magic_251101,CRITICAL_TRIM,127.53,122.97,3.58,0,Closed 0 worst trades
2026.02.16 12:33:56,410038624,Magic_251101,CRITICAL_TRIM,127.53,122.97,3.58,0,Closed 0 worst trades
2026.02.16 12:33:56,410038624,Magic_251101,CRITICAL_TRIM,127.53,122.97,3.58,0,Closed 0 worst trades
2026.02.16 12:33:57,410038624,Magic_251101,CRITICAL_TRIM,127.53,122.97,3.58,0,Closed 0 worst trades
2026.02.16 12:33:57,410038624,Magic_251101,CRITICAL_TRIM,127.53,122.97,3.58,0,Closed 0 worst trades
2026.02.16 12:33:57,410038624,Magic_251101,CRITICAL_TRIM,127.53,122.97,3.58,0,Closed 0 worst trades
2026.02.16 12:33:57,410038624,Magic_251101,CRITICAL_TRIM,127.53,122.97,3.58,0,Closed 0 worst trades
2026.02.16 12:33:57,410038624,Magic_251101,CRITICAL_TRIM,127.53,122.97,3.58,0,Closed 0 worst trades
2026.02.16 12:33:58,410038624,Magic_251101,CRITICAL_TRIM,127.53,122.97,3.58,0,Closed 0 worst trades
2026.02.16 12:33:58,410038624,Magic_251101,CRITICAL_TRIM,127.53,122.97,3.58,0,Closed 0 worst trades
2026.02.16 12:33:58,410038624,Magic_251101,CRITICAL_TRIM,127.53,122.97,3.58,0,Closed 0 worst trades
2026.02.16 12:33:59,410038624,Magic_251101,CRITICAL_TRIM,127.53,122.97,3.58,0,Closed 0 worst trades
2026.02.16 12:34:00,410038624,Magic_251101,CRITICAL_TRIM,127.53,122.97,3.58,0,Closed 0 worst trades
2026.02.16 12:34:00,410038624,Magic_251101,CRITICAL_TRIM,127.53,122.97,3.58,0,Closed 0 worst trades
2026.02.16 12:34:00,410038624,Magic_251101,CRITICAL_TRIM,127.53,122.97,3.58,0,Closed 0 worst trades
2026.02.16 12:34:00,410038624,Magic_251101,CRITICAL_TRIM,127.53,122.97,3.58,0,Closed 0 worst trades
2026.02.16 12:34:00,410038624,Magic_251101,CRITICAL_TRIM,127.53,122.97,3.58,0,Closed 0 worst trades
2026.02.16 12:34:00,410038624,Magic_251101,CRITICAL_TRIM,127.53,122.97,3.58,0,Closed 0 worst trades
2026.02.16 12:34:00,410038624,Magic_251101,CRITICAL_TRIM,127.53,122.97,3.58,0,Closed 0 worst trades
2026.02.16 12:34:01,410038624,Magic_251101,CRITICAL_TRIM,127.53,122.97,3.58,0,Closed 0 worst trades
2026.02.16 12:34:01,410038624,Magic_251101,CRITICAL_TRIM,127.53,122.97,3.58,0,Closed 0 worst trades
2026.02.16 12:34:01,410038624,Magic_251101,CRITICAL_TRIM,127.53,122.97,3.58,0,Closed 0 worst trades
2026.02.16 12:34:02,410038624,Magic_251101,CRITICAL_TRIM,127.53,122.97,3.58,0,Closed 0 worst trades
2026.02.16 12:34:02,410038624,Magic_251101,CRITICAL_TRIM,127.53,122.97,3.58,0,Closed 0 worst trades
2026.02.16 12:34:02,410038624,Magic_251101,CRITICAL_TRIM,127.53,122.97,3.58,0,Closed 0 worst trades
2026.02.16 12:34:03,410038624,Magic_251101,CRITICAL_TRIM,127.53,122.97,3.58,0,Closed 0 worst trades
2026.02.16 12:34:03,410038624,Magic_251101,CRITICAL_TRIM,127.53,122.97,3.58,0,Closed 0 worst trades
2026.02.16 12:34:03,410038624,Magic_251101,CRITICAL_TRIM,127.53,122.97,3.58,0,Closed 0 worst trades
2026.02.16 12:34:03,410038624,Magic_251101,CRITICAL_TRIM,127.53,122.97,3.58,0,Closed 0 worst trades
2026.02.16 12:34:03,410038624,Magic_251101,CRITICAL_TRIM,127.53,122.97,3.58,0,Closed 0 worst trades
2026.02.16 12:34:03,410038624,Magic_251101,CRITICAL_TRIM,127.53,122.97,3.58,0,Closed 0 worst trades
2026.02.16 12:34:03,410038624,Magic_251101,CRITICAL_TRIM,127.53,122.97,3.58,0,Closed 0 worst trades
2026.02.16 12:34:04,410038624,Magic_251101,CRITICAL_TRIM,127.53,122.97,3.58,0,Closed 0 worst trades
2026.02.16 12:34:04,410038624,Magic_251101,CRITICAL_TRIM,127.53,122.97,3.58,0,Closed 0 worst trades
2026.02.16 12:34:04,410038624,Magic_251101,CRITICAL_TRIM,127.53,122.97,3.58,0,Closed 0 worst trades
2026.02.16 12:34:04,410038624,Magic_251101,CRITICAL_TRIM,127.53,122.97,3.58,0,Closed 0 worst trades
2026.02.16 12:34:04,410038624,Magic_251101,CRITICAL_TRIM,127.53,122.97,3.58,0,Closed 0 worst trades
2026.02.16 12:34:04,410038624,Magic_251101,CRITICAL_TRIM,127.53,122.97,3.58,0,Closed 0 worst trades
2026.02.16 12:34:05,410038624,Magic_251101,CRITICAL_TRIM,127.53,122.97,3.58,0,Closed 0 worst trades
2026.02.16 12:34:05,410038624,Magic_251101,CRITICAL_TRIM,127.53,122.97,3.58,0,Closed 0 worst trades
2026.02.16 12:34:05,410038624,Magic_251101,CRITICAL_TRIM,127.53,122.97,3.58,0,Closed 0 worst trades
2026.02.16 12:34:05,410038624,Magic_251101,CRITICAL_TRIM,127.53,122.97,3.58,0,Closed 0 worst trades
2026.02.16 12:34:05,410038624,Magic_251101,CRITICAL_TRIM,127.53,122.97,3.58,0,Closed 0 worst trades
2026.02.16 12:34:05,410038624,Magic_251101,CRITICAL_TRIM,127.53,122.97,3.58,0,Closed 0 worst trades
2026.02.16 12:34:06,410038624,Magic_251101,CRITICAL_TRIM,127.53,122.97,3.58,0,Closed 0 worst trades
2026.02.16 12:34:06,410038624,Magic_251101,CRITICAL_TRIM,127.53,122.97,3.58,0,Closed 0 worst trades
2026.02.16 12:34:06,410038624,Magic_251101,CRITICAL_TRIM,127.53,122.97,3.58,0,Closed 0 worst trades
2026.02.16 12:34:06,410038624,Magic_251101,CRITICAL_TRIM,127.53,122.97,3.58,0,Closed 0 worst trades
2026.02.16 12:34:06,410038624,Magic_251101,CRITICAL_TRIM,127.53,122.97,3.58,0,Closed 0 worst trades
2026.02.16 12:34:06,410038624,Magic_251101,CRITICAL_TRIM,127.53,122.97,3.58,0,Closed 0 worst trades
2026.02.16 12:34:06,410038624,Magic_251101,CRITICAL_TRIM,127.53,122.97,3.58,0,Closed 0 worst trades
2026.02.16 12:34:06,410038624,Magic_251101,CRITICAL_TRIM,127.53,122.97,3.58,0,Closed 0 worst trades
2026.02.16 12:34:07,410038624,Magic_251101,CRITICAL_TRIM,127.53,122.97,3.58,0,Closed 0 worst trades
2026.02.16 12:34:07,410038624,Magic_251101,CRITICAL_TRIM,127.53,122.97,3.58,0,Closed 0 worst trades
2026.02.16 12:34:07,410038624,Magic_251101,CRITICAL_TRIM,127.53,122.97,3.58,0,Closed 0 worst trades
2026.02.16 12:34:07,410038624,Magic_251101,CRITICAL_TRIM,127.53,122.97,3.58,0,Closed 0 worst trades
2026.02.16 12:34:07,410038624,Magic_251101,CRITICAL_TRIM,127.53,122.97,3.58,0,Closed 0 worst trades
2026.02.16 12:34:08,410038624,Magic_251101,CRITICAL_TRIM,127.53,122.97,3.58,0,Closed 0 worst trades
2026.02.16 12:34:08,410038624,Magic_251101,CRITICAL_TRIM,127.53,122.97,3.58,0,Closed 0 worst trades
2026.02.16 12:34:09,410038624,Magic_251101,CRITICAL_TRIM,127.53,122.97,3.58,0,Closed 0 worst trades
2026.02.16 12:34:09,410038624,Magic_251101,CRITICAL_TRIM,127.53,122.97,3.58,0,Closed 0 worst trades
2026.02.16 12:34:09,410038624,Magic_251101,CRITICAL_TRIM,127.53,122.97,3.58,0,Closed 0 worst trades
2026.02.16 12:34:09,410038624,Magic_251101,CRITICAL_TRIM,127.53,122.97,3.58,0,Closed 0 worst trades
2026.02.16 12:34:09,410038624,Magic_251101,CRITICAL_TRIM,127.53,122.97,3.58,0,Closed 0 worst trades
2026.02.16 12:34:10,410038624,Magic_251101,CRITICAL_TRIM,127.53,122.97,3.58,0,Closed 0 worst trades
2026.02.16 12:34:10,410038624,Magic_251101,CRITICAL_TRIM,127.53,122.97,3.58,0,Closed 0 worst trades
2026.02.16 12:34:10,410038624,Magic_251101,CRITICAL_TRIM,127.53,122.97,3.58,0,Closed 0 worst trades
2026.02.16 12:34:11,410038624,Magic_251101,CRITICAL_TRIM,127.53,122.97,3.58,0,Closed 0 worst trades
2026.02.16 12:34:11,410038624,Magic_251101,CRITICAL_TRIM,127.53,122.97,3.58,0,Closed 0 worst trades
2026.02.16 12:34:12,410038624,Magic_251101,CRITICAL_TRIM,127.53,122.97,3.58,0,Closed 0 worst trades
2026.02.16 12:34:12,410038624,Magic_251101,CRITICAL_TRIM,127.53,122.97,3.58,0,Closed 0 worst trades
2026.02.16 12:34:12,410038624,Magic_251101,CRITICAL_TRIM,127.53,122.97,3.58,0,Closed 0 worst trades
2026.02.16 12:34:12,410038624,Magic_251101,CRITICAL_TRIM,127.53,122.97,3.58,0,Closed 0 worst trades
2026.02.16 12:34:13,410038624,Magic_251101,CRITICAL_TRIM,127.53,122.97,3.58,0,Closed 0 worst trades
2026.02.16 12:34:13,410038624,Magic_251101,CRITICAL_TRIM,127.53,122.97,3.58,0,Closed 0 worst trades
2026.02.16 12:34:13,410038624,Magic_251101,CRITICAL_TRIM,127.53,122.97,3.58,0,Closed 0 worst trades
2026.02.16 12:34:13,410038624,Magic_251101,CRITICAL_TRIM,127.53,122.97,3.58,0,Closed 0 worst trades
2026.02.16 12:34:13,410038624,Magic_251101,CRITICAL_TRIM,127.53,122.97,3.58,0,Closed 0 worst trades
2026.02.16 12:34:14,410038624,Magic_251101,CRITICAL_TRIM,127.53,122.97,3.58,0,Closed 0 worst trades
2026.02.16 12:34:14,410038624,Magic_251101,CRITICAL_TRIM,127.53,122.97,3.58,0,Closed 0 worst trades
2026.02.16 12:34:14,410038624,Magic_251101,CRITICAL_TRIM,127.53,122.97,3.58,0,Closed 0 worst trades
2026.02.16 12:34:14,410038624,Magic_251101,CRITICAL_TRIM,127.53,122.97,3.58,0,Closed 0 worst trades
2026.02.16 12:34:14,410038624,Magic_251101,CRITICAL_TRIM,127.53,122.97,3.58,0,Closed 0 worst trades
2026.02.16 12:34:14,410038624,Magic_251101,CRITICAL_TRIM,127.53,122.97,3.58,0,Closed 0 worst trades
2026.02.16 12:34:14,410038624,Magic_251101,CRITICAL_TRIM,127.53,122.97,3.58,0,Closed 0 worst trades
2026.02.16 12:34:15,410038624,Magic_251101,CRITICAL_TRIM,127.53,122.97,3.58,0,Closed 0 worst trades
2026.02.16 12:34:15,410038624,Magic_251101,CRITICAL_TRIM,127.53,122.97,3.58,0,Closed 0 worst trades
2026.02.16 12:34:15,410038624,Magic_251101,CRITICAL_TRIM,127.53,122.97,3.58,0,Closed 0 worst trades
2026.02.16 12:34:15,410038624,Magic_251101,CRITICAL_TRIM,127.53,122.97,3.58,0,Closed 0 worst trades
2026.02.16 12:34:15,410038624,Magic_251101,CRITICAL_TRIM,127.53,122.97,3.58,0,Closed 0 worst trades
2026.02.16 12:34:15,410038624,Magic_251101,CRITICAL_TRIM,127.53,122.97,3.58,0,Closed 0 worst trades
2026.02.16 12:34:15,410038624,Magic_251101,CRITICAL_TRIM,127.53,122.97,3.58,0,Closed 0 worst trades
2026.02.16 12:34:16,410038624,Magic_251101,CRITICAL_TRIM,127.53,122.97,3.58,0,Closed 0 worst trades
2026.02.16 12:34:16,410038624,Magic_251101,CRITICAL_TRIM,127.53,122.97,3.58,0,Closed 0 worst trades
2026.02.16 12:34:16,410038624,Magic_251101,CRITICAL_TRIM,127.53,122.97,3.58,0,Closed 0 worst trades
2026.02.16 12:34:16,410038624,Magic_251101,CRITICAL_TRIM,127.53,122.97,3.58,0,Closed 0 worst trades
2026.02.16 12:34:16,410038624,Magic_251101,CRITICAL_TRIM,127.53,122.97,3.58,0,Closed 0 worst trades
2026.02.16 12:34:16,410038624,Magic_251101,CRITICAL_TRIM,127.53,122.97,3.58,0,Closed 0 worst trades
2026.02.16 12:34:16,410038624,Magic_251101,CRITICAL_TRIM,127.53,122.97,3.58,0,Closed 0 worst trades
2026.02.16 12:34:16,410038624,Magic_251101,CRITICAL_TRIM,127.53,122.97,3.58,0,Closed 0 worst trades
2026.02.16 12:34:17,410038624,Magic_251101,CRITICAL_TRIM,127.53,122.97,3.58,0,Closed 0 worst trades
2026.02.16 12:34:17,410038624,Magic_251101,CRITICAL_TRIM,127.53,122.97,3.58,0,Closed 0 worst trades
2026.02.16 12:34:17,410038624,Magic_251101,CRITICAL_TRIM,127.53,122.97,3.58,0,Closed 0 worst trades
2026.02.16 12:34:17,410038624,Magic_251101,CRITICAL_TRIM,127.53,122.97,3.58,0,Closed 0 worst trades
2026.02.16 12:34:17,410038624,Magic_251101,CRITICAL_TRIM,127.53,122.97,3.58,0,Closed 0 worst trades
2026.02.16 12:34:17,410038624,Magic_251101,CRITICAL_TRIM,127.53,122.97,3.58,0,Closed 0 worst trades
2026.02.16 12:34:17,410038624,Magic_251101,CRITICAL_TRIM,127.53,122.97,3.58,0,Closed 0 worst trades
2026.02.16 12:34:18,410038624,Magic_251101,CRITICAL_TRIM,127.53,122.97,3.58,0,Closed 0 worst trades
2026.02.16 12:34:18,410038624,Magic_251101,CRITICAL_TRIM,127.53,122.97,3.58,0,Closed 0 worst trades
2026.02.16 12:34:18,410038624,Magic_251101,CRITICAL_TRIM,127.53,122.97,3.58,0,Closed 0 worst trades
2026.02.16 12:34:18,410038624,Magic_251101,CRITICAL_TRIM,127.53,122.97,3.58,0,Closed 0 worst trades
2026.02.16 12:34:18,410038624,Magic_251101,CRITICAL_TRIM,127.53,122.97,3.58,0,Closed 0 worst trades
2026.02.16 12:34:19,410038624,Magic_251101,CRITICAL_TRIM,127.53,122.97,3.58,0,Closed 0 worst trades
2026.02.16 12:34:19,410038624,Magic_251101,CRITICAL_TRIM,127.53,122.97,3.58,0,Closed 0 worst trades
2026.02.16 12:34:19,410038624,Magic_251101,CRITICAL_TRIM,127.53,122.97,3.58,0,Closed 0 worst trades
2026.02.16 12:34:19,410038624,Magic_251101,CRITICAL_TRIM,127.53,122.97,3.58,0,Closed 0 worst trades
2026.02.16 12:34:19,410038624,Magic_251101,CRITICAL_TRIM,127.53,122.97,3.58,0,Closed 0 worst trades
2026.02.16 12:34:19,410038624,Magic_251101,CRITICAL_TRIM,127.53,122.97,3.58,0,Closed 0 worst trades
2026.02.16 12:34:19,410038624,Magic_251101,CRITICAL_TRIM,127.53,122.97,3.58,0,Closed 0 worst trades
2026.02.16 12:34:19,410038624,Magic_251101,CRITICAL_TRIM,127.53,122.97,3.58,0,Closed 0 worst trades
2026.02.16 12:34:19,410038624,Magic_251101,CRITICAL_TRIM,127.53,122.97,3.58,0,Closed 0 worst trades
2026.02.16 12:34:19,410038624,Magic_251101,CRITICAL_TRIM,127.53,122.97,3.58,0,Closed 0 worst trades
2026.02.16 12:34:20,410038624,Magic_251101,CRITICAL_TRIM,127.53,122.97,3.58,0,Closed 0 worst trades
2026.02.16 12:34:20,410038624,Magic_251101,CRITICAL_TRIM,127.53,122.97,3.58,0,Closed 0 worst trades
2026.02.16 12:34:20,410038624,Magic_251101,CRITICAL_TRIM,127.53,122.97,3.58,0,Closed 0 worst trades
2026.02.16 12:34:20,410038624,Magic_251101,CRITICAL_TRIM,127.53,122.97,3.58,0,Closed 0 worst trades
2026.02.16 12:34:20,410038624,Magic_251101,CRITICAL_TRIM,127.53,122.97,3.58,0,Closed 0 worst trades
2026.02.16 12:34:20,410038624,Magic_251101,CRITICAL_TRIM,127.53,122.97,3.58,0,Closed 0 worst trades
2026.02.16 12:34:20,410038624,Magic_251101,CRITICAL_TRIM,127.53,122.97,3.58,0,Closed 0 worst trades
2026.02.16 12:34:21,410038624,Magic_251101,CRITICAL_TRIM,127.53,122.97,3.58,0,Closed 0 worst trades
2026.02.16 12:34:21,410038624,Magic_251101,CRITICAL_TRIM,127.53,122.97,3.58,0,Closed 0 worst trades
2026.02.16 12:34:21,410038624,Magic_251101,CRITICAL_TRIM,127.53,122.97,3.58,0,Closed 0 worst trades
2026.02.16 12:34:21,410038624,Magic_251101,CRITICAL_TRIM,127.53,122.97,3.58,0,Closed 0 worst trades
2026.02.16 12:34:21,410038624,Magic_251101,CRITICAL_TRIM,127.53,122.97,3.58,0,Closed 0 worst trades
2026.02.16 12:34:21,410038624,Magic_251101,CRITICAL_TRIM,127.53,122.97,3.58,0,Closed 0 worst trades
2026.02.16 12:34:21,410038624,Magic_251101,CRITICAL_TRIM,127.53,122.97,3.58,0,Closed 0 worst trades
2026.02.16 12:34:22,410038624,Magic_251101,CRITICAL_TRIM,127.53,122.97,3.58,0,Closed 0 worst trades
2026.02.16 12:34:22,410038624,Magic_251101,CRITICAL_TRIM,127.53,122.97,3.58,0,Closed 0 worst trades
2026.02.16 12:34:22,410038624,Magic_251101,CRITICAL_TRIM,127.53,122.97,3.58,0,Closed 0 worst trades
2026.02.16 12:34:22,410038624,Magic_251101,CRITICAL_TRIM,127.53,122.97,3.58,0,Closed 0 worst trades
2026.02.16 12:34:22,410038624,Magic_251101,CRITICAL_TRIM,127.53,122.97,3.58,0,Closed 0 worst trades
2026.02.16 12:34:22,410038624,Magic_251101,CRITICAL_TRIM,127.53,122.97,3.58,0,Closed 0 worst trades
2026.02.16 12:34:22,410038624,Magic_251101,CRITICAL_TRIM,127.53,122.97,3.58,0,Closed 0 worst trades
2026.02.16 12:34:23,410038624,Magic_251101,CRITICAL_TRIM,127.53,122.97,3.58,0,Closed 0 worst trades
2026.02.16 12:34:23,410038624,Magic_251101,CRITICAL_TRIM,127.53,122.97,3.58,0,Closed 0 worst trades
2026.02.16 12:34:23,410038624,Magic_251101,CRITICAL_TRIM,127.53,122.97,3.58,0,Closed 0 worst trades
2026.02.16 12:34:23,410038624,Magic_251101,CRITICAL_TRIM,127.53,122.97,3.58,0,Closed 0 worst trades
2026.02.16 12:34:23,410038624,Magic_251101,CRITICAL_TRIM,127.53,122.97,3.58,0,Closed 0 worst trades
2026.02.16 12:34:23,410038624,Magic_251101,CRITICAL_TRIM,127.53,122.97,3.58,0,Closed 0 worst trades
2026.02.16 12:34:23,410038624,Magic_251101,CRITICAL_TRIM,127.53,122.97,3.58,0,Closed 0 worst trades
2026.02.16 12:34:23,410038624,Magic_251101,CRITICAL_TRIM,127.53,122.97,3.58,0,Closed 0 worst trades
2026.02.16 12:34:23,410038624,Magic_251101,CRITICAL_TRIM,127.53,122.97,3.58,0,Closed 0 worst trades
2026.02.16 12:34:24,410038624,Magic_251101,CRITICAL_TRIM,127.53,122.97,3.58,0,Closed 0 worst trades
2026.02.16 12:34:24,410038624,Magic_251101,CRITICAL_TRIM,127.53,122.97,3.58,0,Closed 0 worst trades
2026.02.16 12:34:24,410038624,Magic_251101,CRITICAL_TRIM,127.53,122.97,3.58,0,Closed 0 worst trades
2026.02.16 12:34:24,410038624,Magic_251101,CRITICAL_TRIM,127.53,122.97,3.58,0,Closed 0 worst trades
2026.02.16 12:34:24,410038624,Magic_251101,CRITICAL_TRIM,127.53,122.97,3.58,0,Closed 0 worst trades
2026.02.16 12:34:24,410038624,Magic_251101,CRITICAL_TRIM,127.53,122.97,3.58,0,Closed 0 worst trades
2026.02.16 12:34:24,410038624,Magic_251101,CRITICAL_TRIM,127.53,122.97,3.58,0,Closed 0 worst trades
2026.02.16 12:34:24,410038624,Magic_251101,CRITICAL_TRIM,127.53,122.97,3.58,0,Closed 0 worst trades
2026.02.16 12:34:24,410038624,Magic_251101,CRITICAL_TRIM,127.53,122.97,3.58,0,Closed 0 worst trades
2026.02.16 12:34:24,410038624,Magic_251101,CRITICAL_TRIM,127.53,122.97,3.58,0,Closed 0 worst trades
2026.02.16 12:34:25,410038624,Magic_251101,CRITICAL_TRIM,127.53,122.97,3.58,0,Closed 0 worst trades
2026.02.16 12:34:25,410038624,Magic_251101,CRITICAL_TRIM,127.53,122.97,3.58,0,Closed 0 worst trades
2026.02.16 12:34:25,410038624,Magic_251101,CRITICAL_TRIM,127.53,122.97,3.58,0,Closed 0 worst trades
2026.02.16 12:34:25,410038624,Magic_251101,CRITICAL_TRIM,127.53,122.97,3.58,0,Closed 0 worst trades
2026.02.16 12:34:25,410038624,Magic_251101,CRITICAL_TRIM,127.53,122.97,3.58,0,Closed 0 worst trades
2026.02.16 12:34:25,410038624,Magic_251101,CRITICAL_TRIM,127.53,122.97,3.58,0,Closed 0 worst trades
2026.02.16 12:34:25,410038624,Magic_251101,CRITICAL_TRIM,127.53,122.97,3.58,0,Closed 0 worst trades
2026.02.16 12:34:26,410038624,Magic_251101,CRITICAL_TRIM,127.53,122.97,3.58,0,Closed 0 worst trades
2026.02.16 12:34:26,410038624,Magic_251101,CRITICAL_TRIM,127.53,122.97,3.58,0,Closed 0 worst trades
2026.02.16 12:34:26,410038624,Magic_251101,CRITICAL_TRIM,127.53,122.97,3.58,0,Closed 0 worst trades
2026.02.16 12:34:26,410038624,Magic_251101,CRITICAL_TRIM,127.53,122.97,3.58,0,Closed 0 worst trades
2026.02.16 12:34:26,410038624,Magic_251101,CRITICAL_TRIM,127.53,122.97,3.58,0,Closed 0 worst trades
2026.02.16 12:34:26,410038624,Magic_251101,CRITICAL_TRIM,127.53,122.97,3.58,0,Closed 0 worst trades
2026.02.16 12:34:27,410038624,Magic_251101,CRITICAL_TRIM,127.53,122.97,3.58,0,Closed 0 worst trades
2026.02.16 12:34:27,410038624,Magic_251101,CRITICAL_TRIM,127.53,122.97,3.58,0,Closed 0 worst trades
2026.02.16 12:34:27,410038624,Magic_251101,CRITICAL_TRIM,127.53,122.97,3.58,0,Closed 0 worst trades
2026.02.16 12:34:27,410038624,Magic_251101,CRITICAL_TRIM,127.53,122.97,3.58,0,Closed 0 worst trades
2026.02.16 12:34:27,410038624,Magic_251101,CRITICAL_TRIM,127.53,122.97,3.58,0,Closed 0 worst trades
2026.02.16 12:34:28,410038624,Magic_251101,CRITICAL_TRIM,127.53,122.97,3.58,0,Closed 0 worst trades
2026.02.16 12:34:28,410038624,Magic_251101,CRITICAL_TRIM,127.53,122.97,3.58,0,Closed 0 worst trades
2026.02.16 12:34:28,410038624,Magic_251101,CRITICAL_TRIM,127.53,122.97,3.58,0,Closed 0 worst trades
2026.02.16 12:34:28,410038624,Magic_251101,CRITICAL_TRIM,127.53,122.97,3.58,0,Closed 0 worst trades
2026.02.16 12:34:28,410038624,Magic_251101,CRITICAL_TRIM,127.53,122.97,3.58,0,Closed 0 worst trades
2026.02.16 12:34:29,410038624,Magic_251101,CRITICAL_TRIM,127.53,122.97,3.58,0,Closed 0 worst trades
2026.02.16 12:34:29,410038624,Magic_251101,CRITICAL_TRIM,127.53,122.97,3.58,0,Closed 0 worst trades
2026.02.16 12:34:29,410038624,Magic_251101,CRITICAL_TRIM,127.53,122.97,3.58,0,Closed 0 worst trades
2026.02.16 12:34:29,410038624,Magic_251101,CRITICAL_TRIM,127.53,122.97,3.58,0,Closed 0 worst trades
2026.02.16 12:34:29,410038624,Magic_251101,CRITICAL_TRIM,127.53,122.97,3.58,0,Closed 0 worst trades
2026.02.16 12:34:30,410038624,Magic_251101,CRITICAL_TRIM,127.53,122.97,3.58,0,Closed 0 worst trades
2026.02.16 12:34:30,410038624,Magic_251101,CRITICAL_TRIM,127.53,122.97,3.58,0,Closed 0 worst trades
2026.02.16 12:34:30,410038624,Magic_251101,CRITICAL_TRIM,127.53,122.97,3.58,0,Closed 0 worst trades
2026.02.16 12:34:30,410038624,Magic_251101,CRITICAL_TRIM,127.53,122.97,3.58,0,Closed 0 worst trades
2026.02.16 12:34:31,410038624,Magic_251101,CRITICAL_TRIM,127.53,122.97,3.58,0,Closed 0 worst trades
2026.02.16 12:34:31,410038624,Magic_251101,CRITICAL_TRIM,127.53,122.97,3.58,0,Closed 0 worst trades
2026.02.16 12:34:32,410038624,Magic_251101,CRITICAL_TRIM,127.53,122.97,3.58,0,Closed 0 worst trades
2026.02.16 12:34:32,410038624,Magic_251101,CRITICAL_TRIM,127.53,122.97,3.58,0,Closed 0 worst trades
2026.02.16 12:34:32,410038624,Magic_251101,CRITICAL_TRIM,127.53,122.97,3.58,0,Closed 0 worst trades
2026.02.16 12:34:32,410038624,Magic_251101,CRITICAL_TRIM,127.53,122.97,3.58,0,Closed 0 worst trades
2026.02.16 12:34:32,410038624,Magic_251101,CRITICAL_TRIM,127.53,122.97,3.58,0,Closed 0 worst trades
2026.02.16 12:34:33,410038624,Magic_251101,CRITICAL_TRIM,127.53,122.97,3.58,0,Closed 0 worst trades
2026.02.16 12:34:33,410038624,Magic_251101,CRITICAL_TRIM,127.53,122.97,3.58,0,Closed 0 worst trades
2026.02.16 12:34:33,410038624,Magic_251101,CRITICAL_TRIM,127.53,122.97,3.58,0,Closed 0 worst trades
2026.02.16 12:34:33,410038624,Magic_251101,CRITICAL_TRIM,127.53,122.97,3.58,0,Closed 0 worst trades
2026.02.16 12:34:33,410038624,Magic_251101,CRITICAL_TRIM,127.53,122.97,3.58,0,Closed 0 worst trades
2026.02.16 12:34:33,410038624,Magic_251101,CRITICAL_TRIM,127.53,122.97,3.58,0,Closed 0 worst trades
2026.02.16 12:34:33,410038624,Magic_251101,CRITICAL_TRIM,127.53,122.97,3.58,0,Closed 0 worst trades
2026.02.16 12:34:33,410038624,Magic_251101,CRITICAL_TRIM,127.53,122.97,3.58,0,Closed 0 worst trades
2026.02.16 12:34:34,410038624,Magic_251101,CRITICAL_TRIM,127.53,122.97,3.58,0,Closed 0 worst trades
2026.02.16 12:34:34,410038624,Magic_251101,CRITICAL_TRIM,127.53,122.97,3.58,0,Closed 0 worst trades
2026.02.16 12:34:34,410038624,Magic_251101,CRITICAL_TRIM,127.53,122.97,3.58,0,Closed 0 worst trades
2026.02.16 12:34:34,410038624,Magic_251101,CRITICAL_TRIM,127.53,122.97,3.58,0,Closed 0 worst trades
2026.02.16 12:34:35,410038624,Magic_251101,CRITICAL_TRIM,127.53,122.97,3.58,0,Closed 0 worst trades
2026.02.16 12:34:35,410038624,Magic_251101,CRITICAL_TRIM,127.53,122.97,3.58,0,Closed 0 worst trades
2026.02.16 12:34:35,410038624,Magic_251101,CRITICAL_TRIM,127.53,122.97,3.58,0,Closed 0 worst trades
2026.02.16 12:34:35,410038624,Magic_251101,CRITICAL_TRIM,127.53,122.97,3.58,0,Closed 0 worst trades
2026.02.16 12:34:35,410038624,Magic_251101,CRITICAL_TRIM,127.53,122.97,3.58,0,Closed 0 worst trades
2026.02.16 12:34:35,410038624,Magic_251101,CRITICAL_TRIM,127.53,122.97,3.58,0,Closed 0 worst trades
2026.02.16 12:34:36,410038624,Magic_251101,CRITICAL_TRIM,127.53,122.97,3.58,0,Closed 0 worst trades
2026.02.16 12:34:36,410038624,Magic_251101,CRITICAL_TRIM,127.53,122.97,3.58,0,Closed 0 worst trades
2026.02.16 12:34:36,410038624,Magic_251101,CRITICAL_TRIM,127.53,122.97,3.58,0,Closed 0 worst trades
2026.02.16 12:34:36,410038624,Magic_251101,CRITICAL_TRIM,127.53,122.97,3.58,0,Closed 0 worst trades
2026.02.16 12:34:37,410038624,Magic_251101,CRITICAL_TRIM,127.53,122.97,3.58,0,Closed 0 worst trades
2026.02.16 12:34:37,410038624,Magic_251101,CRITICAL_TRIM,127.53,122.97,3.58,0,Closed 0 worst trades
2026.02.16 12:34:37,410038624,Magic_251101,CRITICAL_TRIM,127.53,122.97,3.58,0,Closed 0 worst trades
2026.02.16 12:34:37,410038624,Magic_251101,CRITICAL_TRIM,127.53,122.97,3.58,0,Closed 0 worst trades
2026.02.16 12:34:37,410038624,Magic_251101,CRITICAL_TRIM,127.53,122.97,3.58,0,Closed 0 worst trades
2026.02.16 12:34:38,410038624,Magic_251101,CRITICAL_TRIM,127.53,122.97,3.58,0,Closed 0 worst trades
2026.02.16 12:34:38,410038624,Magic_251101,CRITICAL_TRIM,127.53,122.97,3.58,0,Closed 0 worst trades
2026.02.16 12:34:38,410038624,Magic_251101,CRITICAL_TRIM,127.53,122.97,3.58,0,Closed 0 worst trades
2026.02.16 12:34:38,410038624,Magic_251101,CRITICAL_TRIM,127.53,122.97,3.58,0,Closed 0 worst trades
2026.02.16 12:34:38,410038624,Magic_251101,CRITICAL_TRIM,127.53,122.97,3.58,0,Closed 0 worst trades
2026.02.16 12:34:38,410038624,Magic_251101,CRITICAL_TRIM,127.53,122.97,3.58,0,Closed 0 worst trades
2026.02.16 12:34:38,410038624,Magic_251101,CRITICAL_TRIM,127.53,122.97,3.58,0,Closed 0 worst trades
2026.02.16 12:34:39,410038624,Magic_251101,CRITICAL_TRIM,127.53,122.97,3.58,0,Closed 0 worst trades
2026.02.16 12:34:39,410038624,Magic_251101,CRITICAL_TRIM,127.53,122.97,3.58,0,Closed 0 worst trades
2026.02.16 12:34:39,410038624,Magic_251101,CRITICAL_TRIM,127.53,122.97,3.58,0,Closed 0 worst trades
2026.02.16 12:34:39,410038624,Magic_251101,CRITICAL_TRIM,127.53,122.97,3.58,0,Closed 0 worst trades
2026.02.16 12:34:39,410038624,Magic_251101,CRITICAL_TRIM,127.53,122.97,3.58,0,Closed 0 worst trades
2026.02.16 12:34:39,410038624,Magic_251101,CRITICAL_TRIM,127.53,122.97,3.58,0,Closed 0 worst trades
2026.02.16 12:34:40,410038624,Magic_251101,CRITICAL_TRIM,127.53,122.97,3.58,0,Closed 0 worst trades
2026.02.16 12:34:40,410038624,Magic_251101,CRITICAL_TRIM,127.53,122.97,3.58,0,Closed 0 worst trades
2026.02.16 12:34:40,410038624,Magic_251101,CRITICAL_TRIM,127.53,122.97,3.58,0,Closed 0 worst trades
2026.02.16 12:34:41,410038624,Magic_251101,CRITICAL_TRIM,127.53,122.97,3.58,0,Closed 0 worst trades
2026.02.16 12:34:41,410038624,Magic_251101,CRITICAL_TRIM,127.53,122.97,3.58,0,Closed 0 worst trades
2026.02.16 12:34:41,410038624,Magic_251101,CRITICAL_TRIM,127.53,122.97,3.58,0,Closed 0 worst trades
2026.02.16 12:34:41,410038624,Magic_251101,CRITICAL_TRIM,127.53,122.97,3.58,0,Closed 0 worst trades
2026.02.16 12:34:42,410038624,Magic_251101,CRITICAL_TRIM,127.53,122.97,3.58,0,Closed 0 worst trades
2026.02.16 12:34:42,410038624,Magic_251101,CRITICAL_TRIM,127.53,122.97,3.58,0,Closed 0 worst trades
2026.02.16 12:34:42,410038624,Magic_251101,CRITICAL_TRIM,127.53,122.97,3.58,0,Closed 0 worst trades
2026.02.16 12:34:42,410038624,Magic_251101,CRITICAL_TRIM,127.53,122.97,3.58,0,Closed 0 worst trades
2026.02.16 12:34:42,410038624,Magic_251101,CRITICAL_TRIM,127.53,122.97,3.58,0,Closed 0 worst trades
2026.02.16 12:34:42,410038624,Magic_251101,CRITICAL_TRIM,127.53,122.97,3.58,0,Closed 0 worst trades
2026.02.16 12:34:42,410038624,Magic_251101,CRITICAL_TRIM,127.53,122.97,3.58,0,Closed 0 worst trades
2026.02.16 12:34:42,410038624,Magic_251101,CRITICAL_TRIM,127.53,122.97,3.58,0,Closed 0 worst trades
2026.02.16 12:34:43,410038624,Magic_251101,CRITICAL_TRIM,127.53,122.97,3.58,0,Closed 0 worst trades
2026.02.16 12:34:43,410038624,Magic_251101,CRITICAL_TRIM,127.53,122.97,3.58,0,Closed 0 worst trades
2026.02.16 12:34:43,410038624,Magic_251101,CRITICAL_TRIM,127.53,122.97,3.58,0,Closed 0 worst trades
2026.02.16 12:34:43,410038624,Magic_251101,CRITICAL_TRIM,127.53,122.97,3.58,0,Closed 0 worst trades
2026.02.16 12:34:43,410038624,Magic_251101,CRITICAL_TRIM,127.53,122.97,3.58,0,Closed 0 worst trades
2026.02.16 12:34:43,410038624,Magic_251101,CRITICAL_TRIM,127.53,122.97,3.58,0,Closed 0 worst trades
2026.02.16 12:34:44,410038624,Magic_251101,CRITICAL_TRIM,127.53,122.97,3.58,0,Closed 0 worst trades
2026.02.16 12:34:44,410038624,Magic_251101,CRITICAL_TRIM,127.53,122.97,3.58,0,Closed 0 worst trades
2026.02.16 12:34:44,410038624,Magic_251101,CRITICAL_TRIM,127.53,122.97,3.58,0,Closed 0 worst trades
2026.02.16 12:34:44,410038624,Magic_251101,CRITICAL_TRIM,127.53,122.97,3.58,0,Closed 0 worst trades
2026.02.16 12:34:44,410038624,Magic_251101,CRITICAL_TRIM,127.53,122.97,3.58,0,Closed 0 worst trades
2026.02.16 12:34:45,410038624,Magic_251101,CRITICAL_TRIM,127.53,122.97,3.58,0,Closed 0 worst trades
2026.02.16 12:34:45,410038624,Magic_251101,CRITICAL_TRIM,127.53,122.97,3.58,0,Closed 0 worst trades
2026.02.16 12:34:45,410038624,Magic_251101,CRITICAL_TRIM,127.53,122.97,3.58,0,Closed 0 worst trades
2026.02.16 12:34:45,410038624,Magic_251101,CRITICAL_TRIM,127.53,122.97,3.58,0,Closed 0 worst trades
2026.02.16 12:34:46,410038624,Magic_251101,CRITICAL_TRIM,127.53,122.97,3.58,0,Closed 0 worst trades
2026.02.16 12:34:46,410038624,Magic_251101,CRITICAL_TRIM,127.53,122.97,3.58,0,Closed 0 worst trades
2026.02.16 12:34:46,410038624,Magic_251101,CRITICAL_TRIM,127.53,122.97,3.58,0,Closed 0 worst trades
2026.02.16 12:34:46,410038624,Magic_251101,CRITICAL_TRIM,127.53,122.97,3.58,0,Closed 0 worst trades
2026.02.16 12:34:46,410038624,Magic_251101,CRITICAL_TRIM,127.53,122.97,3.58,0,Closed 0 worst trades
2026.02.16 12:34:47,410038624,Magic_251101,CRITICAL_TRIM,127.53,122.97,3.58,0,Closed 0 worst trades
2026.02.16 12:34:47,410038624,Magic_251101,CRITICAL_TRIM,127.53,122.97,3.58,0,Closed 0 worst trades
2026.02.16 12:34:47,410038624,Magic_251101,CRITICAL_TRIM,127.53,122.97,3.58,0,Closed 0 worst trades
2026.02.16 12:34:47,410038624,Magic_251101,CRITICAL_TRIM,127.53,122.97,3.58,0,Closed 0 worst trades
2026.02.16 12:34:47,410038624,Magic_251101,CRITICAL_TRIM,127.53,122.97,3.58,0,Closed 0 worst trades
2026.02.16 12:34:47,410038624,Magic_251101,CRITICAL_TRIM,127.53,122.97,3.58,0,Closed 0 worst trades
2026.02.16 12:34:48,410038624,Magic_251101,CRITICAL_TRIM,127.53,122.97,3.58,0,Closed 0 worst trades
2026.02.16 12:34:48,410038624,Magic_251101,CRITICAL_TRIM,127.53,122.97,3.58,0,Closed 0 worst trades
2026.02.16 12:34:48,410038624,Magic_251101,CRITICAL_TRIM,127.53,122.97,3.58,0,Closed 0 worst trades
2026.02.16 12:34:48,410038624,Magic_251101,CRITICAL_TRIM,127.53,122.97,3.58,0,Closed 0 worst trades
2026.02.16 12:34:48,410038624,Magic_251101,CRITICAL_TRIM,127.53,122.97,3.58,0,Closed 0 worst trades
2026.02.16 12:34:48,410038624,Magic_251101,CRITICAL_TRIM,127.53,122.97,3.58,0,Closed 0 worst trades
2026.02.16 12:34:49,410038624,Magic_251101,CRITICAL_TRIM,127.53,122.97,3.58,0,Closed 0 worst trades
2026.02.16 12:34:49,410038624,Magic_251101,CRITICAL_TRIM,127.53,122.97,3.58,0,Closed 0 worst trades
2026.02.16 12:34:49,410038624,Magic_251101,CRITICAL_TRIM,127.53,122.97,3.58,0,Closed 0 worst trades
2026.02.16 12:34:49,410038624,Magic_251101,CRITICAL_TRIM,127.53,122.97,3.58,0,Closed 0 worst trades
2026.02.16 12:34:50,410038624,Magic_251101,CRITICAL_TRIM,127.53,122.97,3.58,0,Closed 0 worst trades
2026.02.16 12:34:50,410038624,Magic_251101,CRITICAL_TRIM,127.53,122.97,3.58,0,Closed 0 worst trades
2026.02.16 12:34:50,410038624,Magic_251101,CRITICAL_TRIM,127.53,122.97,3.58,0,Closed 0 worst trades
2026.02.16 12:34:50,410038624,Magic_251101,CRITICAL_TRIM,127.53,122.97,3.58,0,Closed 0 worst trades
2026.02.16 12:34:50,410038624,Magic_251101,CRITICAL_TRIM,127.53,122.97,3.58,0,Closed 0 worst trades
2026.02.16 12:34:50,410038624,Magic_251101,CRITICAL_TRIM,127.53,122.97,3.58,0,Closed 0 worst trades
2026.02.16 12:34:51,410038624,Magic_251101,CRITICAL_TRIM,127.53,122.97,3.58,0,Closed 0 worst trades
2026.02.16 12:34:51,410038624,Magic_251101,CRITICAL_TRIM,127.53,122.97,3.58,0,Closed 0 worst trades
2026.02.16 12:34:51,410038624,Magic_251101,CRITICAL_TRIM,127.53,122.97,3.58,0,Closed 0 worst trades
2026.02.16 12:34:51,410038624,Magic_251101,CRITICAL_TRIM,127.53,122.97,3.58,0,Closed 0 worst trades
2026.02.16 12:34:52,410038624,Magic_251101,CRITICAL_TRIM,127.53,122.97,3.58,0,Closed 0 worst trades
2026.02.16 12:34:52,410038624,Magic_251101,CRITICAL_TRIM,127.53,122.97,3.58,0,Closed 0 worst trades
2026.02.16 12:34:52,410038624,Magic_251101,CRITICAL_TRIM,127.53,122.97,3.58,0,Closed 0 worst trades
2026.02.16 12:34:52,410038624,Magic_251101,CRITICAL_TRIM,127.53,122.97,3.58,0,Closed 0 worst trades
2026.02.16 12:34:52,410038624,Magic_251101,CRITICAL_TRIM,127.53,122.97,3.58,0,Closed 0 worst trades
2026.02.16 12:34:53,410038624,Magic_251101,CRITICAL_TRIM,127.53,122.97,3.58,0,Closed 0 worst trades
2026.02.16 12:34:54,410038624,Magic_251101,CRITICAL_TRIM,127.53,122.97,3.58,0,Closed 0 worst trades
2026.02.16 12:34:54,410038624,Magic_251101,CRITICAL_TRIM,127.53,122.97,3.58,0,Closed 0 worst trades
2026.02.16 12:34:55,410038624,Magic_251101,CRITICAL_TRIM,127.53,122.97,3.58,0,Closed 0 worst trades
2026.02.16 12:34:55,410038624,Magic_251101,CRITICAL_TRIM,127.53,122.97,3.58,0,Closed 0 worst trades
2026.02.16 12:34:55,410038624,Magic_251101,CRITICAL_TRIM,127.53,122.97,3.58,0,Closed 0 worst trades
2026.02.16 12:34:55,410038624,Magic_251101,CRITICAL_TRIM,127.53,122.97,3.58,0,Closed 0 worst trades
2026.02.16 12:34:55,410038624,Magic_251101,CRITICAL_TRIM,127.53,122.97,3.58,0,Closed 0 worst trades
2026.02.16 12:34:56,410038624,Magic_251101,CRITICAL_TRIM,127.53,122.97,3.58,0,Closed 0 worst trades
2026.02.16 12:34:56,410038624,Magic_251101,CRITICAL_TRIM,127.53,122.97,3.58,0,Closed 0 worst trades
2026.02.16 12:34:56,410038624,Magic_251101,CRITICAL_TRIM,127.53,122.97,3.58,0,Closed 0 worst trades
2026.02.16 12:34:56,410038624,Magic_251101,CRITICAL_TRIM,127.53,122.97,3.58,0,Closed 0 worst trades
2026.02.16 12:34:56,410038624,Magic_251101,CRITICAL_TRIM,127.53,122.97,3.58,0,Closed 0 worst trades
2026.02.16 12:34:56,410038624,Magic_251101,CRITICAL_TRIM,127.53,122.97,3.58,0,Closed 0 worst trades
2026.02.16 12:34:56,410038624,Magic_251101,CRITICAL_TRIM,127.53,122.97,3.58,0,Closed 0 worst trades
2026.02.16 12:34:56,410038624,Magic_251101,CRITICAL_TRIM,127.53,122.97,3.58,0,Closed 0 worst trades
2026.02.16 12:34:56,410038624,Magic_251101,CRITICAL_TRIM,127.53,122.97,3.58,0,Closed 0 worst trades
2026.02.16 12:34:56,410038624,Magic_251101,CRITICAL_TRIM,127.53,122.97,3.58,0,Closed 0 worst trades
2026.02.16 12:34:57,410038624,Magic_251101,CRITICAL_TRIM,127.53,122.97,3.58,0,Closed 0 worst trades
2026.02.16 12:34:57,410038624,Magic_251101,CRITICAL_TRIM,127.53,122.97,3.58,0,Closed 0 worst trades
2026.02.16 12:34:57,410038624,Magic_251101,CRITICAL_TRIM,127.53,122.97,3.58,0,Closed 0 worst trades
2026.02.16 12:34:57,410038624,Magic_251101,CRITICAL_TRIM,127.53,122.97,3.58,0,Closed 0 worst trades
2026.02.16 12:34:57,410038624,Magic_251101,CRITICAL_TRIM,127.53,122.97,3.58,0,Closed 0 worst trades
2026.02.16 12:34:57,410038624,Magic_251101,CRITICAL_TRIM,127.53,122.97,3.58,0,Closed 0 worst trades
2026.02.16 12:34:58,410038624,Magic_251101,CRITICAL_TRIM,127.53,122.97,3.58,0,Closed 0 worst trades
2026.02.16 12:34:58,410038624,Magic_251101,CRITICAL_TRIM,127.53,122.97,3.58,0,Closed 0 worst trades
2026.02.16 12:34:58,410038624,Magic_251101,CRITICAL_TRIM,127.53,122.97,3.58,0,Closed 0 worst trades
2026.02.16 12:34:58,410038624,Magic_251101,CRITICAL_TRIM,127.53,122.97,3.58,0,Closed 0 worst trades
2026.02.16 12:34:58,410038624,Magic_251101,CRITICAL_TRIM,127.53,122.97,3.58,0,Closed 0 worst trades
2026.02.16 12:34:58,410038624,Magic_251101,CRITICAL_TRIM,127.53,122.97,3.58,0,Closed 0 worst trades
2026.02.16 12:34:58,410038624,Magic_251101,CRITICAL_TRIM,127.53,122.97,3.58,0,Closed 0 worst trades
2026.02.16 12:34:58,410038624,Magic_251101,CRITICAL_TRIM,127.53,122.97,3.58,0,Closed 0 worst trades
2026.02.16 12:34:59,410038624,Magic_251101,CRITICAL_TRIM,127.53,122.97,3.58,0,Closed 0 worst trades
2026.02.16 12:34:59,410038624,Magic_251101,CRITICAL_TRIM,127.53,122.97,3.58,0,Closed 0 worst trades
2026.02.16 12:34:59,410038624,Magic_251101,CRITICAL_TRIM,127.53,122.97,3.58,0,Closed 0 worst trades
2026.02.16 12:34:59,410038624,Magic_251101,CRITICAL_TRIM,127.53,122.97,3.58,0,Closed 0 worst trades
2026.02.16 12:35:00,410038624,Magic_251101,CRITICAL_TRIM,127.53,122.97,3.58,0,Closed 0 worst trades
2026.02.16 12:35:00,410038624,Magic_251101,CRITICAL_TRIM,127.53,122.97,3.58,0,Closed 0 worst trades
2026.02.16 12:35:00,410038624,Magic_251101,CRITICAL_TRIM,127.53,122.97,3.58,0,Closed 0 worst trades
2026.02.16 12:35:00,410038624,Magic_251101,CRITICAL_TRIM,127.53,122.97,3.58,0,Closed 0 worst trades
2026.02.16 12:35:00,410038624,Magic_251101,CRITICAL_TRIM,127.53,122.97,3.58,0,Closed 0 worst trades
2026.02.16 12:35:00,410038624,Magic_251101,CRITICAL_TRIM,127.53,122.97,3.58,0,Closed 0 worst trades
2026.02.16 12:35:00,410038624,Magic_251101,CRITICAL_TRIM,127.53,122.97,3.58,0,Closed 0 worst trades
2026.02.16 12:35:00,410038624,Magic_251101,CRITICAL_TRIM,127.53,122.97,3.58,0,Closed 0 worst trades
2026.02.16 12:35:00,410038624,Magic_251101,CRITICAL_TRIM,127.53,122.97,3.58,0,Closed 0 worst trades
2026.02.16 12:35:01,410038624,Magic_251101,CRITICAL_TRIM,127.53,122.97,3.58,0,Closed 0 worst trades
2026.02.16 12:35:01,410038624,Magic_251101,CRITICAL_TRIM,127.53,122.97,3.58,0,Closed 0 worst trades
2026.02.16 12:35:01,410038624,Magic_251101,CRITICAL_TRIM,127.53,122.97,3.58,0,Closed 0 worst trades
2026.02.16 12:35:01,410038624,Magic_251101,CRITICAL_TRIM,127.53,122.97,3.58,0,Closed 0 worst trades
2026.02.16 12:35:01,410038624,Magic_251101,CRITICAL_TRIM,127.53,122.97,3.58,0,Closed 0 worst trades
2026.02.16 12:35:01,410038624,Magic_251101,CRITICAL_TRIM,127.53,122.97,3.58,0,Closed 0 worst trades
2026.02.16 12:35:01,410038624,Magic_251101,CRITICAL_TRIM,127.53,122.97,3.58,0,Closed 0 worst trades
2026.02.16 12:35:02,410038624,Magic_251101,CRITICAL_TRIM,127.53,122.97,3.58,0,Closed 0 worst trades
2026.02.16 12:35:02,410038624,Magic_251101,CRITICAL_TRIM,127.53,122.97,3.58,0,Closed 0 worst trades
2026.02.16 12:35:02,410038624,Magic_251101,CRITICAL_TRIM,127.53,122.97,3.58,0,Closed 0 worst trades
2026.02.16 12:35:02,410038624,Magic_251101,CRITICAL_TRIM,127.53,122.97,3.58,0,Closed 0 worst trades
2026.02.16 12:35:02,410038624,Magic_251101,CRITICAL_TRIM,127.53,122.97,3.58,0,Closed 0 worst trades
2026.02.16 12:35:03,410038624,Magic_251101,CRITICAL_TRIM,127.53,122.97,3.58,0,Closed 0 worst trades
2026.02.16 12:35:03,410038624,Magic_251101,CRITICAL_TRIM,127.53,122.97,3.58,0,Closed 0 worst trades
2026.02.16 12:35:03,410038624,Magic_251101,CRITICAL_TRIM,127.53,122.97,3.58,0,Closed 0 worst trades
2026.02.16 12:35:03,410038624,Magic_251101,CRITICAL_TRIM,127.53,122.97,3.58,0,Closed 0 worst trades
2026.02.16 12:35:03,410038624,Magic_251101,CRITICAL_TRIM,127.53,122.97,3.58,0,Closed 0 worst trades
2026.02.16 12:35:03,410038624,Magic_251101,CRITICAL_TRIM,127.53,122.97,3.58,0,Closed 0 worst trades
2026.02.16 12:35:03,410038624,Magic_251101,CRITICAL_TRIM,127.53,122.97,3.58,0,Closed 0 worst trades
2026.02.16 12:35:04,410038624,Magic_251101,CRITICAL_TRIM,127.53,122.97,3.58,0,Closed 0 worst trades
2026.02.16 12:35:04,410038624,Magic_251101,CRITICAL_TRIM,127.53,122.97,3.58,0,Closed 0 worst trades
2026.02.16 12:35:04,410038624,Magic_251101,CRITICAL_TRIM,127.53,122.97,3.58,0,Closed 0 worst trades
2026.02.16 12:35:05,410038624,Magic_251101,CRITICAL_TRIM,127.53,122.97,3.58,0,Closed 0 worst trades
2026.02.16 12:35:05,410038624,Magic_251101,CRITICAL_TRIM,127.53,122.97,3.58,0,Closed 0 worst trades
2026.02.16 12:35:06,410038624,Magic_251101,CRITICAL_TRIM,127.53,122.97,3.58,0,Closed 0 worst trades
2026.02.16 12:35:06,410038624,Magic_251101,CRITICAL_TRIM,127.53,122.97,3.58,0,Closed 0 worst trades
2026.02.16 12:35:06,410038624,Magic_251101,CRITICAL_TRIM,127.53,122.97,3.58,0,Closed 0 worst trades
2026.02.16 12:35:06,410038624,Magic_251101,CRITICAL_TRIM,127.53,122.97,3.58,0,Closed 0 worst trades
2026.02.16 12:35:06,410038624,Magic_251101,CRITICAL_TRIM,127.53,122.97,3.58,0,Closed 0 worst trades
2026.02.16 12:35:07,410038624,Magic_251101,CRITICAL_TRIM,127.53,122.97,3.58,0,Closed 0 worst trades
2026.02.16 12:35:07,410038624,Magic_251101,CRITICAL_TRIM,127.53,122.97,3.58,0,Closed 0 worst trades
2026.02.16 12:35:07,410038624,Magic_251101,CRITICAL_TRIM,127.53,122.97,3.58,0,Closed 0 worst trades
2026.02.16 12:35:07,410038624,Magic_251101,CRITICAL_TRIM,127.53,122.97,3.58,0,Closed 0 worst trades
2026.02.16 12:35:07,410038624,Magic_251101,CRITICAL_TRIM,127.53,122.97,3.58,0,Closed 0 worst trades
2026.02.16 12:35:10,410038624,Magic_251101,CRITICAL_TRIM,127.53,122.97,3.58,0,Closed 0 worst trades
2026.02.16 12:35:10,410038624,Magic_251101,CRITICAL_TRIM,127.53,122.97,3.58,0,Closed 0 worst trades
2026.02.16 12:35:10,410038624,Magic_251101,CRITICAL_TRIM,127.53,122.97,3.58,0,Closed 0 worst trades
2026.02.16 12:35:10,410038624,Magic_251101,CRITICAL_TRIM,127.53,122.97,3.58,0,Closed 0 worst trades
2026.02.16 12:35:10,410038624,Magic_251101,CRITICAL_TRIM,127.53,122.97,3.58,0,Closed 0 worst trades
2026.02.16 12:35:10,410038624,Magic_251101,CRITICAL_TRIM,127.53,122.97,3.58,0,Closed 0 worst trades
2026.02.16 12:35:10,410038624,Magic_251101,CRITICAL_TRIM,127.53,122.97,3.58,0,Closed 0 worst trades
2026.02.16 12:35:10,410038624,Magic_251101,CRITICAL_TRIM,127.53,122.97,3.58,0,Closed 0 worst trades
2026.02.16 12:35:10,410038624,Magic_251101,CRITICAL_TRIM,127.53,122.97,3.58,0,Closed 0 worst trades
2026.02.16 12:35:11,410038624,Magic_251101,CRITICAL_TRIM,127.53,122.97,3.58,0,Closed 0 worst trades
2026.02.16 12:35:11,410038624,Magic_251101,CRITICAL_TRIM,127.53,122.97,3.58,0,Closed 0 worst trades
2026.02.16 12:35:11,410038624,Magic_251101,CRITICAL_TRIM,127.53,122.97,3.58,0,Closed 0 worst trades
2026.02.16 12:35:11,410038624,Magic_251101,CRITICAL_TRIM,127.53,122.97,3.58,0,Closed 0 worst trades
2026.02.16 12:35:11,410038624,Magic_251101,CRITICAL_TRIM,127.53,122.97,3.58,0,Closed 0 worst trades
2026.02.16 12:35:11,410038624,Magic_251101,CRITICAL_TRIM,127.53,122.97,3.58,0,Closed 0 worst trades
2026.02.16 12:35:11,410038624,Magic_251101,CRITICAL_TRIM,127.53,122.97,3.58,0,Closed 0 worst trades
2026.02.16 12:35:11,410038624,Magic_251101,CRITICAL_TRIM,127.53,122.97,3.58,0,Closed 0 worst trades
2026.02.16 12:35:12,410038624,Magic_251101,CRITICAL_TRIM,127.53,122.97,3.58,0,Closed 0 worst trades
2026.02.16 12:35:12,410038624,Magic_251101,CRITICAL_TRIM,127.53,122.97,3.58,0,Closed 0 worst trades
2026.02.16 12:35:12,410038624,Magic_251101,CRITICAL_TRIM,127.53,122.97,3.58,0,Closed 0 worst trades
2026.02.16 12:35:12,410038624,Magic_251101,CRITICAL_TRIM,127.53,122.97,3.58,0,Closed 0 worst trades
2026.02.16 12:35:12,410038624,Magic_251101,CRITICAL_TRIM,127.53,122.97,3.58,0,Closed 0 worst trades
2026.02.16 12:35:13,410038624,Magic_251101,CRITICAL_TRIM,127.53,122.97,3.58,0,Closed 0 worst trades
2026.02.16 12:35:13,410038624,Magic_251101,CRITICAL_TRIM,127.53,122.97,3.58,0,Closed 0 worst trades
2026.02.16 12:35:13,410038624,Magic_251101,CRITICAL_TRIM,127.53,122.97,3.58,0,Closed 0 worst trades
2026.02.16 12:35:13,410038624,Magic_251101,CRITICAL_TRIM,127.53,122.97,3.58,0,Closed 0 worst trades
2026.02.16 12:35:14,410038624,Magic_251101,CRITICAL_TRIM,127.53,122.97,3.58,0,Closed 0 worst trades
2026.02.16 12:35:14,410038624,Magic_251101,CRITICAL_TRIM,127.53,122.97,3.58,0,Closed 0 worst trades
2026.02.16 12:35:14,410038624,Magic_251101,CRITICAL_TRIM,127.53,122.97,3.58,0,Closed 0 worst trades
2026.02.16 12:35:14,410038624,Magic_251101,CRITICAL_TRIM,127.53,122.97,3.58,0,Closed 0 worst trades
2026.02.16 12:35:14,410038624,Magic_251101,CRITICAL_TRIM,127.53,122.97,3.58,0,Closed 0 worst trades
2026.02.16 12:35:15,410038624,Magic_251101,CRITICAL_TRIM,127.53,122.97,3.58,0,Closed 0 worst trades
2026.02.16 12:35:15,410038624,Magic_251101,CRITICAL_TRIM,127.53,122.97,3.58,0,Closed 0 worst trades
2026.02.16 12:35:15,410038624,Magic_251101,CRITICAL_TRIM,127.53,122.97,3.58,0,Closed 0 worst trades
2026.02.16 12:35:15,410038624,Magic_251101,CRITICAL_TRIM,127.53,122.97,3.58,0,Closed 0 worst trades
2026.02.16 12:35:15,410038624,Magic_251101,CRITICAL_TRIM,127.53,122.97,3.58,0,Closed 0 worst trades
2026.02.16 12:35:15,410038624,Magic_251101,CRITICAL_TRIM,127.53,122.97,3.58,0,Closed 0 worst trades
2026.02.16 12:35:16,410038624,Magic_251101,CRITICAL_TRIM,127.53,122.97,3.58,0,Closed 0 worst trades
2026.02.16 12:35:16,410038624,Magic_251101,CRITICAL_TRIM,127.53,122.97,3.58,0,Closed 0 worst trades
2026.02.16 12:35:16,410038624,Magic_251101,CRITICAL_TRIM,127.53,122.97,3.58,0,Closed 0 worst trades
2026.02.16 12:35:16,410038624,Magic_251101,CRITICAL_TRIM,127.53,122.97,3.58,0,Closed 0 worst trades
2026.02.16 12:35:16,410038624,Magic_251101,CRITICAL_TRIM,127.53,122.97,3.58,0,Closed 0 worst trades
2026.02.16 12:35:17,410038624,Magic_251101,CRITICAL_TRIM,127.53,122.97,3.58,0,Closed 0 worst trades
2026.02.16 12:35:17,410038624,Magic_251101,CRITICAL_TRIM,127.53,122.97,3.58,0,Closed 0 worst trades
2026.02.16 12:35:17,410038624,Magic_251101,CRITICAL_TRIM,127.53,122.97,3.58,0,Closed 0 worst trades
2026.02.16 12:35:17,410038624,Magic_251101,CRITICAL_TRIM,127.53,122.97,3.58,0,Closed 0 worst trades
2026.02.16 12:35:17,410038624,Magic_251101,CRITICAL_TRIM,127.53,122.97,3.58,0,Closed 0 worst trades
2026.02.16 12:35:18,410038624,Magic_251101,CRITICAL_TRIM,127.53,122.97,3.58,0,Closed 0 worst trades
2026.02.16 12:35:18,410038624,Magic_251101,CRITICAL_TRIM,127.53,122.97,3.58,0,Closed 0 worst trades
2026.02.16 12:35:18,410038624,Magic_251101,CRITICAL_TRIM,127.53,122.97,3.58,0,Closed 0 worst trades
2026.02.16 12:35:18,410038624,Magic_251101,CRITICAL_TRIM,127.53,122.97,3.58,0,Closed 0 worst trades
2026.02.16 12:35:18,410038624,Magic_251101,CRITICAL_TRIM,127.53,122.97,3.58,0,Closed 0 worst trades
2026.02.16 12:35:19,410038624,Magic_251101,CRITICAL_TRIM,127.53,122.97,3.58,0,Closed 0 worst trades
2026.02.16 12:35:19,410038624,Magic_251101,CRITICAL_TRIM,127.53,122.97,3.58,0,Closed 0 worst trades
2026.02.16 12:35:19,410038624,Magic_251101,CRITICAL_TRIM,127.53,122.97,3.58,0,Closed 0 worst trades
2026.02.16 12:35:19,410038624,Magic_251101,CRITICAL_TRIM,127.53,122.97,3.58,0,Closed 0 worst trades
2026.02.16 12:35:19,410038624,Magic_251101,CRITICAL_TRIM,127.53,122.97,3.58,0,Closed 0 worst trades
2026.02.16 12:35:19,410038624,Magic_251101,CRITICAL_TRIM,127.53,122.97,3.58,0,Closed 0 worst trades
2026.02.16 12:35:19,410038624,Magic_251101,CRITICAL_TRIM,127.53,122.97,3.58,0,Closed 0 worst trades
2026.02.16 12:35:20,410038624,Magic_251101,CRITICAL_TRIM,127.53,122.97,3.58,0,Closed 0 worst trades
2026.02.16 12:35:20,410038624,Magic_251101,CRITICAL_TRIM,127.53,122.97,3.58,0,Closed 0 worst trades
2026.02.16 12:35:20,410038624,Magic_251101,CRITICAL_TRIM,127.53,122.97,3.58,0,Closed 0 worst trades
2026.02.16 12:35:20,410038624,Magic_251101,CRITICAL_TRIM,127.53,122.97,3.58,0,Closed 0 worst trades
2026.02.16 12:35:20,410038624,Magic_251101,CRITICAL_TRIM,127.53,122.97,3.58,0,Closed 0 worst trades
2026.02.16 12:35:20,410038624,Magic_251101,CRITICAL_TRIM,127.53,122.97,3.58,0,Closed 0 worst trades
2026.02.16 12:35:20,410038624,Magic_251101,CRITICAL_TRIM,127.53,122.97,3.58,0,Closed 0 worst trades
2026.02.16 12:35:20,410038624,Magic_251101,CRITICAL_TRIM,127.53,122.97,3.58,0,Closed 0 worst trades
2026.02.16 12:35:20,410038624,Magic_251101,CRITICAL_TRIM,127.53,122.97,3.58,0,Closed 0 worst trades
2026.02.16 12:35:21,410038624,Magic_251101,CRITICAL_TRIM,127.53,122.97,3.58,0,Closed 0 worst trades
2026.02.16 12:35:21,410038624,Magic_251101,CRITICAL_TRIM,127.53,122.97,3.58,0,Closed 0 worst trades
2026.02.16 12:35:21,410038624,Magic_251101,CRITICAL_TRIM,127.53,122.97,3.58,0,Closed 0 worst trades
2026.02.16 12:35:21,410038624,Magic_251101,CRITICAL_TRIM,127.53,122.97,3.58,0,Closed 0 worst trades
2026.02.16 12:35:21,410038624,Magic_251101,CRITICAL_TRIM,127.53,122.97,3.58,0,Closed 0 worst trades
2026.02.16 12:35:21,410038624,Magic_251101,CRITICAL_TRIM,127.53,122.97,3.58,0,Closed 0 worst trades
2026.02.16 12:35:21,410038624,Magic_251101,CRITICAL_TRIM,127.53,122.97,3.58,0,Closed 0 worst trades
2026.02.16 12:35:21,410038624,Magic_251101,CRITICAL_TRIM,127.53,122.97,3.58,0,Closed 0 worst trades
2026.02.16 12:35:22,410038624,Magic_251101,CRITICAL_TRIM,127.53,122.97,3.58,0,Closed 0 worst trades
2026.02.16 12:35:22,410038624,Magic_251101,CRITICAL_TRIM,127.53,122.97,3.58,0,Closed 0 worst trades
2026.02.16 12:35:22,410038624,Magic_251101,CRITICAL_TRIM,127.53,122.97,3.58,0,Closed 0 worst trades
2026.02.16 12:35:22,410038624,Magic_251101,CRITICAL_TRIM,127.53,122.97,3.58,0,Closed 0 worst trades
2026.02.16 12:35:22,410038624,Magic_251101,CRITICAL_TRIM,127.53,122.97,3.58,0,Closed 0 worst trades
2026.02.16 12:35:23,410038624,Magic_251101,CRITICAL_TRIM,127.53,122.97,3.58,0,Closed 0 worst trades
2026.02.16 12:35:23,410038624,Magic_251101,CRITICAL_TRIM,127.53,122.97,3.58,0,Closed 0 worst trades
2026.02.16 12:35:23,410038624,Magic_251101,CRITICAL_TRIM,127.53,122.97,3.58,0,Closed 0 worst trades
2026.02.16 12:35:23,410038624,Magic_251101,CRITICAL_TRIM,127.53,122.97,3.58,0,Closed 0 worst trades
2026.02.16 12:35:24,410038624,Magic_251101,CRITICAL_TRIM,127.53,122.97,3.58,0,Closed 0 worst trades
2026.02.16 12:35:24,410038624,Magic_251101,CRITICAL_TRIM,127.53,122.97,3.58,0,Closed 0 worst trades
2026.02.16 12:35:24,410038624,Magic_251101,CRITICAL_TRIM,127.53,122.97,3.58,0,Closed 0 worst trades
2026.02.16 12:35:24,410038624,Magic_251101,CRITICAL_TRIM,127.53,122.97,3.58,0,Closed 0 worst trades
2026.02.16 12:35:24,410038624,Magic_251101,CRITICAL_TRIM,127.53,122.97,3.58,0,Closed 0 worst trades
2026.02.16 12:35:24,410038624,Magic_251101,CRITICAL_TRIM,127.53,122.97,3.58,0,Closed 0 worst trades
2026.02.16 12:35:25,410038624,Magic_251101,CRITICAL_TRIM,127.53,122.97,3.58,0,Closed 0 worst trades
2026.02.16 12:35:25,410038624,Magic_251101,CRITICAL_TRIM,127.53,122.97,3.58,0,Closed 0 worst trades
2026.02.16 12:35:25,410038624,Magic_251101,CRITICAL_TRIM,127.53,122.97,3.58,0,Closed 0 worst trades
2026.02.16 12:35:25,410038624,Magic_251101,CRITICAL_TRIM,127.53,122.97,3.58,0,Closed 0 worst trades
2026.02.16 12:35:25,410038624,Magic_251101,CRITICAL_TRIM,127.53,122.97,3.58,0,Closed 0 worst trades
2026.02.16 12:35:25,410038624,Magic_251101,CRITICAL_TRIM,127.53,122.97,3.58,0,Closed 0 worst trades
2026.02.16 12:35:26,410038624,Magic_251101,CRITICAL_TRIM,127.53,122.97,3.58,0,Closed 0 worst trades
2026.02.16 12:35:26,410038624,Magic_251101,CRITICAL_TRIM,127.53,122.97,3.58,0,Closed 0 worst trades
2026.02.16 12:35:26,410038624,Magic_251101,CRITICAL_TRIM,127.53,122.97,3.58,0,Closed 0 worst trades
2026.02.16 12:35:27,410038624,Magic_251101,CRITICAL_TRIM,127.53,122.97,3.58,0,Closed 0 worst trades
2026.02.16 12:35:27,410038624,Magic_251101,CRITICAL_TRIM,127.53,122.97,3.58,0,Closed 0 worst trades
2026.02.16 12:35:27,410038624,Magic_251101,CRITICAL_TRIM,127.53,122.97,3.58,0,Closed 0 worst trades
2026.02.16 12:35:27,410038624,Magic_251101,CRITICAL_TRIM,127.53,122.97,3.58,0,Closed 0 worst trades
2026.02.16 12:35:28,410038624,Magic_251101,CRITICAL_TRIM,127.53,122.97,3.58,0,Closed 0 worst trades
2026.02.16 12:35:29,410038624,Magic_251101,CRITICAL_TRIM,127.53,122.97,3.58,0,Closed 0 worst trades
2026.02.16 12:35:29,410038624,Magic_251101,CRITICAL_TRIM,127.53,122.97,3.58,0,Closed 0 worst trades
2026.02.16 12:35:29,410038624,Magic_251101,CRITICAL_TRIM,127.53,122.97,3.58,0,Closed 0 worst trades
2026.02.16 12:35:29,410038624,Magic_251101,CRITICAL_TRIM,127.53,122.97,3.58,0,Closed 0 worst trades
2026.02.16 12:35:30,410038624,Magic_251101,CRITICAL_TRIM,127.53,122.97,3.58,0,Closed 0 worst trades
2026.02.16 12:35:30,410038624,Magic_251101,CRITICAL_TRIM,127.53,122.97,3.58,0,Closed 0 worst trades
2026.02.16 12:35:30,410038624,Magic_251101,CRITICAL_TRIM,127.53,122.97,3.58,0,Closed 0 worst trades
2026.02.16 12:35:30,410038624,Magic_251101,CRITICAL_TRIM,127.53,122.97,3.58,0,Closed 0 worst trades
2026.02.16 12:35:30,410038624,Magic_251101,CRITICAL_TRIM,127.53,122.97,3.58,0,Closed 0 worst trades
2026.02.16 12:35:33,410038624,Magic_251101,CRITICAL_TRIM,127.53,122.97,3.58,0,Closed 0 worst trades
2026.02.16 12:35:33,410038624,Magic_251101,CRITICAL_TRIM,127.53,122.97,3.58,0,Closed 0 worst trades
2026.02.16 12:35:33,410038624,Magic_251101,CRITICAL_TRIM,127.53,122.97,3.58,0,Closed 0 worst trades
2026.02.16 12:35:34,410038624,Magic_251101,CRITICAL_TRIM,127.53,122.97,3.58,0,Closed 0 worst trades
2026.02.16 12:35:34,410038624,Magic_251101,CRITICAL_TRIM,127.53,122.97,3.58,0,Closed 0 worst trades
2026.02.16 12:35:34,410038624,Magic_251101,CRITICAL_TRIM,127.53,122.97,3.58,0,Closed 0 worst trades
2026.02.16 12:35:34,410038624,Magic_251101,CRITICAL_TRIM,127.53,122.97,3.58,0,Closed 0 worst trades
2026.02.16 12:35:34,410038624,Magic_251101,CRITICAL_TRIM,127.53,122.97,3.58,0,Closed 0 worst trades
2026.02.16 12:35:35,410038624,Magic_251101,CRITICAL_TRIM,127.53,122.97,3.58,0,Closed 0 worst trades
2026.02.16 12:35:36,410038624,Magic_251101,CRITICAL_TRIM,127.53,122.97,3.58,0,Closed 0 worst trades
2026.02.16 12:35:36,410038624,Magic_251101,CRITICAL_TRIM,127.53,122.97,3.58,0,Closed 0 worst trades
2026.02.16 12:35:36,410038624,Magic_251101,CRITICAL_TRIM,127.53,122.97,3.58,0,Closed 0 worst trades
2026.02.16 12:35:37,410038624,Magic_251101,CRITICAL_TRIM,127.53,122.97,3.58,0,Closed 0 worst trades
2026.02.16 12:35:37,410038624,Magic_251101,CRITICAL_TRIM,127.53,122.97,3.58,0,Closed 0 worst trades
2026.02.16 12:35:38,410038624,Magic_251101,CRITICAL_TRIM,127.53,122.97,3.58,0,Closed 0 worst trades
2026.02.16 12:35:38,410038624,Magic_251101,CRITICAL_TRIM,127.53,122.97,3.58,0,Closed 0 worst trades
2026.02.16 12:35:38,410038624,Magic_251101,CRITICAL_TRIM,127.53,122.97,3.58,0,Closed 0 worst trades
2026.02.16 12:35:38,410038624,Magic_251101,CRITICAL_TRIM,127.53,122.97,3.58,0,Closed 0 worst trades
2026.02.16 12:35:38,410038624,Magic_251101,CRITICAL_TRIM,127.53,122.97,3.58,0,Closed 0 worst trades
2026.02.16 12:35:39,410038624,Magic_251101,CRITICAL_TRIM,127.53,122.97,3.58,0,Closed 0 worst trades
2026.02.16 12:35:39,410038624,Magic_251101,CRITICAL_TRIM,127.53,122.97,3.58,0,Closed 0 worst trades
2026.02.16 12:35:39,410038624,Magic_251101,CRITICAL_TRIM,127.53,122.97,3.58,0,Closed 0 worst trades
2026.02.16 12:35:39,410038624,Magic_251101,CRITICAL_TRIM,127.53,122.97,3.58,0,Closed 0 worst trades
2026.02.16 12:35:40,410038624,Magic_251101,CRITICAL_TRIM,127.53,122.97,3.58,0,Closed 0 worst trades
2026.02.16 12:35:40,410038624,Magic_251101,CRITICAL_TRIM,127.53,122.97,3.58,0,Closed 0 worst trades
2026.02.16 12:35:40,410038624,Magic_251101,CRITICAL_TRIM,127.53,122.97,3.58,0,Closed 0 worst trades
2026.02.16 12:35:40,410038624,Magic_251101,CRITICAL_TRIM,127.53,122.97,3.58,0,Closed 0 worst trades
2026.02.16 12:35:40,410038624,Magic_251101,CRITICAL_TRIM,127.53,122.97,3.58,0,Closed 0 worst trades
2026.02.16 12:35:40,410038624,Magic_251101,CRITICAL_TRIM,127.53,122.97,3.58,0,Closed 0 worst trades
2026.02.16 12:35:41,410038624,Magic_251101,CRITICAL_TRIM,127.53,122.97,3.58,0,Closed 0 worst trades
2026.02.16 12:35:41,410038624,Magic_251101,CRITICAL_TRIM,127.53,122.97,3.58,0,Closed 0 worst trades
2026.02.16 12:35:41,410038624,Magic_251101,CRITICAL_TRIM,127.53,122.97,3.58,0,Closed 0 worst trades
2026.02.16 12:35:41,410038624,Magic_251101,CRITICAL_TRIM,127.53,122.97,3.58,0,Closed 0 worst trades
2026.02.16 12:35:42,410038624,Magic_251101,CRITICAL_TRIM,127.53,122.97,3.58,0,Closed 0 worst trades
2026.02.16 12:35:42,410038624,Magic_251101,CRITICAL_TRIM,127.53,122.97,3.58,0,Closed 0 worst trades
2026.02.16 12:35:42,410038624,Magic_251101,CRITICAL_TRIM,127.53,122.97,3.58,0,Closed 0 worst trades
2026.02.16 12:35:42,410038624,Magic_251101,CRITICAL_TRIM,127.53,122.97,3.58,0,Closed 0 worst trades
2026.02.16 12:35:42,410038624,Magic_251101,CRITICAL_TRIM,127.53,122.97,3.58,0,Closed 0 worst trades
2026.02.16 12:35:43,410038624,Magic_251101,CRITICAL_TRIM,127.53,122.97,3.58,0,Closed 0 worst trades
2026.02.16 12:35:43,410038624,Magic_251101,CRITICAL_TRIM,127.53,122.97,3.58,0,Closed 0 worst trades
2026.02.16 12:35:43,410038624,Magic_251101,CRITICAL_TRIM,127.53,122.97,3.58,0,Closed 0 worst trades
2026.02.16 12:35:43,410038624,Magic_251101,CRITICAL_TRIM,127.53,122.97,3.58,0,Closed 0 worst trades
2026.02.16 12:35:44,410038624,Magic_251101,CRITICAL_TRIM,127.53,122.97,3.58,0,Closed 0 worst trades
2026.02.16 12:35:44,410038624,Magic_251101,CRITICAL_TRIM,127.53,122.97,3.58,0,Closed 0 worst trades
2026.02.16 12:35:44,410038624,Magic_251101,CRITICAL_TRIM,127.53,122.97,3.58,0,Closed 0 worst trades
2026.02.16 12:35:44,410038624,Magic_251101,CRITICAL_TRIM,127.53,122.97,3.58,0,Closed 0 worst trades
2026.02.16 12:35:44,410038624,Magic_251101,CRITICAL_TRIM,127.53,122.97,3.58,0,Closed 0 worst trades
2026.02.16 12:35:44,410038624,Magic_251101,CRITICAL_TRIM,127.53,122.97,3.58,0,Closed 0 worst trades
2026.02.16 12:35:44,410038624,Magic_251101,CRITICAL_TRIM,127.53,122.97,3.58,0,Closed 0 worst trades
2026.02.16 12:35:44,410038624,Magic_251101,CRITICAL_TRIM,127.53,122.97,3.58,0,Closed 0 worst trades
2026.02.16 12:35:45,410038624,Magic_251101,CRITICAL_TRIM,127.53,122.97,3.58,0,Closed 0 worst trades
2026.02.16 12:35:45,410038624,Magic_251101,CRITICAL_TRIM,127.53,122.97,3.58,0,Closed 0 worst trades
2026.02.16 12:35:45,410038624,Magic_251101,CRITICAL_TRIM,127.53,122.97,3.58,0,Closed 0 worst trades
2026.02.16 12:35:45,410038624,Magic_251101,CRITICAL_TRIM,127.53,122.97,3.58,0,Closed 0 worst trades
2026.02.16 12:35:46,410038624,Magic_251101,CRITICAL_TRIM,127.53,122.97,3.58,0,Closed 0 worst trades
2026.02.16 12:35:46,410038624,Magic_251101,CRITICAL_TRIM,127.53,122.97,3.58,0,Closed 0 worst trades
2026.02.16 12:35:46,410038624,Magic_251101,CRITICAL_TRIM,127.53,122.97,3.58,0,Closed 0 worst trades
2026.02.16 12:35:46,410038624,Magic_251101,CRITICAL_TRIM,127.53,122.97,3.58,0,Closed 0 worst trades
2026.02.16 12:35:46,410038624,Magic_251101,CRITICAL_TRIM,127.53,122.97,3.58,0,Closed 0 worst trades
2026.02.16 12:35:47,410038624,Magic_251101,CRITICAL_TRIM,127.53,122.97,3.58,0,Closed 0 worst trades
2026.02.16 12:35:47,410038624,Magic_251101,CRITICAL_TRIM,127.53,122.97,3.58,0,Closed 0 worst trades
2026.02.16 12:35:47,410038624,Magic_251101,CRITICAL_TRIM,127.53,122.97,3.58,0,Closed 0 worst trades
2026.02.16 12:35:47,410038624,Magic_251101,CRITICAL_TRIM,127.53,122.97,3.58,0,Closed 0 worst trades
2026.02.16 12:35:48,410038624,Magic_251101,CRITICAL_TRIM,127.53,122.97,3.58,0,Closed 0 worst trades
2026.02.16 12:35:49,410038624,Magic_251101,CRITICAL_TRIM,127.53,122.97,3.58,0,Closed 0 worst trades
2026.02.16 12:35:49,410038624,Magic_251101,CRITICAL_TRIM,127.53,122.97,3.58,0,Closed 0 worst trades
2026.02.16 12:35:49,410038624,Magic_251101,CRITICAL_TRIM,127.53,122.97,3.58,0,Closed 0 worst trades
2026.02.16 12:35:49,410038624,Magic_251101,CRITICAL_TRIM,127.53,122.97,3.58,0,Closed 0 worst trades
2026.02.16 12:35:49,410038624,Magic_251101,CRITICAL_TRIM,127.53,122.97,3.58,0,Closed 0 worst trades
2026.02.16 12:35:49,410038624,Magic_251101,CRITICAL_TRIM,127.53,122.97,3.58,0,Closed 0 worst trades
2026.02.16 12:35:50,410038624,Magic_251101,CRITICAL_TRIM,127.53,122.97,3.58,0,Closed 0 worst trades
2026.02.16 12:35:50,410038624,Magic_251101,CRITICAL_TRIM,127.53,122.97,3.58,0,Closed 0 worst trades
2026.02.16 12:35:50,410038624,Magic_251101,CRITICAL_TRIM,127.53,122.97,3.58,0,Closed 0 worst trades
2026.02.16 12:35:50,410038624,Magic_251101,CRITICAL_TRIM,127.53,122.97,3.58,0,Closed 0 worst trades
2026.02.16 12:35:50,410038624,Magic_251101,CRITICAL_TRIM,127.53,122.97,3.58,0,Closed 0 worst trades
2026.02.16 12:35:50,410038624,Magic_251101,CRITICAL_TRIM,127.53,122.97,3.58,0,Closed 0 worst trades
2026.02.16 12:35:51,410038624,Magic_251101,CRITICAL_TRIM,127.53,122.97,3.58,0,Closed 0 worst trades
2026.02.16 12:35:51,410038624,Magic_251101,CRITICAL_TRIM,127.53,122.97,3.58,0,Closed 0 worst trades
2026.02.16 12:35:51,410038624,Magic_251101,CRITICAL_TRIM,127.53,122.97,3.58,0,Closed 0 worst trades
2026.02.16 12:35:51,410038624,Magic_251101,CRITICAL_TRIM,127.53,122.97,3.58,0,Closed 0 worst trades
2026.02.16 12:35:51,410038624,Magic_251101,CRITICAL_TRIM,127.53,122.97,3.58,0,Closed 0 worst trades
2026.02.16 12:35:52,410038624,Magic_251101,CRITICAL_TRIM,127.53,122.97,3.58,0,Closed 0 worst trades
2026.02.16 12:35:52,410038624,Magic_251101,CRITICAL_TRIM,127.53,122.97,3.58,0,Closed 0 worst trades
2026.02.16 12:35:53,410038624,Magic_251101,CRITICAL_TRIM,127.53,122.97,3.58,0,Closed 0 worst trades
2026.02.16 12:35:53,410038624,Magic_251101,CRITICAL_TRIM,127.53,122.97,3.58,0,Closed 0 worst trades
2026.02.16 12:35:53,410038624,Magic_251101,CRITICAL_TRIM,127.53,122.97,3.58,0,Closed 0 worst trades
2026.02.16 12:35:53,410038624,Magic_251101,CRITICAL_TRIM,127.53,122.97,3.58,0,Closed 0 worst trades
2026.02.16 12:35:53,410038624,Magic_251101,CRITICAL_TRIM,127.53,122.97,3.58,0,Closed 0 worst trades
2026.02.16 12:35:54,410038624,Magic_251101,CRITICAL_TRIM,127.53,122.97,3.58,0,Closed 0 worst trades
2026.02.16 12:35:54,410038624,Magic_251101,CRITICAL_TRIM,127.53,122.97,3.58,0,Closed 0 worst trades
2026.02.16 12:35:55,410038624,Magic_251101,CRITICAL_TRIM,127.53,122.97,3.58,0,Closed 0 worst trades
2026.02.16 12:35:55,410038624,Magic_251101,CRITICAL_TRIM,127.53,122.97,3.58,0,Closed 0 worst trades
2026.02.16 12:35:55,410038624,Magic_251101,CRITICAL_TRIM,127.53,122.97,3.58,0,Closed 0 worst trades
2026.02.16 12:35:55,410038624,Magic_251101,CRITICAL_TRIM,127.53,122.97,3.58,0,Closed 0 worst trades
2026.02.16 12:35:55,410038624,Magic_251101,CRITICAL_TRIM,127.53,122.97,3.58,0,Closed 0 worst trades
2026.02.16 12:35:55,410038624,Magic_251101,CRITICAL_TRIM,127.53,122.97,3.58,0,Closed 0 worst trades
2026.02.16 12:35:55,410038624,Magic_251101,CRITICAL_TRIM,127.53,122.97,3.58,0,Closed 0 worst trades
2026.02.16 12:35:55,410038624,Magic_251101,CRITICAL_TRIM,127.53,122.97,3.58,0,Closed 0 worst trades
2026.02.16 12:35:56,410038624,Magic_251101,CRITICAL_TRIM,127.53,122.97,3.58,0,Closed 0 worst trades
2026.02.16 12:35:56,410038624,Magic_251101,CRITICAL_TRIM,127.53,122.97,3.58,0,Closed 0 worst trades
2026.02.16 12:35:56,410038624,Magic_251101,CRITICAL_TRIM,127.53,122.97,3.58,0,Closed 0 worst trades
2026.02.16 12:35:56,410038624,Magic_251101,CRITICAL_TRIM,127.53,122.97,3.58,0,Closed 0 worst trades
2026.02.16 12:35:56,410038624,Magic_251101,CRITICAL_TRIM,127.53,122.97,3.58,0,Closed 0 worst trades
2026.02.16 12:35:57,410038624,Magic_251101,CRITICAL_TRIM,127.53,122.97,3.58,0,Closed 0 worst trades
2026.02.16 12:35:57,410038624,Magic_251101,CRITICAL_TRIM,127.53,122.97,3.58,0,Closed 0 worst trades
2026.02.16 12:35:57,410038624,Magic_251101,CRITICAL_TRIM,127.53,122.97,3.58,0,Closed 0 worst trades
2026.02.16 12:35:58,410038624,Magic_251101,CRITICAL_TRIM,127.53,122.97,3.58,0,Closed 0 worst trades
2026.02.16 12:35:58,410038624,Magic_251101,CRITICAL_TRIM,127.53,122.97,3.58,0,Closed 0 worst trades
2026.02.16 12:35:58,410038624,Magic_251101,CRITICAL_TRIM,127.53,122.97,3.58,0,Closed 0 worst trades
2026.02.16 12:35:59,410038624,Magic_251101,CRITICAL_TRIM,127.53,122.97,3.58,0,Closed 0 worst trades
2026.02.16 12:35:59,410038624,Magic_251101,CRITICAL_TRIM,127.53,122.97,3.58,0,Closed 0 worst trades
2026.02.16 12:35:59,410038624,Magic_251101,CRITICAL_TRIM,127.53,122.97,3.58,0,Closed 0 worst trades
2026.02.16 12:35:59,410038624,Magic_251101,CRITICAL_TRIM,127.53,122.97,3.58,0,Closed 0 worst trades
2026.02.16 12:35:59,410038624,Magic_251101,CRITICAL_TRIM,127.53,122.97,3.58,0,Closed 0 worst trades
2026.02.16 12:36:00,410038624,Magic_251101,CRITICAL_TRIM,127.53,122.97,3.58,0,Closed 0 worst trades
2026.02.16 12:36:00,410038624,Magic_251101,CRITICAL_TRIM,127.53,122.97,3.58,0,Closed 0 worst trades
2026.02.16 12:36:00,410038624,Magic_251101,CRITICAL_TRIM,127.53,122.97,3.58,0,Closed 0 worst trades
2026.02.16 12:36:00,410038624,Magic_251101,CRITICAL_TRIM,127.53,122.97,3.58,0,Closed 0 worst trades
2026.02.16 12:36:00,410038624,Magic_251101,CRITICAL_TRIM,127.53,122.97,3.58,0,Closed 0 worst trades
2026.02.16 12:36:00,410038624,Magic_251101,CRITICAL_TRIM,127.53,122.97,3.58,0,Closed 0 worst trades
2026.02.16 12:36:00,410038624,Magic_251101,CRITICAL_TRIM,127.53,122.97,3.58,0,Closed 0 worst trades
2026.02.16 12:36:00,410038624,Magic_251101,CRITICAL_TRIM,127.53,122.97,3.58,0,Closed 0 worst trades
2026.02.16 12:36:01,410038624,Magic_251101,CRITICAL_TRIM,127.53,122.97,3.58,0,Closed 0 worst trades
2026.02.16 12:36:01,410038624,Magic_251101,CRITICAL_TRIM,127.53,122.97,3.58,0,Closed 0 worst trades
2026.02.16 12:36:01,410038624,Magic_251101,CRITICAL_TRIM,127.53,122.97,3.58,0,Closed 0 worst trades
2026.02.16 12:36:01,410038624,Magic_251101,CRITICAL_TRIM,127.53,122.97,3.58,0,Closed 0 worst trades
2026.02.16 12:36:01,410038624,Magic_251101,CRITICAL_TRIM,127.53,122.97,3.58,0,Closed 0 worst trades
2026.02.16 12:36:01,410038624,Magic_251101,CRITICAL_TRIM,127.53,122.97,3.58,0,Closed 0 worst trades
2026.02.16 12:36:01,410038624,Magic_251101,CRITICAL_TRIM,127.53,122.97,3.58,0,Closed 0 worst trades
2026.02.16 12:36:02,410038624,Magic_251101,CRITICAL_TRIM,127.53,122.97,3.58,0,Closed 0 worst trades
2026.02.16 12:36:02,410038624,Magic_251101,CRITICAL_TRIM,127.53,122.97,3.58,0,Closed 0 worst trades
2026.02.16 12:36:02,410038624,Magic_251101,CRITICAL_TRIM,127.53,122.97,3.58,0,Closed 0 worst trades
2026.02.16 12:36:02,410038624,Magic_251101,CRITICAL_TRIM,127.53,122.97,3.58,0,Closed 0 worst trades
2026.02.16 12:36:02,410038624,Magic_251101,CRITICAL_TRIM,127.53,122.97,3.58,0,Closed 0 worst trades
2026.02.16 12:36:02,410038624,Magic_251101,CRITICAL_TRIM,127.53,122.97,3.58,0,Closed 0 worst trades
2026.02.16 12:36:03,410038624,Magic_251101,CRITICAL_TRIM,127.53,122.97,3.58,0,Closed 0 worst trades
2026.02.16 12:36:03,410038624,Magic_251101,CRITICAL_TRIM,127.53,122.97,3.58,0,Closed 0 worst trades
2026.02.16 12:36:03,410038624,Magic_251101,CRITICAL_TRIM,127.53,122.97,3.58,0,Closed 0 worst trades
2026.02.16 12:36:03,410038624,Magic_251101,CRITICAL_TRIM,127.53,122.97,3.58,0,Closed 0 worst trades
2026.02.16 12:36:03,410038624,Magic_251101,CRITICAL_TRIM,127.53,122.97,3.58,0,Closed 0 worst trades
2026.02.16 12:36:03,410038624,Magic_251101,CRITICAL_TRIM,127.53,122.97,3.58,0,Closed 0 worst trades
2026.02.16 12:36:03,410038624,Magic_251101,CRITICAL_TRIM,127.53,122.97,3.58,0,Closed 0 worst trades
2026.02.16 12:36:03,410038624,Magic_251101,CRITICAL_TRIM,127.53,122.97,3.58,0,Closed 0 worst trades
2026.02.16 12:36:04,410038624,Magic_251101,CRITICAL_TRIM,127.53,122.97,3.58,0,Closed 0 worst trades
2026.02.16 12:36:04,410038624,Magic_251101,CRITICAL_TRIM,127.53,122.97,3.58,0,Closed 0 worst trades
2026.02.16 12:36:04,410038624,Magic_251101,CRITICAL_TRIM,127.53,122.97,3.58,0,Closed 0 worst trades
2026.02.16 12:36:04,410038624,Magic_251101,CRITICAL_TRIM,127.53,122.97,3.58,0,Closed 0 worst trades
2026.02.16 12:36:04,410038624,Magic_251101,CRITICAL_TRIM,127.53,122.97,3.58,0,Closed 0 worst trades
2026.02.16 12:36:04,410038624,Magic_251101,CRITICAL_TRIM,127.53,122.97,3.58,0,Closed 0 worst trades
2026.02.16 12:36:05,410038624,Magic_251101,CRITICAL_TRIM,127.53,122.97,3.58,0,Closed 0 worst trades
2026.02.16 12:36:05,410038624,Magic_251101,CRITICAL_TRIM,127.53,122.97,3.58,0,Closed 0 worst trades
2026.02.16 12:36:05,410038624,Magic_251101,CRITICAL_TRIM,127.53,122.97,3.58,0,Closed 0 worst trades
2026.02.16 12:36:05,410038624,Magic_251101,CRITICAL_TRIM,127.53,122.97,3.58,0,Closed 0 worst trades
2026.02.16 12:36:05,410038624,Magic_251101,CRITICAL_TRIM,127.53,122.97,3.58,0,Closed 0 worst trades
2026.02.16 12:36:05,410038624,Magic_251101,CRITICAL_TRIM,127.53,122.97,3.58,0,Closed 0 worst trades
2026.02.16 12:36:05,410038624,Magic_251101,CRITICAL_TRIM,127.53,122.97,3.58,0,Closed 0 worst trades
2026.02.16 12:36:05,410038624,Magic_251101,CRITICAL_TRIM,127.53,122.97,3.58,0,Closed 0 worst trades
2026.02.16 12:36:06,410038624,Magic_251101,CRITICAL_TRIM,127.53,122.97,3.58,0,Closed 0 worst trades
2026.02.16 12:36:06,410038624,Magic_251101,CRITICAL_TRIM,127.53,122.97,3.58,0,Closed 0 worst trades
2026.02.16 12:36:06,410038624,Magic_251101,CRITICAL_TRIM,127.53,122.97,3.58,0,Closed 0 worst trades
2026.02.16 12:36:06,410038624,Magic_251101,CRITICAL_TRIM,127.53,122.97,3.58,0,Closed 0 worst trades
2026.02.16 12:36:06,410038624,Magic_251101,CRITICAL_TRIM,127.53,122.97,3.58,0,Closed 0 worst trades
2026.02.16 12:36:06,410038624,Magic_251101,CRITICAL_TRIM,127.53,122.97,3.58,0,Closed 0 worst trades
2026.02.16 12:36:06,410038624,Magic_251101,CRITICAL_TRIM,127.53,122.97,3.58,0,Closed 0 worst trades
2026.02.16 12:36:06,410038624,Magic_251101,CRITICAL_TRIM,127.53,122.97,3.58,0,Closed 0 worst trades
2026.02.16 12:36:07,410038624,Magic_251101,CRITICAL_TRIM,127.53,122.97,3.58,0,Closed 0 worst trades
2026.02.16 12:36:07,410038624,Magic_251101,CRITICAL_TRIM,127.53,122.97,3.58,0,Closed 0 worst trades
2026.02.16 12:36:07,410038624,Magic_251101,CRITICAL_TRIM,127.53,122.97,3.58,0,Closed 0 worst trades
2026.02.16 12:36:07,410038624,Magic_251101,CRITICAL_TRIM,127.53,122.97,3.58,0,Closed 0 worst trades
2026.02.16 12:36:07,410038624,Magic_251101,CRITICAL_TRIM,127.53,122.97,3.58,0,Closed 0 worst trades
2026.02.16 12:36:07,410038624,Magic_251101,CRITICAL_TRIM,127.53,122.97,3.58,0,Closed 0 worst trades
2026.02.16 12:36:08,410038624,Magic_251101,CRITICAL_TRIM,127.53,122.97,3.58,0,Closed 0 worst trades
2026.02.16 12:36:08,410038624,Magic_251101,CRITICAL_TRIM,127.53,122.97,3.58,0,Closed 0 worst trades
2026.02.16 12:36:08,410038624,Magic_251101,CRITICAL_TRIM,127.53,122.97,3.58,0,Closed 0 worst trades
2026.02.16 12:36:08,410038624,Magic_251101,CRITICAL_TRIM,127.53,122.97,3.58,0,Closed 0 worst trades
2026.02.16 12:36:09,410038624,Magic_251101,CRITICAL_TRIM,127.53,122.97,3.58,0,Closed 0 worst trades
2026.02.16 12:36:09,410038624,Magic_251101,CRITICAL_TRIM,127.53,122.97,3.58,0,Closed 0 worst trades
2026.02.16 12:36:10,410038624,Magic_251101,CRITICAL_TRIM,127.53,122.97,3.58,0,Closed 0 worst trades
2026.02.16 12:36:10,410038624,Magic_251101,CRITICAL_TRIM,127.53,122.97,3.58,0,Closed 0 worst trades
2026.02.16 12:36:10,410038624,Magic_251101,CRITICAL_TRIM,127.53,122.97,3.58,0,Closed 0 worst trades
2026.02.16 12:36:10,410038624,Magic_251101,CRITICAL_TRIM,127.53,122.97,3.58,0,Closed 0 worst trades
2026.02.16 12:36:10,410038624,Magic_251101,CRITICAL_TRIM,127.53,122.97,3.58,0,Closed 0 worst trades
2026.02.16 12:36:11,410038624,Magic_251101,CRITICAL_TRIM,127.53,122.97,3.58,0,Closed 0 worst trades
2026.02.16 12:36:11,410038624,Magic_251101,CRITICAL_TRIM,127.53,122.97,3.58,0,Closed 0 worst trades
2026.02.16 12:36:11,410038624,Magic_251101,CRITICAL_TRIM,127.53,122.97,3.58,0,Closed 0 worst trades
2026.02.16 12:36:12,410038624,Magic_251101,CRITICAL_TRIM,127.53,122.97,3.58,0,Closed 0 worst trades
2026.02.16 12:36:12,410038624,Magic_251101,CRITICAL_TRIM,127.53,122.97,3.58,0,Closed 0 worst trades
2026.02.16 12:36:12,410038624,Magic_251101,CRITICAL_TRIM,127.53,122.97,3.58,0,Closed 0 worst trades
2026.02.16 12:36:12,410038624,Magic_251101,CRITICAL_TRIM,127.53,122.97,3.58,0,Closed 0 worst trades
2026.02.16 12:36:12,410038624,Magic_251101,CRITICAL_TRIM,127.53,122.97,3.58,0,Closed 0 worst trades
2026.02.16 12:36:13,410038624,Magic_251101,CRITICAL_TRIM,127.53,122.97,3.58,0,Closed 0 worst trades
2026.02.16 12:36:13,410038624,Magic_251101,CRITICAL_TRIM,127.53,122.97,3.58,0,Closed 0 worst trades
2026.02.16 12:36:13,410038624,Magic_251101,CRITICAL_TRIM,127.53,122.97,3.58,0,Closed 0 worst trades
2026.02.16 12:36:13,410038624,Magic_251101,CRITICAL_TRIM,127.53,122.97,3.58,0,Closed 0 worst trades
2026.02.16 12:36:13,410038624,Magic_251101,CRITICAL_TRIM,127.53,122.97,3.58,0,Closed 0 worst trades
2026.02.16 12:36:14,410038624,Magic_251101,CRITICAL_TRIM,127.53,122.97,3.58,0,Closed 0 worst trades
2026.02.16 12:36:14,410038624,Magic_251101,CRITICAL_TRIM,127.53,122.97,3.58,0,Closed 0 worst trades
2026.02.16 12:36:14,410038624,Magic_251101,CRITICAL_TRIM,127.53,122.97,3.58,0,Closed 0 worst trades
2026.02.16 12:36:14,410038624,Magic_251101,CRITICAL_TRIM,127.53,122.97,3.58,0,Closed 0 worst trades
2026.02.16 12:36:15,410038624,Magic_251101,CRITICAL_TRIM,127.53,122.97,3.58,0,Closed 0 worst trades
2026.02.16 12:36:15,410038624,Magic_251101,CRITICAL_TRIM,127.53,122.97,3.58,0,Closed 0 worst trades
2026.02.16 12:36:15,410038624,Magic_251101,CRITICAL_TRIM,127.53,122.97,3.58,0,Closed 0 worst trades
2026.02.16 12:36:15,410038624,Magic_251101,CRITICAL_TRIM,127.53,122.97,3.58,0,Closed 0 worst trades
2026.02.16 12:36:15,410038624,Magic_251101,CRITICAL_TRIM,127.53,122.97,3.58,0,Closed 0 worst trades
2026.02.16 12:36:16,410038624,Magic_251101,CRITICAL_TRIM,127.53,122.97,3.58,0,Closed 0 worst trades
2026.02.16 12:36:16,410038624,Magic_251101,CRITICAL_TRIM,127.53,122.97,3.58,0,Closed 0 worst trades
2026.02.16 12:36:16,410038624,Magic_251101,CRITICAL_TRIM,127.53,122.97,3.58,0,Closed 0 worst trades
2026.02.16 12:36:16,410038624,Magic_251101,CRITICAL_TRIM,127.53,122.97,3.58,0,Closed 0 worst trades
2026.02.16 12:36:16,410038624,Magic_251101,CRITICAL_TRIM,127.53,122.97,3.58,0,Closed 0 worst trades
2026.02.16 12:36:16,410038624,Magic_251101,CRITICAL_TRIM,127.53,122.97,3.58,0,Closed 0 worst trades
2026.02.16 12:36:16,410038624,Magic_251101,CRITICAL_TRIM,127.53,122.97,3.58,0,Closed 0 worst trades
2026.02.16 12:36:16,410038624,Magic_251101,CRITICAL_TRIM,127.53,122.97,3.58,0,Closed 0 worst trades
2026.02.16 12:36:16,410038624,Magic_251101,CRITICAL_TRIM,127.53,122.97,3.58,0,Closed 0 worst trades
2026.02.16 12:36:16,410038624,Magic_251101,CRITICAL_TRIM,127.53,122.97,3.58,0,Closed 0 worst trades
2026.02.16 12:36:17,410038624,Magic_251101,CRITICAL_TRIM,127.53,122.97,3.58,0,Closed 0 worst trades
2026.02.16 12:36:17,410038624,Magic_251101,CRITICAL_TRIM,127.53,122.97,3.58,0,Closed 0 worst trades
2026.02.16 12:36:17,410038624,Magic_251101,CRITICAL_TRIM,127.53,122.97,3.58,0,Closed 0 worst trades
2026.02.16 12:36:17,410038624,Magic_251101,CRITICAL_TRIM,127.53,122.97,3.58,0,Closed 0 worst trades
2026.02.16 12:36:18,410038624,Magic_251101,CRITICAL_TRIM,127.53,122.97,3.58,0,Closed 0 worst trades
2026.02.16 12:36:18,410038624,Magic_251101,CRITICAL_TRIM,127.53,122.97,3.58,0,Closed 0 worst trades
2026.02.16 12:36:18,410038624,Magic_251101,CRITICAL_TRIM,127.53,122.97,3.58,0,Closed 0 worst trades
2026.02.16 12:36:18,410038624,Magic_251101,CRITICAL_TRIM,127.53,122.97,3.58,0,Closed 0 worst trades
2026.02.16 12:36:18,410038624,Magic_251101,CRITICAL_TRIM,127.53,122.97,3.58,0,Closed 0 worst trades
2026.02.16 12:36:18,410038624,Magic_251101,CRITICAL_TRIM,127.53,122.97,3.58,0,Closed 0 worst trades
2026.02.16 12:36:18,410038624,Magic_251101,CRITICAL_TRIM,127.53,122.97,3.58,0,Closed 0 worst trades
2026.02.16 12:36:18,410038624,Magic_251101,CRITICAL_TRIM,127.53,122.97,3.58,0,Closed 0 worst trades
2026.02.16 12:36:18,410038624,Magic_251101,CRITICAL_TRIM,127.53,122.97,3.58,0,Closed 0 worst trades
2026.02.16 12:36:18,410038624,Magic_251101,CRITICAL_TRIM,127.53,122.97,3.58,0,Closed 0 worst trades
2026.02.16 12:36:19,410038624,Magic_251101,CRITICAL_TRIM,127.53,122.97,3.58,0,Closed 0 worst trades
2026.02.16 12:36:19,410038624,Magic_251101,CRITICAL_TRIM,127.53,122.97,3.58,0,Closed 0 worst trades
2026.02.16 12:36:19,410038624,Magic_251101,CRITICAL_TRIM,127.53,122.97,3.58,0,Closed 0 worst trades
2026.02.16 12:36:19,410038624,Magic_251101,CRITICAL_TRIM,127.53,122.97,3.58,0,Closed 0 worst trades
2026.02.16 12:36:19,410038624,Magic_251101,CRITICAL_TRIM,127.53,122.97,3.58,0,Closed 0 worst trades
2026.02.16 12:36:19,410038624,Magic_251101,CRITICAL_TRIM,127.53,122.97,3.58,0,Closed 0 worst trades
2026.02.16 12:36:19,410038624,Magic_251101,CRITICAL_TRIM,127.53,122.97,3.58,0,Closed 0 worst trades
2026.02.16 12:36:20,410038624,Magic_251101,CRITICAL_TRIM,127.53,122.97,3.58,0,Closed 0 worst trades
2026.02.16 12:36:20,410038624,Magic_251101,CRITICAL_TRIM,127.53,122.97,3.58,0,Closed 0 worst trades
2026.02.16 12:36:20,410038624,Magic_251101,CRITICAL_TRIM,127.53,122.97,3.58,0,Closed 0 worst trades
2026.02.16 12:36:21,410038624,Magic_251101,CRITICAL_TRIM,127.53,122.97,3.58,0,Closed 0 worst trades
2026.02.16 12:36:21,410038624,Magic_251101,CRITICAL_TRIM,127.53,122.97,3.58,0,Closed 0 worst trades
2026.02.16 12:36:21,410038624,Magic_251101,CRITICAL_TRIM,127.53,122.97,3.58,0,Closed 0 worst trades
2026.02.16 12:36:22,410038624,Magic_251101,CRITICAL_TRIM,127.53,122.97,3.58,0,Closed 0 worst trades
2026.02.16 12:36:22,410038624,Magic_251101,CRITICAL_TRIM,127.53,122.97,3.58,0,Closed 0 worst trades
2026.02.16 12:36:22,410038624,Magic_251101,CRITICAL_TRIM,127.53,122.97,3.58,0,Closed 0 worst trades
2026.02.16 12:36:22,410038624,Magic_251101,CRITICAL_TRIM,127.53,122.97,3.58,0,Closed 0 worst trades
2026.02.16 12:36:22,410038624,Magic_251101,CRITICAL_TRIM,127.53,122.97,3.58,0,Closed 0 worst trades
2026.02.16 12:36:23,410038624,Magic_251101,CRITICAL_TRIM,127.53,122.97,3.58,0,Closed 0 worst trades
2026.02.16 12:36:23,410038624,Magic_251101,CRITICAL_TRIM,127.53,122.97,3.58,0,Closed 0 worst trades
2026.02.16 12:36:23,410038624,Magic_251101,CRITICAL_TRIM,127.53,122.97,3.58,0,Closed 0 worst trades
2026.02.16 12:36:24,410038624,Magic_251101,CRITICAL_TRIM,127.53,122.97,3.58,0,Closed 0 worst trades
2026.02.16 12:36:24,410038624,Magic_251101,CRITICAL_TRIM,127.53,122.97,3.58,0,Closed 0 worst trades
2026.02.16 12:36:25,410038624,Magic_251101,CRITICAL_TRIM,127.53,122.97,3.58,0,Closed 0 worst trades
2026.02.16 12:36:25,410038624,Magic_251101,CRITICAL_TRIM,127.53,122.97,3.58,0,Closed 0 worst trades
2026.02.16 12:36:25,410038624,Magic_251101,CRITICAL_TRIM,127.53,122.97,3.58,0,Closed 0 worst trades
2026.02.16 12:36:25,410038624,Magic_251101,CRITICAL_TRIM,127.53,122.97,3.58,0,Closed 0 worst trades
2026.02.16 12:36:26,410038624,Magic_251101,CRITICAL_TRIM,127.53,122.97,3.58,0,Closed 0 worst trades
2026.02.16 12:36:26,410038624,Magic_251101,CRITICAL_TRIM,127.53,122.97,3.58,0,Closed 0 worst trades
2026.02.16 12:36:26,410038624,Magic_251101,CRITICAL_TRIM,127.53,122.97,3.58,0,Closed 0 worst trades
2026.02.16 12:36:26,410038624,Magic_251101,CRITICAL_TRIM,127.53,122.97,3.58,0,Closed 0 worst trades
2026.02.16 12:36:26,410038624,Magic_251101,CRITICAL_TRIM,127.53,122.97,3.58,0,Closed 0 worst trades
2026.02.16 12:36:27,410038624,Magic_251101,CRITICAL_TRIM,127.53,122.97,3.58,0,Closed 0 worst trades
2026.02.16 12:36:28,410038624,Magic_251101,CRITICAL_TRIM,127.53,122.97,3.58,0,Closed 0 worst trades
2026.02.16 12:36:28,410038624,Magic_251101,CRITICAL_TRIM,127.53,122.97,3.58,0,Closed 0 worst trades
2026.02.16 12:36:30,410038624,Magic_251101,CRITICAL_TRIM,127.53,122.97,3.58,0,Closed 0 worst trades
2026.02.16 12:36:31,410038624,Magic_251101,CRITICAL_TRIM,127.53,122.97,3.58,0,Closed 0 worst trades
2026.02.16 12:36:31,410038624,Magic_251101,CRITICAL_TRIM,127.53,122.97,3.58,0,Closed 0 worst trades
2026.02.16 12:36:31,410038624,Magic_251101,CRITICAL_TRIM,127.53,122.97,3.58,0,Closed 0 worst trades
2026.02.16 12:36:31,410038624,Magic_251101,CRITICAL_TRIM,127.53,122.97,3.58,0,Closed 0 worst trades
2026.02.16 12:36:35,410038624,Magic_251101,CRITICAL_TRIM,127.53,122.97,3.58,0,Closed 0 worst trades
2026.02.16 12:36:35,410038624,Magic_251101,CRITICAL_TRIM,127.53,122.97,3.58,0,Closed 0 worst trades
2026.02.16 12:36:39,410038624,Magic_251101,CRITICAL_TRIM,127.53,122.97,3.58,0,Closed 0 worst trades
2026.02.16 12:36:39,410038624,Magic_251101,CRITICAL_TRIM,127.53,122.97,3.58,0,Closed 0 worst trades
2026.02.16 12:36:42,410038624,Magic_251101,CRITICAL_TRIM,127.53,122.97,3.58,0,Closed 0 worst trades
2026.02.16 12:36:42,410038624,Magic_251101,CRITICAL_TRIM,127.53,122.97,3.58,0,Closed 0 worst trades
2026.02.16 12:36:42,410038624,Magic_251101,CRITICAL_TRIM,127.53,122.97,3.58,0,Closed 0 worst trades
2026.02.16 12:36:42,410038624,Magic_251101,CRITICAL_TRIM,127.53,122.97,3.58,0,Closed 0 worst trades
2026.02.16 12:36:43,410038624,Magic_251101,CRITICAL_TRIM,127.53,122.97,3.58,0,Closed 0 worst trades
2026.02.16 12:36:43,410038624,Magic_251101,CRITICAL_TRIM,127.53,122.97,3.58,0,Closed 0 worst trades
2026.02.16 12:36:43,410038624,Magic_251101,CRITICAL_TRIM,127.53,122.97,3.58,0,Closed 0 worst trades
2026.02.16 12:36:45,410038624,Magic_251101,CRITICAL_TRIM,127.53,122.97,3.58,0,Closed 0 worst trades
2026.02.16 12:36:45,410038624,Magic_251101,CRITICAL_TRIM,127.53,122.97,3.58,0,Closed 0 worst trades
2026.02.16 12:36:45,410038624,Magic_251101,CRITICAL_TRIM,127.53,122.97,3.58,0,Closed 0 worst trades
2026.02.16 12:36:46,410038624,Magic_251101,CRITICAL_TRIM,127.53,122.97,3.58,0,Closed 0 worst trades
2026.02.16 12:36:46,410038624,Magic_251101,CRITICAL_TRIM,127.53,122.97,3.58,0,Closed 0 worst trades
2026.02.16 12:36:46,410038624,Magic_251101,CRITICAL_TRIM,127.53,122.97,3.58,0,Closed 0 worst trades
2026.02.16 12:36:47,410038624,Magic_251101,CRITICAL_TRIM,127.53,122.97,3.58,0,Closed 0 worst trades
2026.02.16 12:36:47,410038624,Magic_251101,CRITICAL_TRIM,127.53,122.97,3.58,0,Closed 0 worst trades
2026.02.16 12:36:48,410038624,Magic_251101,CRITICAL_TRIM,127.53,122.97,3.58,0,Closed 0 worst trades
2026.02.16 12:36:48,410038624,Magic_56661955,EMERGENCY_KILLSWITCH,2.28,1.84,19.30,1,"Closed 1 trades, kill switch engaged"
2026.02.16 12:36:48,410038624,Magic_251101,CRITICAL_TRIM,127.53,122.97,3.58,0,Closed 0 worst trades
2026.02.16 12:36:48,410038624,Magic_251101,CRITICAL_TRIM,127.53,122.97,3.58,0,Closed 0 worst trades
2026.02.16 12:36:49,410038624,Magic_251101,CRITICAL_TRIM,127.53,122.97,3.58,0,Closed 0 worst trades
2026.02.16 12:36:49,410038624,Magic_251101,CRITICAL_TRIM,127.53,122.97,3.58,0,Closed 0 worst trades
2026.02.16 12:36:49,410038624,Magic_251101,CRITICAL_TRIM,127.53,122.97,3.58,0,Closed 0 worst trades
2026.02.16 12:36:49,410038624,Magic_251101,CRITICAL_TRIM,127.53,122.97,3.58,0,Closed 0 worst trades
2026.02.16 12:36:49,410038624,Magic_251101,CRITICAL_TRIM,127.53,122.97,3.58,0,Closed 0 worst trades
2026.02.16 12:36:49,410038624,Magic_251101,CRITICAL_TRIM,127.53,122.97,3.58,0,Closed 0 worst trades
2026.02.16 12:36:50,410038624,Magic_251101,CRITICAL_TRIM,127.53,122.97,3.58,0,Closed 0 worst trades
2026.02.16 12:36:50,410038624,Magic_251101,CRITICAL_TRIM,127.53,122.97,3.58,0,Closed 0 worst trades
2026.02.16 12:36:50,410038624,Magic_251101,CRITICAL_TRIM,127.53,122.97,3.58,0,Closed 0 worst trades
2026.02.16 12:36:50,410038624,Magic_251101,CRITICAL_TRIM,127.53,122.97,3.58,0,Closed 0 worst trades
2026.02.16 12:36:51,410038624,Magic_251101,CRITICAL_TRIM,127.53,122.97,3.58,0,Closed 0 worst trades
2026.02.16 12:36:51,410038624,Magic_251101,CRITICAL_TRIM,127.53,122.97,3.58,0,Closed 0 worst trades
2026.02.16 12:36:51,410038624,Magic_251101,CRITICAL_TRIM,127.53,122.97,3.58,0,Closed 0 worst trades
2026.02.16 12:36:51,410038624,Magic_251101,CRITICAL_TRIM,127.53,122.97,3.58,0,Closed 0 worst trades
2026.02.16 12:36:51,410038624,Magic_251101,CRITICAL_TRIM,127.53,122.97,3.58,0,Closed 0 worst trades
2026.02.16 12:36:52,410038624,Magic_251101,CRITICAL_TRIM,127.53,122.97,3.58,0,Closed 0 worst trades
2026.02.16 12:36:53,410038624,Magic_251101,CRITICAL_TRIM,127.53,122.97,3.58,0,Closed 0 worst trades
2026.02.16 12:36:53,410038624,Magic_251101,CRITICAL_TRIM,127.53,122.97,3.58,0,Closed 0 worst trades
2026.02.16 12:36:53,410038624,Magic_251101,CRITICAL_TRIM,127.53,122.97,3.58,0,Closed 0 worst trades
2026.02.16 12:36:54,410038624,Magic_251101,CRITICAL_TRIM,127.53,122.97,3.58,0,Closed 0 worst trades
2026.02.16 12:36:54,410038624,Magic_251101,CRITICAL_TRIM,127.53,122.97,3.58,0,Closed 0 worst trades
2026.02.16 12:36:54,410038624,Magic_251101,CRITICAL_TRIM,127.53,122.97,3.58,0,Closed 0 worst trades
2026.02.16 12:36:54,410038624,Magic_251101,CRITICAL_TRIM,127.53,122.97,3.58,0,Closed 0 worst trades
2026.02.16 12:36:54,410038624,Magic_251101,CRITICAL_TRIM,127.53,122.97,3.58,0,Closed 0 worst trades
2026.02.16 12:36:54,410038624,Magic_251101,CRITICAL_TRIM,127.53,122.97,3.58,0,Closed 0 worst trades
2026.02.16 12:36:54,410038624,Magic_251101,CRITICAL_TRIM,127.53,122.97,3.58,0,Closed 0 worst trades
2026.02.16 12:36:54,410038624,Magic_251101,CRITICAL_TRIM,127.53,122.97,3.58,0,Closed 0 worst trades
2026.02.16 12:36:54,410038624,Magic_251101,CRITICAL_TRIM,127.53,122.97,3.58,0,Closed 0 worst trades
2026.02.16 12:36:55,410038624,Magic_251101,CRITICAL_TRIM,127.53,122.97,3.58,0,Closed 0 worst trades
2026.02.16 12:36:55,410038624,Magic_251101,CRITICAL_TRIM,127.53,122.97,3.58,0,Closed 0 worst trades
2026.02.16 12:36:55,410038624,Magic_251101,CRITICAL_TRIM,127.53,122.97,3.58,0,Closed 0 worst trades
2026.02.16 12:36:55,410038624,Magic_251101,CRITICAL_TRIM,127.53,122.97,3.58,0,Closed 0 worst trades
2026.02.16 12:36:55,410038624,Magic_251101,CRITICAL_TRIM,127.53,122.97,3.58,0,Closed 0 worst trades
2026.02.16 12:36:56,410038624,Magic_251101,CRITICAL_TRIM,127.53,122.97,3.58,0,Closed 0 worst trades
2026.02.16 12:36:56,410038624,Magic_251101,CRITICAL_TRIM,127.53,122.97,3.58,0,Closed 0 worst trades
2026.02.16 12:36:56,410038624,Magic_251101,CRITICAL_TRIM,127.53,122.97,3.58,0,Closed 0 worst trades
2026.02.16 12:36:56,410038624,Magic_251101,CRITICAL_TRIM,127.53,122.97,3.58,0,Closed 0 worst trades
2026.02.16 12:36:57,410038624,Magic_251101,CRITICAL_TRIM,127.53,122.97,3.58,0,Closed 0 worst trades
2026.02.16 12:36:57,410038624,Magic_251101,CRITICAL_TRIM,127.53,122.97,3.58,0,Closed 0 worst trades
2026.02.16 12:36:58,410038624,Magic_251101,CRITICAL_TRIM,127.53,122.97,3.58,0,Closed 0 worst trades
2026.02.16 12:36:58,410038624,Magic_251101,CRITICAL_TRIM,127.53,122.97,3.58,0,Closed 0 worst trades
2026.02.16 12:36:58,410038624,Magic_251101,CRITICAL_TRIM,127.53,122.97,3.58,0,Closed 0 worst trades
2026.02.16 12:36:58,410038624,Magic_251101,CRITICAL_TRIM,127.53,122.97,3.58,0,Closed 0 worst trades
2026.02.16 12:36:59,410038624,Magic_251101,CRITICAL_TRIM,127.53,122.97,3.58,0,Closed 0 worst trades
2026.02.16 12:36:59,410038624,Magic_251101,CRITICAL_TRIM,127.53,122.97,3.58,0,Closed 0 worst trades
2026.02.16 12:36:59,410038624,Magic_251101,CRITICAL_TRIM,127.53,122.97,3.58,0,Closed 0 worst trades
2026.02.16 12:36:59,410038624,Magic_251101,CRITICAL_TRIM,127.53,122.97,3.58,0,Closed 0 worst trades
2026.02.16 12:36:59,410038624,Magic_251101,CRITICAL_TRIM,127.53,122.97,3.58,0,Closed 0 worst trades
2026.02.16 12:36:59,410038624,Magic_251101,CRITICAL_TRIM,127.53,122.97,3.58,0,Closed 0 worst trades
2026.02.16 12:37:00,410038624,Magic_251101,CRITICAL_TRIM,127.53,122.97,3.58,0,Closed 0 worst trades
2026.02.16 12:37:00,410038624,Magic_251101,CRITICAL_TRIM,127.53,122.97,3.58,0,Closed 0 worst trades
2026.02.16 12:37:00,410038624,Magic_251101,CRITICAL_TRIM,127.53,122.97,3.58,0,Closed 0 worst trades
2026.02.16 12:37:00,410038624,Magic_251101,CRITICAL_TRIM,127.53,122.97,3.58,0,Closed 0 worst trades
2026.02.16 12:37:01,410038624,Magic_251101,CRITICAL_TRIM,127.53,122.97,3.58,0,Closed 0 worst trades
2026.02.16 12:37:01,410038624,Magic_251101,CRITICAL_TRIM,127.53,122.97,3.58,0,Closed 0 worst trades
2026.02.16 12:37:01,410038624,Magic_251101,CRITICAL_TRIM,127.53,122.97,3.58,0,Closed 0 worst trades
2026.02.16 12:37:01,410038624,Magic_251101,CRITICAL_TRIM,127.53,122.97,3.58,0,Closed 0 worst trades
2026.02.16 12:37:02,410038624,Magic_251101,CRITICAL_TRIM,127.53,122.97,3.58,0,Closed 0 worst trades
2026.02.16 12:37:02,410038624,Magic_251101,CRITICAL_TRIM,127.53,122.97,3.58,0,Closed 0 worst trades
2026.02.16 12:37:02,410038624,Magic_251101,CRITICAL_TRIM,127.53,122.97,3.58,0,Closed 0 worst trades
2026.02.16 12:37:02,410038624,Magic_251101,CRITICAL_TRIM,127.53,122.97,3.58,0,Closed 0 worst trades
2026.02.16 12:37:02,410038624,Magic_251101,CRITICAL_TRIM,127.53,122.97,3.58,0,Closed 0 worst trades
2026.02.16 12:37:02,410038624,Magic_251101,CRITICAL_TRIM,127.53,122.97,3.58,0,Closed 0 worst trades
2026.02.16 12:37:02,410038624,Magic_251101,CRITICAL_TRIM,127.53,122.97,3.58,0,Closed 0 worst trades
2026.02.16 12:37:02,410038624,Magic_251101,CRITICAL_TRIM,127.53,122.97,3.58,0,Closed 0 worst trades
2026.02.16 12:37:03,410038624,Magic_251101,CRITICAL_TRIM,127.53,122.97,3.58,0,Closed 0 worst trades
2026.02.16 12:37:03,410038624,Magic_251101,CRITICAL_TRIM,127.53,122.97,3.58,0,Closed 0 worst trades
2026.02.16 12:37:03,410038624,Magic_251101,CRITICAL_TRIM,127.53,122.97,3.58,0,Closed 0 worst trades
2026.02.16 12:37:03,410038624,Magic_251101,CRITICAL_TRIM,127.53,122.97,3.58,0,Closed 0 worst trades
2026.02.16 12:37:03,410038624,Magic_251101,CRITICAL_TRIM,127.53,122.97,3.58,0,Closed 0 worst trades
2026.02.16 12:37:04,410038624,Magic_251101,CRITICAL_TRIM,127.53,122.97,3.58,0,Closed 0 worst trades
2026.02.16 12:37:04,410038624,Magic_251101,CRITICAL_TRIM,127.53,122.97,3.58,0,Closed 0 worst trades
2026.02.16 12:37:04,410038624,Magic_251101,CRITICAL_TRIM,127.53,122.97,3.58,0,Closed 0 worst trades
2026.02.16 12:37:04,410038624,Magic_251101,CRITICAL_TRIM,127.53,122.97,3.58,0,Closed 0 worst trades
2026.02.16 12:37:05,410038624,Magic_251101,CRITICAL_TRIM,127.53,122.97,3.58,0,Closed 0 worst trades
2026.02.16 12:37:05,410038624,Magic_251101,CRITICAL_TRIM,127.53,122.97,3.58,0,Closed 0 worst trades
2026.02.16 12:37:05,410038624,Magic_251101,CRITICAL_TRIM,127.53,122.97,3.58,0,Closed 0 worst trades
2026.02.16 12:37:06,410038624,Magic_251101,CRITICAL_TRIM,127.53,122.97,3.58,0,Closed 0 worst trades
2026.02.16 12:37:06,410038624,Magic_251101,CRITICAL_TRIM,127.53,122.97,3.58,0,Closed 0 worst trades
2026.02.16 12:37:06,410038624,Magic_251101,CRITICAL_TRIM,127.53,122.97,3.58,0,Closed 0 worst trades
2026.02.16 12:37:06,410038624,Magic_251101,CRITICAL_TRIM,127.53,122.97,3.58,0,Closed 0 worst trades
2026.02.16 12:37:06,410038624,Magic_251101,CRITICAL_TRIM,127.53,122.97,3.58,0,Closed 0 worst trades
2026.02.16 12:37:06,410038624,Magic_251101,CRITICAL_TRIM,127.53,122.97,3.58,0,Closed 0 worst trades
2026.02.16 12:37:06,410038624,Magic_251101,CRITICAL_TRIM,127.53,122.97,3.58,0,Closed 0 worst trades
2026.02.16 12:37:06,410038624,Magic_251101,CRITICAL_TRIM,127.53,122.97,3.58,0,Closed 0 worst trades
2026.02.16 12:37:06,410038624,Magic_251101,CRITICAL_TRIM,127.53,122.97,3.58,0,Closed 0 worst trades
2026.02.16 12:37:07,410038624,Magic_251101,CRITICAL_TRIM,127.53,122.97,3.58,0,Closed 0 worst trades
2026.02.16 12:37:07,410038624,Magic_251101,CRITICAL_TRIM,127.53,122.97,3.58,0,Closed 0 worst trades
2026.02.16 12:37:07,410038624,Magic_251101,CRITICAL_TRIM,127.53,122.97,3.58,0,Closed 0 worst trades
2026.02.16 12:37:07,410038624,Magic_251101,CRITICAL_TRIM,127.53,122.97,3.58,0,Closed 0 worst trades
2026.02.16 12:37:07,410038624,Magic_251101,CRITICAL_TRIM,127.53,122.97,3.58,0,Closed 0 worst trades
2026.02.16 12:37:07,410038624,Magic_251101,CRITICAL_TRIM,127.53,122.97,3.58,0,Closed 0 worst trades
2026.02.16 12:37:07,410038624,Magic_251101,CRITICAL_TRIM,127.53,122.97,3.58,0,Closed 0 worst trades
2026.02.16 12:37:08,410038624,Magic_251101,CRITICAL_TRIM,127.53,122.97,3.58,0,Closed 0 worst trades
2026.02.16 12:37:08,410038624,Magic_251101,CRITICAL_TRIM,127.53,122.97,3.58,0,Closed 0 worst trades
2026.02.16 12:37:08,410038624,Magic_251101,CRITICAL_TRIM,127.53,122.97,3.58,0,Closed 0 worst trades
2026.02.16 12:37:08,410038624,Magic_251101,CRITICAL_TRIM,127.53,122.97,3.58,0,Closed 0 worst trades
2026.02.16 12:37:08,410038624,Magic_251101,CRITICAL_TRIM,127.53,122.97,3.58,0,Closed 0 worst trades
2026.02.16 12:37:08,410038624,Magic_251101,CRITICAL_TRIM,127.53,122.97,3.58,0,Closed 0 worst trades
2026.02.16 12:37:08,410038624,Magic_251101,CRITICAL_TRIM,127.53,122.97,3.58,0,Closed 0 worst trades
2026.02.16 12:37:09,410038624,Magic_251101,CRITICAL_TRIM,127.53,122.97,3.58,0,Closed 0 worst trades
2026.02.16 12:37:09,410038624,Magic_251101,CRITICAL_TRIM,127.53,122.97,3.58,0,Closed 0 worst trades
2026.02.16 12:37:09,410038624,Magic_251101,CRITICAL_TRIM,127.53,122.97,3.58,0,Closed 0 worst trades
2026.02.16 12:37:09,410038624,Magic_251101,CRITICAL_TRIM,127.53,122.97,3.58,0,Closed 0 worst trades
2026.02.16 12:37:09,410038624,Magic_251101,CRITICAL_TRIM,127.53,122.97,3.58,0,Closed 0 worst trades
2026.02.16 12:37:09,410038624,Magic_251101,CRITICAL_TRIM,127.53,122.97,3.58,0,Closed 0 worst trades
2026.02.16 12:37:09,410038624,Magic_251101,CRITICAL_TRIM,127.53,122.97,3.58,0,Closed 0 worst trades
2026.02.16 12:37:09,410038624,Magic_251101,CRITICAL_TRIM,127.53,122.97,3.58,0,Closed 0 worst trades
2026.02.16 12:37:09,410038624,Magic_251101,CRITICAL_TRIM,127.53,122.97,3.58,0,Closed 0 worst trades
2026.02.16 12:37:10,410038624,Magic_251101,CRITICAL_TRIM,127.53,122.97,3.58,0,Closed 0 worst trades
2026.02.16 12:37:10,410038624,Magic_251101,CRITICAL_TRIM,127.53,122.97,3.58,0,Closed 0 worst trades
2026.02.16 12:37:10,410038624,Magic_251101,CRITICAL_TRIM,127.53,122.97,3.58,0,Closed 0 worst trades
2026.02.16 12:37:10,410038624,Magic_251101,CRITICAL_TRIM,127.53,122.97,3.58,0,Closed 0 worst trades
2026.02.16 12:37:10,410038624,Magic_251101,CRITICAL_TRIM,127.53,122.97,3.58,0,Closed 0 worst trades
2026.02.16 12:37:11,410038624,Magic_251101,CRITICAL_TRIM,127.53,122.97,3.58,0,Closed 0 worst trades
2026.02.16 12:37:11,410038624,Magic_251101,CRITICAL_TRIM,127.53,122.97,3.58,0,Closed 0 worst trades
2026.02.16 12:37:11,410038624,Magic_251101,CRITICAL_TRIM,127.53,122.97,3.58,0,Closed 0 worst trades
2026.02.16 12:37:11,410038624,Magic_251101,CRITICAL_TRIM,127.53,122.97,3.58,0,Closed 0 worst trades
2026.02.16 12:37:12,410038624,Magic_251101,CRITICAL_TRIM,127.53,122.97,3.58,0,Closed 0 worst trades
2026.02.16 12:37:14,410038624,Magic_251101,CRITICAL_TRIM,127.53,122.97,3.58,0,Closed 0 worst trades
2026.02.16 12:37:14,410038624,Magic_251101,CRITICAL_TRIM,127.53,122.97,3.58,0,Closed 0 worst trades
2026.02.16 12:37:14,410038624,Magic_251101,CRITICAL_TRIM,127.53,122.97,3.58,0,Closed 0 worst trades
2026.02.16 12:37:14,410038624,Magic_251101,CRITICAL_TRIM,127.53,122.97,3.58,0,Closed 0 worst trades
2026.02.16 12:37:14,410038624,Magic_251101,CRITICAL_TRIM,127.53,122.97,3.58,0,Closed 0 worst trades
2026.02.16 12:37:14,410038624,Magic_251101,CRITICAL_TRIM,127.53,122.97,3.58,0,Closed 0 worst trades
2026.02.16 12:37:14,410038624,Magic_251101,CRITICAL_TRIM,127.53,122.97,3.58,0,Closed 0 worst trades
2026.02.16 12:37:15,410038624,Magic_251101,CRITICAL_TRIM,127.53,122.97,3.58,0,Closed 0 worst trades
2026.02.16 12:37:15,410038624,Magic_251101,CRITICAL_TRIM,127.53,122.97,3.58,0,Closed 0 worst trades
2026.02.16 12:37:15,410038624,Magic_251101,CRITICAL_TRIM,127.53,122.97,3.58,0,Closed 0 worst trades
2026.02.16 12:37:15,410038624,Magic_251101,CRITICAL_TRIM,127.53,122.97,3.58,0,Closed 0 worst trades
2026.02.16 12:37:15,410038624,Magic_251101,CRITICAL_TRIM,127.53,122.97,3.58,0,Closed 0 worst trades
2026.02.16 12:37:16,410038624,Magic_251101,CRITICAL_TRIM,127.53,122.97,3.58,0,Closed 0 worst trades
2026.02.16 12:37:16,410038624,Magic_251101,CRITICAL_TRIM,127.53,122.97,3.58,0,Closed 0 worst trades
2026.02.16 12:37:16,410038624,Magic_251101,CRITICAL_TRIM,127.53,122.97,3.58,0,Closed 0 worst trades
2026.02.16 12:37:17,410038624,Magic_251101,CRITICAL_TRIM,127.53,122.97,3.58,0,Closed 0 worst trades
2026.02.16 12:37:17,410038624,Magic_251101,CRITICAL_TRIM,127.53,122.97,3.58,0,Closed 0 worst trades
2026.02.16 12:37:17,410038624,Magic_251101,CRITICAL_TRIM,127.53,122.97,3.58,0,Closed 0 worst trades
2026.02.16 12:37:17,410038624,Magic_251101,CRITICAL_TRIM,127.53,122.97,3.58,0,Closed 0 worst trades
2026.02.16 12:37:18,410038624,Magic_251101,CRITICAL_TRIM,127.53,122.97,3.58,0,Closed 0 worst trades
2026.02.16 12:37:18,410038624,Magic_251101,CRITICAL_TRIM,127.53,122.97,3.58,0,Closed 0 worst trades
2026.02.16 12:37:18,410038624,Magic_251101,CRITICAL_TRIM,127.53,122.97,3.58,0,Closed 0 worst trades
2026.02.16 12:37:18,410038624,Magic_251101,CRITICAL_TRIM,127.53,122.97,3.58,0,Closed 0 worst trades
2026.02.16 12:37:18,410038624,Magic_251101,CRITICAL_TRIM,127.53,122.97,3.58,0,Closed 0 worst trades
2026.02.16 12:37:18,410038624,Magic_251101,CRITICAL_TRIM,127.53,122.97,3.58,0,Closed 0 worst trades
2026.02.16 12:37:19,410038624,Magic_251101,CRITICAL_TRIM,127.53,122.97,3.58,0,Closed 0 worst trades
2026.02.16 12:37:19,410038624,Magic_251101,CRITICAL_TRIM,127.53,122.97,3.58,0,Closed 0 worst trades
2026.02.16 12:37:19,410038624,Magic_251101,CRITICAL_TRIM,127.53,122.97,3.58,0,Closed 0 worst trades
2026.02.16 12:37:19,410038624,Magic_251101,CRITICAL_TRIM,127.53,122.97,3.58,0,Closed 0 worst trades
2026.02.16 12:37:19,410038624,Magic_251101,CRITICAL_TRIM,127.53,122.97,3.58,0,Closed 0 worst trades
2026.02.16 12:37:20,410038624,Magic_251101,CRITICAL_TRIM,127.53,122.97,3.58,0,Closed 0 worst trades
2026.02.16 12:37:20,410038624,Magic_251101,CRITICAL_TRIM,127.53,122.97,3.58,0,Closed 0 worst trades
2026.02.16 12:37:20,410038624,Magic_251101,CRITICAL_TRIM,127.53,122.97,3.58,0,Closed 0 worst trades
2026.02.16 12:37:20,410038624,Magic_251101,CRITICAL_TRIM,127.53,122.97,3.58,0,Closed 0 worst trades
2026.02.16 12:37:21,410038624,Magic_251101,CRITICAL_TRIM,127.53,122.97,3.58,0,Closed 0 worst trades
2026.02.16 12:37:21,410038624,Magic_251101,CRITICAL_TRIM,127.53,122.97,3.58,0,Closed 0 worst trades
2026.02.16 12:37:21,410038624,Magic_251101,CRITICAL_TRIM,127.53,122.97,3.58,0,Closed 0 worst trades
2026.02.16 12:37:21,410038624,Magic_251101,CRITICAL_TRIM,127.53,122.97,3.58,0,Closed 0 worst trades
2026.02.16 12:37:21,410038624,Magic_251101,CRITICAL_TRIM,127.53,122.97,3.58,0,Closed 0 worst trades
2026.02.16 12:37:22,410038624,Magic_251101,CRITICAL_TRIM,127.53,122.97,3.58,0,Closed 0 worst trades
2026.02.16 12:37:22,410038624,Magic_251101,CRITICAL_TRIM,127.53,122.97,3.58,0,Closed 0 worst trades
2026.02.16 12:37:22,410038624,Magic_251101,CRITICAL_TRIM,127.53,122.97,3.58,0,Closed 0 worst trades
2026.02.16 12:37:22,410038624,Magic_251101,CRITICAL_TRIM,127.53,122.97,3.58,0,Closed 0 worst trades
2026.02.16 12:37:22,410038624,Magic_251101,CRITICAL_TRIM,127.53,122.97,3.58,0,Closed 0 worst trades
2026.02.16 12:37:22,410038624,Magic_251101,CRITICAL_TRIM,127.53,122.97,3.58,0,Closed 0 worst trades
2026.02.16 12:37:22,410038624,Magic_251101,CRITICAL_TRIM,127.53,122.97,3.58,0,Closed 0 worst trades
2026.02.16 12:37:22,410038624,Magic_251101,CRITICAL_TRIM,127.53,122.97,3.58,0,Closed 0 worst trades
2026.02.16 12:37:22,410038624,Magic_251101,CRITICAL_TRIM,127.53,122.97,3.58,0,Closed 0 worst trades
2026.02.16 12:37:23,410038624,Magic_251101,CRITICAL_TRIM,127.53,122.97,3.58,0,Closed 0 worst trades
2026.02.16 12:37:23,410038624,Magic_251101,CRITICAL_TRIM,127.53,122.97,3.58,0,Closed 0 worst trades
2026.02.16 12:37:23,410038624,Magic_251101,CRITICAL_TRIM,127.53,122.97,3.58,0,Closed 0 worst trades
2026.02.16 12:37:23,410038624,Magic_251101,CRITICAL_TRIM,127.53,122.97,3.58,0,Closed 0 worst trades
2026.02.16 12:37:23,410038624,Magic_251101,CRITICAL_TRIM,127.53,122.97,3.58,0,Closed 0 worst trades
2026.02.16 12:37:23,410038624,Magic_251101,CRITICAL_TRIM,127.53,122.97,3.58,0,Closed 0 worst trades
2026.02.16 12:37:24,410038624,Magic_251101,CRITICAL_TRIM,127.53,122.97,3.58,0,Closed 0 worst trades
2026.02.16 12:37:24,410038624,Magic_251101,CRITICAL_TRIM,127.53,122.97,3.58,0,Closed 0 worst trades
2026.02.16 12:37:24,410038624,Magic_251101,CRITICAL_TRIM,127.53,122.97,3.58,0,Closed 0 worst trades
2026.02.16 12:37:24,410038624,Magic_251101,CRITICAL_TRIM,127.53,122.97,3.58,0,Closed 0 worst trades
2026.02.16 12:37:24,410038624,Magic_251101,CRITICAL_TRIM,127.53,122.97,3.58,0,Closed 0 worst trades
2026.02.16 12:37:25,410038624,Magic_251101,CRITICAL_TRIM,127.53,122.97,3.58,0,Closed 0 worst trades
2026.02.16 12:37:25,410038624,Magic_251101,CRITICAL_TRIM,127.53,122.97,3.58,0,Closed 0 worst trades
2026.02.16 12:37:26,410038624,Magic_251101,CRITICAL_TRIM,127.53,122.97,3.58,0,Closed 0 worst trades
2026.02.16 12:37:26,410038624,Magic_251101,CRITICAL_TRIM,127.53,122.97,3.58,0,Closed 0 worst trades
2026.02.16 12:37:26,410038624,Magic_251101,CRITICAL_TRIM,127.53,122.97,3.58,0,Closed 0 worst trades
2026.02.16 12:37:26,410038624,Magic_251101,CRITICAL_TRIM,127.53,122.97,3.58,0,Closed 0 worst trades
2026.02.16 12:37:26,410038624,Magic_251101,CRITICAL_TRIM,127.53,122.97,3.58,0,Closed 0 worst trades
2026.02.16 12:37:26,410038624,Magic_251101,CRITICAL_TRIM,127.53,122.97,3.58,0,Closed 0 worst trades
2026.02.16 12:37:27,410038624,Magic_251101,CRITICAL_TRIM,127.53,122.97,3.58,0,Closed 0 worst trades
2026.02.16 12:37:27,410038624,Magic_251101,CRITICAL_TRIM,127.53,122.97,3.58,0,Closed 0 worst trades
2026.02.16 12:37:27,410038624,Magic_251101,CRITICAL_TRIM,127.53,122.97,3.58,0,Closed 0 worst trades
2026.02.16 12:37:27,410038624,Magic_251101,CRITICAL_TRIM,127.53,122.97,3.58,0,Closed 0 worst trades
2026.02.16 12:37:27,410038624,Magic_251101,CRITICAL_TRIM,127.53,122.97,3.58,0,Closed 0 worst trades
2026.02.16 12:37:27,410038624,Magic_251101,CRITICAL_TRIM,127.53,122.97,3.58,0,Closed 0 worst trades
2026.02.16 12:37:27,410038624,Magic_251101,CRITICAL_TRIM,127.53,122.97,3.58,0,Closed 0 worst trades
2026.02.16 12:37:28,410038624,Magic_251101,CRITICAL_TRIM,127.53,122.97,3.58,0,Closed 0 worst trades
2026.02.16 12:37:28,410038624,Magic_251101,CRITICAL_TRIM,127.53,122.97,3.58,0,Closed 0 worst trades
2026.02.16 12:37:28,410038624,Magic_251101,CRITICAL_TRIM,127.53,122.97,3.58,0,Closed 0 worst trades
2026.02.16 12:37:28,410038624,Magic_251101,CRITICAL_TRIM,127.53,122.97,3.58,0,Closed 0 worst trades
2026.02.16 12:37:29,410038624,Magic_251101,CRITICAL_TRIM,127.53,122.97,3.58,0,Closed 0 worst trades
2026.02.16 12:37:29,410038624,Magic_251101,CRITICAL_TRIM,127.53,122.97,3.58,0,Closed 0 worst trades
2026.02.16 12:37:29,410038624,Magic_251101,CRITICAL_TRIM,127.53,122.97,3.58,0,Closed 0 worst trades
2026.02.16 12:37:30,410038624,Magic_251101,CRITICAL_TRIM,127.53,122.97,3.58,0,Closed 0 worst trades
2026.02.16 12:37:30,410038624,Magic_251101,CRITICAL_TRIM,127.53,122.97,3.58,0,Closed 0 worst trades
2026.02.16 12:37:30,410038624,Magic_251101,CRITICAL_TRIM,127.53,122.97,3.58,0,Closed 0 worst trades
2026.02.16 12:37:30,410038624,Magic_251101,CRITICAL_TRIM,127.53,122.97,3.58,0,Closed 0 worst trades
2026.02.16 12:37:31,410038624,Magic_251101,CRITICAL_TRIM,127.53,122.97,3.58,0,Closed 0 worst trades
2026.02.16 12:37:31,410038624,Magic_251101,CRITICAL_TRIM,127.53,122.97,3.58,0,Closed 0 worst trades
2026.02.16 12:37:31,410038624,Magic_251101,CRITICAL_TRIM,127.53,122.97,3.58,0,Closed 0 worst trades
2026.02.16 12:37:31,410038624,Magic_251101,CRITICAL_TRIM,127.53,122.97,3.58,0,Closed 0 worst trades
2026.02.16 12:37:31,410038624,Magic_251101,CRITICAL_TRIM,127.53,122.97,3.58,0,Closed 0 worst trades
2026.02.16 12:37:31,410038624,Magic_251101,CRITICAL_TRIM,127.53,122.97,3.58,0,Closed 0 worst trades
2026.02.16 12:37:32,410038624,Magic_251101,CRITICAL_TRIM,127.53,122.97,3.58,0,Closed 0 worst trades
2026.02.16 12:37:32,410038624,Magic_251101,CRITICAL_TRIM,127.53,122.97,3.58,0,Closed 0 worst trades
2026.02.16 12:37:32,410038624,Magic_251101,CRITICAL_TRIM,127.53,122.97,3.58,0,Closed 0 worst trades
2026.02.16 12:37:33,410038624,Magic_251101,CRITICAL_TRIM,127.53,122.97,3.58,0,Closed 0 worst trades
2026.02.16 12:37:33,410038624,Magic_251101,CRITICAL_TRIM,127.53,122.97,3.58,0,Closed 0 worst trades
2026.02.16 12:37:33,410038624,Magic_251101,CRITICAL_TRIM,127.53,122.97,3.58,0,Closed 0 worst trades
2026.02.16 12:37:33,410038624,Magic_251101,CRITICAL_TRIM,127.53,122.97,3.58,0,Closed 0 worst trades
2026.02.16 12:37:34,410038624,Magic_251101,CRITICAL_TRIM,127.53,122.97,3.58,0,Closed 0 worst trades
2026.02.16 12:37:34,410038624,Magic_251101,CRITICAL_TRIM,127.53,122.97,3.58,0,Closed 0 worst trades
2026.02.16 12:37:35,410038624,Magic_251101,CRITICAL_TRIM,127.53,122.97,3.58,0,Closed 0 worst trades
2026.02.16 12:37:35,410038624,Magic_251101,CRITICAL_TRIM,127.53,122.97,3.58,0,Closed 0 worst trades
2026.02.16 12:37:35,410038624,Magic_251101,CRITICAL_TRIM,127.53,122.97,3.58,0,Closed 0 worst trades
2026.02.16 12:37:36,410038624,Magic_251101,CRITICAL_TRIM,127.53,122.97,3.58,0,Closed 0 worst trades
2026.02.16 12:37:39,410038624,Magic_251101,CRITICAL_TRIM,127.53,122.97,3.58,0,Closed 0 worst trades
2026.02.16 12:37:39,410038624,Magic_251101,CRITICAL_TRIM,127.53,122.97,3.58,0,Closed 0 worst trades
2026.02.16 12:37:39,410038624,Magic_251101,CRITICAL_TRIM,127.53,122.97,3.58,0,Closed 0 worst trades
2026.02.16 12:37:40,410038624,Magic_251101,CRITICAL_TRIM,127.53,122.97,3.58,0,Closed 0 worst trades
2026.02.16 12:37:40,410038624,Magic_251101,CRITICAL_TRIM,127.53,122.97,3.58,0,Closed 0 worst trades
2026.02.16 12:37:40,410038624,Magic_251101,CRITICAL_TRIM,127.53,122.97,3.58,0,Closed 0 worst trades
2026.02.16 12:37:40,410038624,Magic_251101,CRITICAL_TRIM,127.53,122.97,3.58,0,Closed 0 worst trades
2026.02.16 12:37:40,410038624,Magic_251101,CRITICAL_TRIM,127.53,122.97,3.58,0,Closed 0 worst trades
2026.02.16 12:37:41,410038624,Magic_251101,CRITICAL_TRIM,127.53,122.97,3.58,0,Closed 0 worst trades
2026.02.16 12:37:41,410038624,Magic_251101,CRITICAL_TRIM,127.53,122.97,3.58,0,Closed 0 worst trades
2026.02.16 12:37:42,410038624,Magic_251101,CRITICAL_TRIM,127.53,122.97,3.58,0,Closed 0 worst trades
2026.02.16 12:37:42,410038624,Magic_251101,CRITICAL_TRIM,127.53,122.97,3.58,0,Closed 0 worst trades
2026.02.16 12:37:43,410038624,Magic_251101,CRITICAL_TRIM,127.53,122.97,3.58,0,Closed 0 worst trades
2026.02.16 12:37:43,410038624,Magic_251101,CRITICAL_TRIM,127.53,122.97,3.58,0,Closed 0 worst trades
2026.02.16 12:37:43,410038624,Magic_251101,CRITICAL_TRIM,127.53,122.97,3.58,0,Closed 0 worst trades
2026.02.16 12:37:43,410038624,Magic_251101,CRITICAL_TRIM,127.53,122.97,3.58,0,Closed 0 worst trades
2026.02.16 12:37:43,410038624,Magic_251101,CRITICAL_TRIM,127.53,122.97,3.58,0,Closed 0 worst trades
2026.02.16 12:37:43,410038624,Magic_251101,CRITICAL_TRIM,127.53,122.97,3.58,0,Closed 0 worst trades
2026.02.16 12:37:44,410038624,Magic_251101,CRITICAL_TRIM,127.53,122.97,3.58,0,Closed 0 worst trades
2026.02.16 12:37:44,410038624,Magic_251101,CRITICAL_TRIM,127.53,122.97,3.58,0,Closed 0 worst trades
2026.02.16 12:37:44,410038624,Magic_251101,CRITICAL_TRIM,127.53,122.97,3.58,0,Closed 0 worst trades
2026.02.16 12:37:44,410038624,Magic_251101,CRITICAL_TRIM,127.53,122.97,3.58,0,Closed 0 worst trades
2026.02.16 12:37:44,410038624,Magic_251101,CRITICAL_TRIM,127.53,122.97,3.58,0,Closed 0 worst trades
2026.02.16 12:37:45,410038624,Magic_251101,CRITICAL_TRIM,127.53,122.97,3.58,0,Closed 0 worst trades
2026.02.16 12:37:45,410038624,Magic_251101,CRITICAL_TRIM,127.53,122.97,3.58,0,Closed 0 worst trades
2026.02.16 12:37:45,410038624,Magic_251101,CRITICAL_TRIM,127.53,122.97,3.58,0,Closed 0 worst trades
2026.02.16 12:37:45,410038624,Magic_251101,CRITICAL_TRIM,127.53,122.97,3.58,0,Closed 0 worst trades
2026.02.16 12:37:46,410038624,Magic_251101,CRITICAL_TRIM,127.53,122.97,3.58,0,Closed 0 worst trades
2026.02.16 12:37:46,410038624,Magic_251101,CRITICAL_TRIM,127.53,122.97,3.58,0,Closed 0 worst trades
2026.02.16 12:37:47,410038624,Magic_251101,CRITICAL_TRIM,127.53,122.97,3.58,0,Closed 0 worst trades
2026.02.16 12:37:47,410038624,Magic_251101,CRITICAL_TRIM,127.53,122.97,3.58,0,Closed 0 worst trades
2026.02.16 12:37:48,410038624,Magic_251101,CRITICAL_TRIM,127.53,122.97,3.58,0,Closed 0 worst trades
2026.02.16 12:37:48,410038624,Magic_251101,CRITICAL_TRIM,127.53,122.97,3.58,0,Closed 0 worst trades
2026.02.16 12:37:48,410038624,Magic_251101,CRITICAL_TRIM,127.53,122.97,3.58,0,Closed 0 worst trades
2026.02.16 12:37:48,410038624,Magic_251101,CRITICAL_TRIM,127.53,122.97,3.58,0,Closed 0 worst trades
2026.02.16 12:37:48,410038624,Magic_251101,CRITICAL_TRIM,127.53,122.97,3.58,0,Closed 0 worst trades
2026.02.16 12:37:48,410038624,Magic_251101,CRITICAL_TRIM,127.53,122.97,3.58,0,Closed 0 worst trades
2026.02.16 12:37:49,410038624,Magic_251101,CRITICAL_TRIM,127.53,122.97,3.58,0,Closed 0 worst trades
2026.02.16 12:37:49,410038624,Magic_251101,CRITICAL_TRIM,127.53,122.97,3.58,0,Closed 0 worst trades
2026.02.16 12:37:49,410038624,Magic_251101,CRITICAL_TRIM,127.53,122.97,3.58,0,Closed 0 worst trades
2026.02.16 12:37:49,410038624,Magic_251101,CRITICAL_TRIM,127.53,122.97,3.58,0,Closed 0 worst trades
2026.02.16 12:37:50,410038624,Magic_251101,CRITICAL_TRIM,127.53,122.97,3.58,0,Closed 0 worst trades
2026.02.16 12:37:50,410038624,Magic_251101,CRITICAL_TRIM,127.53,122.97,3.58,0,Closed 0 worst trades
2026.02.16 12:37:50,410038624,Magic_251101,CRITICAL_TRIM,127.53,122.97,3.58,0,Closed 0 worst trades
2026.02.16 12:37:50,410038624,Magic_251101,CRITICAL_TRIM,127.53,122.97,3.58,0,Closed 0 worst trades
2026.02.16 12:37:50,410038624,Magic_251101,CRITICAL_TRIM,127.53,122.97,3.58,0,Closed 0 worst trades
2026.02.16 12:37:50,410038624,Magic_251101,CRITICAL_TRIM,127.53,122.97,3.58,0,Closed 0 worst trades
2026.02.16 12:37:51,410038624,Magic_251101,CRITICAL_TRIM,127.53,122.97,3.58,0,Closed 0 worst trades
2026.02.16 12:37:51,410038624,Magic_251101,CRITICAL_TRIM,127.53,122.97,3.58,0,Closed 0 worst trades
2026.02.16 12:37:51,410038624,Magic_251101,CRITICAL_TRIM,127.53,122.97,3.58,0,Closed 0 worst trades
2026.02.16 12:37:51,410038624,Magic_251101,CRITICAL_TRIM,127.53,122.97,3.58,0,Closed 0 worst trades
2026.02.16 12:37:51,410038624,Magic_251101,CRITICAL_TRIM,127.53,122.97,3.58,0,Closed 0 worst trades
2026.02.16 12:37:51,410038624,Magic_251101,CRITICAL_TRIM,127.53,122.97,3.58,0,Closed 0 worst trades
2026.02.16 12:37:51,410038624,Magic_251101,CRITICAL_TRIM,127.53,122.97,3.58,0,Closed 0 worst trades
2026.02.16 12:37:52,410038624,Magic_251101,CRITICAL_TRIM,127.53,122.97,3.58,0,Closed 0 worst trades
2026.02.16 12:37:52,410038624,Magic_251101,CRITICAL_TRIM,127.53,122.97,3.58,0,Closed 0 worst trades
2026.02.16 12:37:52,410038624,Magic_251101,CRITICAL_TRIM,127.53,122.97,3.58,0,Closed 0 worst trades
2026.02.16 12:37:52,410038624,Magic_251101,CRITICAL_TRIM,127.53,122.97,3.58,0,Closed 0 worst trades
2026.02.16 12:37:52,410038624,Magic_251101,CRITICAL_TRIM,127.53,122.97,3.58,0,Closed 0 worst trades
2026.02.16 12:37:53,410038624,Magic_251101,CRITICAL_TRIM,127.53,122.97,3.58,0,Closed 0 worst trades
2026.02.16 12:37:53,410038624,Magic_251101,CRITICAL_TRIM,127.53,122.97,3.58,0,Closed 0 worst trades
2026.02.16 12:37:54,410038624,Magic_251101,CRITICAL_TRIM,127.53,122.97,3.58,0,Closed 0 worst trades
2026.02.16 12:37:54,410038624,Magic_251101,CRITICAL_TRIM,127.53,122.97,3.58,0,Closed 0 worst trades
2026.02.16 12:37:54,410038624,Magic_251101,CRITICAL_TRIM,127.53,122.97,3.58,0,Closed 0 worst trades
2026.02.16 12:37:54,410038624,Magic_251101,CRITICAL_TRIM,127.53,122.97,3.58,0,Closed 0 worst trades
2026.02.16 12:37:55,410038624,Magic_251101,CRITICAL_TRIM,127.53,122.97,3.58,0,Closed 0 worst trades
2026.02.16 12:37:55,410038624,Magic_251101,CRITICAL_TRIM,127.53,122.97,3.58,0,Closed 0 worst trades
2026.02.16 12:37:56,410038624,Magic_251101,CRITICAL_TRIM,127.53,122.97,3.58,0,Closed 0 worst trades
2026.02.16 12:37:56,410038624,Magic_251101,CRITICAL_TRIM,127.53,122.97,3.58,0,Closed 0 worst trades
2026.02.16 12:37:56,410038624,Magic_251101,CRITICAL_TRIM,127.53,122.97,3.58,0,Closed 0 worst trades
2026.02.16 12:37:56,410038624,Magic_251101,CRITICAL_TRIM,127.53,122.97,3.58,0,Closed 0 worst trades
2026.02.16 12:37:56,410038624,Magic_251101,CRITICAL_TRIM,127.53,122.97,3.58,0,Closed 0 worst trades
2026.02.16 12:37:57,410038624,Magic_251101,CRITICAL_TRIM,127.53,122.97,3.58,0,Closed 0 worst trades
2026.02.16 12:37:57,410038624,Magic_251101,CRITICAL_TRIM,127.53,122.97,3.58,0,Closed 0 worst trades
2026.02.16 12:37:58,410038624,Magic_251101,CRITICAL_TRIM,127.53,122.97,3.58,0,Closed 0 worst trades
2026.02.16 12:37:58,410038624,Magic_251101,CRITICAL_TRIM,127.53,122.97,3.58,0,Closed 0 worst trades
2026.02.16 12:37:58,410038624,Magic_251101,CRITICAL_TRIM,127.53,122.97,3.58,0,Closed 0 worst trades
2026.02.16 12:37:58,410038624,Magic_251101,CRITICAL_TRIM,127.53,122.97,3.58,0,Closed 0 worst trades
2026.02.16 12:37:58,410038624,Magic_251101,CRITICAL_TRIM,127.53,122.97,3.58,0,Closed 0 worst trades
2026.02.16 12:37:59,410038624,Magic_251101,CRITICAL_TRIM,127.53,122.97,3.58,0,Closed 0 worst trades
2026.02.16 12:37:59,410038624,Magic_251101,CRITICAL_TRIM,127.53,122.97,3.58,0,Closed 0 worst trades
2026.02.16 12:37:59,410038624,Magic_251101,CRITICAL_TRIM,127.53,122.97,3.58,0,Closed 0 worst trades
2026.02.16 12:37:59,410038624,Magic_251101,CRITICAL_TRIM,127.53,122.97,3.58,0,Closed 0 worst trades
2026.02.16 12:38:00,410038624,Magic_251101,CRITICAL_TRIM,127.53,122.97,3.58,0,Closed 0 worst trades
2026.02.16 12:38:00,410038624,Magic_251101,CRITICAL_TRIM,127.53,122.97,3.58,0,Closed 0 worst trades
2026.02.16 12:38:00,410038624,Magic_251101,CRITICAL_TRIM,127.53,122.97,3.58,0,Closed 0 worst trades
2026.02.16 12:38:00,410038624,Magic_251101,CRITICAL_TRIM,127.53,122.97,3.58,0,Closed 0 worst trades
2026.02.16 12:38:00,410038624,Magic_251101,CRITICAL_TRIM,127.53,122.97,3.58,0,Closed 0 worst trades
2026.02.16 12:38:00,410038624,Magic_251101,CRITICAL_TRIM,127.53,122.97,3.58,0,Closed 0 worst trades
2026.02.16 12:38:01,410038624,Magic_251101,CRITICAL_TRIM,127.53,122.97,3.58,0,Closed 0 worst trades
2026.02.16 12:38:01,410038624,Magic_251101,CRITICAL_TRIM,127.53,122.97,3.58,0,Closed 0 worst trades
2026.02.16 12:38:01,410038624,Magic_251101,CRITICAL_TRIM,127.53,122.97,3.58,0,Closed 0 worst trades
2026.02.16 12:38:01,410038624,Magic_251101,CRITICAL_TRIM,127.53,122.97,3.58,0,Closed 0 worst trades
2026.02.16 12:38:01,410038624,Magic_251101,CRITICAL_TRIM,127.53,122.97,3.58,0,Closed 0 worst trades
2026.02.16 12:38:01,410038624,Magic_251101,CRITICAL_TRIM,127.53,122.97,3.58,0,Closed 0 worst trades
2026.02.16 12:38:01,410038624,Magic_251101,CRITICAL_TRIM,127.53,122.97,3.58,0,Closed 0 worst trades
2026.02.16 12:38:01,410038624,Magic_251101,CRITICAL_TRIM,127.53,122.97,3.58,0,Closed 0 worst trades
2026.02.16 12:38:01,410038624,Magic_251101,CRITICAL_TRIM,127.53,122.97,3.58,0,Closed 0 worst trades
2026.02.16 12:38:02,410038624,Magic_251101,CRITICAL_TRIM,127.53,122.97,3.58,0,Closed 0 worst trades
2026.02.16 12:38:02,410038624,Magic_251101,CRITICAL_TRIM,127.53,122.97,3.58,0,Closed 0 worst trades
2026.02.16 12:38:02,410038624,Magic_251101,CRITICAL_TRIM,127.53,122.97,3.58,0,Closed 0 worst trades
2026.02.16 12:38:02,410038624,Magic_251101,CRITICAL_TRIM,127.53,122.97,3.58,0,Closed 0 worst trades
2026.02.16 12:38:02,410038624,Magic_251101,CRITICAL_TRIM,127.53,122.97,3.58,0,Closed 0 worst trades
2026.02.16 12:38:02,410038624,Magic_251101,CRITICAL_TRIM,127.53,122.97,3.58,0,Closed 0 worst trades
2026.02.16 12:38:02,410038624,Magic_251101,CRITICAL_TRIM,127.53,122.97,3.58,0,Closed 0 worst trades
2026.02.16 12:38:03,410038624,Magic_251101,CRITICAL_TRIM,127.53,122.97,3.58,0,Closed 0 worst trades
2026.02.16 12:38:03,410038624,Magic_251101,CRITICAL_TRIM,127.53,122.97,3.58,0,Closed 0 worst trades
2026.02.16 12:38:03,410038624,Magic_251101,CRITICAL_TRIM,127.53,122.97,3.58,0,Closed 0 worst trades
2026.02.16 12:38:04,410038624,Magic_251101,CRITICAL_TRIM,127.53,122.97,3.58,0,Closed 0 worst trades
2026.02.16 12:38:04,410038624,Magic_251101,CRITICAL_TRIM,127.53,122.97,3.58,0,Closed 0 worst trades
2026.02.16 12:38:04,410038624,Magic_251101,CRITICAL_TRIM,127.53,122.97,3.58,0,Closed 0 worst trades
2026.02.16 12:38:04,410038624,Magic_251101,CRITICAL_TRIM,127.53,122.97,3.58,0,Closed 0 worst trades
2026.02.16 12:38:04,410038624,Magic_251101,CRITICAL_TRIM,127.53,122.97,3.58,0,Closed 0 worst trades
2026.02.16 12:38:04,410038624,Magic_251101,CRITICAL_TRIM,127.53,122.97,3.58,0,Closed 0 worst trades
2026.02.16 12:38:04,410038624,Magic_251101,CRITICAL_TRIM,127.53,122.97,3.58,0,Closed 0 worst trades
2026.02.16 12:38:05,410038624,Magic_251101,CRITICAL_TRIM,127.53,122.97,3.58,0,Closed 0 worst trades
2026.02.16 12:38:05,410038624,Magic_251101,CRITICAL_TRIM,127.53,122.97,3.58,0,Closed 0 worst trades
2026.02.16 12:38:05,410038624,Magic_251101,CRITICAL_TRIM,127.53,122.97,3.58,0,Closed 0 worst trades
2026.02.16 12:38:05,410038624,Magic_251101,CRITICAL_TRIM,127.53,122.97,3.58,0,Closed 0 worst trades
2026.02.16 12:38:05,410038624,Magic_251101,CRITICAL_TRIM,127.53,122.97,3.58,0,Closed 0 worst trades
2026.02.16 12:38:05,410038624,Magic_251101,CRITICAL_TRIM,127.53,122.97,3.58,0,Closed 0 worst trades
2026.02.16 12:38:05,410038624,Magic_251101,CRITICAL_TRIM,127.53,122.97,3.58,0,Closed 0 worst trades
2026.02.16 12:38:06,410038624,Magic_251101,CRITICAL_TRIM,127.53,122.97,3.58,0,Closed 0 worst trades
2026.02.16 12:38:06,410038624,Magic_251101,CRITICAL_TRIM,127.53,122.97,3.58,0,Closed 0 worst trades
2026.02.16 12:38:06,410038624,Magic_251101,CRITICAL_TRIM,127.53,122.97,3.58,0,Closed 0 worst trades
2026.02.16 12:38:06,410038624,Magic_251101,CRITICAL_TRIM,127.53,122.97,3.58,0,Closed 0 worst trades
2026.02.16 12:38:06,410038624,Magic_251101,CRITICAL_TRIM,127.53,122.97,3.58,0,Closed 0 worst trades
2026.02.16 12:38:06,410038624,Magic_251101,CRITICAL_TRIM,127.53,122.97,3.58,0,Closed 0 worst trades
2026.02.16 12:38:06,410038624,Magic_251101,CRITICAL_TRIM,127.53,122.97,3.58,0,Closed 0 worst trades
2026.02.16 12:38:07,410038624,Magic_251101,CRITICAL_TRIM,127.53,122.97,3.58,0,Closed 0 worst trades
2026.02.16 12:38:07,410038624,Magic_251101,CRITICAL_TRIM,127.53,122.97,3.58,0,Closed 0 worst trades
2026.02.16 12:38:07,410038624,Magic_251101,CRITICAL_TRIM,127.53,122.97,3.58,0,Closed 0 worst trades
2026.02.16 12:38:07,410038624,Magic_251101,CRITICAL_TRIM,127.53,122.97,3.58,0,Closed 0 worst trades
2026.02.16 12:38:07,410038624,Magic_251101,CRITICAL_TRIM,127.53,122.97,3.58,0,Closed 0 worst trades
2026.02.16 12:38:07,410038624,Magic_251101,CRITICAL_TRIM,127.53,122.97,3.58,0,Closed 0 worst trades
2026.02.16 12:38:07,410038624,Magic_251101,CRITICAL_TRIM,127.53,122.97,3.58,0,Closed 0 worst trades
2026.02.16 12:38:07,410038624,Magic_251101,CRITICAL_TRIM,127.53,122.97,3.58,0,Closed 0 worst trades
2026.02.16 12:38:08,410038624,Magic_251101,CRITICAL_TRIM,127.53,122.97,3.58,0,Closed 0 worst trades
2026.02.16 12:38:08,410038624,Magic_251101,CRITICAL_TRIM,127.53,122.97,3.58,0,Closed 0 worst trades
2026.02.16 12:38:08,410038624,Magic_251101,CRITICAL_TRIM,127.53,122.97,3.58,0,Closed 0 worst trades
2026.02.16 12:38:08,410038624,Magic_251101,CRITICAL_TRIM,127.53,122.97,3.58,0,Closed 0 worst trades
2026.02.16 12:38:09,410038624,Magic_251101,CRITICAL_TRIM,127.53,122.97,3.58,0,Closed 0 worst trades
2026.02.16 12:38:09,410038624,Magic_251101,CRITICAL_TRIM,127.53,122.97,3.58,0,Closed 0 worst trades
2026.02.16 12:38:09,410038624,Magic_251101,CRITICAL_TRIM,127.53,122.97,3.58,0,Closed 0 worst trades
2026.02.16 12:38:09,410038624,Magic_251101,CRITICAL_TRIM,127.53,122.97,3.58,0,Closed 0 worst trades
2026.02.16 12:38:09,410038624,Magic_251101,CRITICAL_TRIM,127.53,122.97,3.58,0,Closed 0 worst trades
2026.02.16 12:38:09,410038624,Magic_251101,CRITICAL_TRIM,127.53,122.97,3.58,0,Closed 0 worst trades
2026.02.16 12:38:09,410038624,Magic_251101,CRITICAL_TRIM,127.53,122.97,3.58,0,Closed 0 worst trades
2026.02.16 12:38:10,410038624,Magic_251101,CRITICAL_TRIM,127.53,122.97,3.58,0,Closed 0 worst trades
2026.02.16 12:38:10,410038624,Magic_251101,CRITICAL_TRIM,127.53,122.97,3.58,0,Closed 0 worst trades
2026.02.16 12:38:10,410038624,Magic_251101,CRITICAL_TRIM,127.53,122.97,3.58,0,Closed 0 worst trades
2026.02.16 12:38:10,410038624,Magic_251101,CRITICAL_TRIM,127.53,122.97,3.58,0,Closed 0 worst trades
2026.02.16 12:38:10,410038624,Magic_251101,CRITICAL_TRIM,127.53,122.97,3.58,0,Closed 0 worst trades
2026.02.16 12:38:10,410038624,Magic_251101,CRITICAL_TRIM,127.53,122.97,3.58,0,Closed 0 worst trades
2026.02.16 12:38:10,410038624,Magic_251101,CRITICAL_TRIM,127.53,122.97,3.58,0,Closed 0 worst trades
2026.02.16 12:38:10,410038624,Magic_251101,CRITICAL_TRIM,127.53,122.97,3.58,0,Closed 0 worst trades
2026.02.16 12:38:11,410038624,Magic_251101,CRITICAL_TRIM,127.53,122.97,3.58,0,Closed 0 worst trades
2026.02.16 12:38:11,410038624,Magic_251101,CRITICAL_TRIM,127.53,122.97,3.58,0,Closed 0 worst trades
2026.02.16 12:38:11,410038624,Magic_251101,CRITICAL_TRIM,127.53,122.97,3.58,0,Closed 0 worst trades
2026.02.16 12:38:11,410038624,Magic_251101,CRITICAL_TRIM,127.53,122.97,3.58,0,Closed 0 worst trades
2026.02.16 12:38:11,410038624,Magic_251101,CRITICAL_TRIM,127.53,122.97,3.58,0,Closed 0 worst trades
2026.02.16 12:38:11,410038624,Magic_251101,CRITICAL_TRIM,127.53,122.97,3.58,0,Closed 0 worst trades
2026.02.16 12:38:11,410038624,Magic_251101,CRITICAL_TRIM,127.53,122.97,3.58,0,Closed 0 worst trades
2026.02.16 12:38:12,410038624,Magic_251101,CRITICAL_TRIM,127.53,122.97,3.58,0,Closed 0 worst trades
2026.02.16 12:38:12,410038624,Magic_251101,CRITICAL_TRIM,127.53,122.97,3.58,0,Closed 0 worst trades
2026.02.16 12:38:12,410038624,Magic_251101,CRITICAL_TRIM,127.53,122.97,3.58,0,Closed 0 worst trades
2026.02.16 12:38:12,410038624,Magic_251101,CRITICAL_TRIM,127.53,122.97,3.58,0,Closed 0 worst trades
2026.02.16 12:38:12,410038624,Magic_251101,CRITICAL_TRIM,127.53,122.97,3.58,0,Closed 0 worst trades
2026.02.16 12:38:12,410038624,Magic_251101,CRITICAL_TRIM,127.53,122.97,3.58,0,Closed 0 worst trades
2026.02.16 12:38:12,410038624,Magic_251101,CRITICAL_TRIM,127.53,122.97,3.58,0,Closed 0 worst trades
2026.02.16 12:38:13,410038624,Magic_251101,CRITICAL_TRIM,127.53,122.97,3.58,0,Closed 0 worst trades
2026.02.16 12:38:13,410038624,Magic_251101,CRITICAL_TRIM,127.53,122.97,3.58,0,Closed 0 worst trades
2026.02.16 12:38:13,410038624,Magic_251101,CRITICAL_TRIM,127.53,122.97,3.58,0,Closed 0 worst trades
2026.02.16 12:38:13,410038624,Magic_251101,CRITICAL_TRIM,127.53,122.97,3.58,0,Closed 0 worst trades
2026.02.16 12:38:13,410038624,Magic_251101,CRITICAL_TRIM,127.53,122.97,3.58,0,Closed 0 worst trades
2026.02.16 12:38:13,410038624,Magic_251101,CRITICAL_TRIM,127.53,122.97,3.58,0,Closed 0 worst trades
2026.02.16 12:38:14,410038624,Magic_251101,CRITICAL_TRIM,127.53,122.97,3.58,0,Closed 0 worst trades
2026.02.16 12:38:14,410038624,Magic_251101,CRITICAL_TRIM,127.53,122.97,3.58,0,Closed 0 worst trades
2026.02.16 12:38:14,410038624,Magic_251101,CRITICAL_TRIM,127.53,122.97,3.58,0,Closed 0 worst trades
2026.02.16 12:38:14,410038624,Magic_251101,CRITICAL_TRIM,127.53,122.97,3.58,0,Closed 0 worst trades
2026.02.16 12:38:14,410038624,Magic_251101,CRITICAL_TRIM,127.53,122.97,3.58,0,Closed 0 worst trades
2026.02.16 12:38:14,410038624,Magic_251101,CRITICAL_TRIM,127.53,122.97,3.58,0,Closed 0 worst trades
2026.02.16 12:38:14,410038624,Magic_251101,CRITICAL_TRIM,127.53,122.97,3.58,0,Closed 0 worst trades
2026.02.16 12:38:14,410038624,Magic_251101,CRITICAL_TRIM,127.53,122.97,3.58,0,Closed 0 worst trades
2026.02.16 12:38:15,410038624,Magic_251101,CRITICAL_TRIM,127.53,122.97,3.58,0,Closed 0 worst trades
2026.02.16 12:38:15,410038624,Magic_251101,CRITICAL_TRIM,127.53,122.97,3.58,0,Closed 0 worst trades
2026.02.16 12:38:15,410038624,Magic_251101,CRITICAL_TRIM,127.53,122.97,3.58,0,Closed 0 worst trades
2026.02.16 12:38:15,410038624,Magic_251101,CRITICAL_TRIM,127.53,122.97,3.58,0,Closed 0 worst trades
2026.02.16 12:38:15,410038624,Magic_251101,CRITICAL_TRIM,127.53,122.97,3.58,0,Closed 0 worst trades
2026.02.16 12:38:15,410038624,Magic_251101,CRITICAL_TRIM,127.53,122.97,3.58,0,Closed 0 worst trades
2026.02.16 12:38:15,410038624,Magic_251101,CRITICAL_TRIM,127.53,122.97,3.58,0,Closed 0 worst trades
2026.02.16 12:38:16,410038624,Magic_251101,CRITICAL_TRIM,127.53,122.97,3.58,0,Closed 0 worst trades
2026.02.16 12:38:16,410038624,Magic_251101,CRITICAL_TRIM,127.53,122.97,3.58,0,Closed 0 worst trades
2026.02.16 12:38:16,410038624,Magic_251101,CRITICAL_TRIM,127.53,122.97,3.58,0,Closed 0 worst trades
2026.02.16 12:38:16,410038624,Magic_251101,CRITICAL_TRIM,127.53,122.97,3.58,0,Closed 0 worst trades
2026.02.16 12:38:16,410038624,Magic_251101,CRITICAL_TRIM,127.53,122.97,3.58,0,Closed 0 worst trades
2026.02.16 12:38:16,410038624,Magic_251101,CRITICAL_TRIM,127.53,122.97,3.58,0,Closed 0 worst trades
2026.02.16 12:38:17,410038624,Magic_251101,CRITICAL_TRIM,127.53,122.97,3.58,0,Closed 0 worst trades
2026.02.16 12:38:17,410038624,Magic_251101,CRITICAL_TRIM,127.53,122.97,3.58,0,Closed 0 worst trades
2026.02.16 12:38:17,410038624,Magic_251101,CRITICAL_TRIM,127.53,122.97,3.58,0,Closed 0 worst trades
2026.02.16 12:38:17,410038624,Magic_251101,CRITICAL_TRIM,127.53,122.97,3.58,0,Closed 0 worst trades
2026.02.16 12:38:18,410038624,Magic_251101,CRITICAL_TRIM,127.53,122.97,3.58,0,Closed 0 worst trades
2026.02.16 12:38:18,410038624,Magic_251101,CRITICAL_TRIM,127.53,122.97,3.58,0,Closed 0 worst trades
2026.02.16 12:38:18,410038624,Magic_251101,CRITICAL_TRIM,127.53,122.97,3.58,0,Closed 0 worst trades
2026.02.16 12:38:18,410038624,Magic_251101,CRITICAL_TRIM,127.53,122.97,3.58,0,Closed 0 worst trades
2026.02.16 12:38:18,410038624,Magic_251101,CRITICAL_TRIM,127.53,122.97,3.58,0,Closed 0 worst trades
2026.02.16 12:38:18,410038624,Magic_251101,CRITICAL_TRIM,127.53,122.97,3.58,0,Closed 0 worst trades
2026.02.16 12:38:19,410038624,Magic_251101,CRITICAL_TRIM,127.53,122.97,3.58,0,Closed 0 worst trades
2026.02.16 12:38:19,410038624,Magic_251101,CRITICAL_TRIM,127.53,122.97,3.58,0,Closed 0 worst trades
2026.02.16 12:38:19,410038624,Magic_251101,CRITICAL_TRIM,127.53,122.97,3.58,0,Closed 0 worst trades
2026.02.16 12:38:19,410038624,Magic_251101,CRITICAL_TRIM,127.53,122.97,3.58,0,Closed 0 worst trades
2026.02.16 12:38:19,410038624,Magic_251101,CRITICAL_TRIM,127.53,122.97,3.58,0,Closed 0 worst trades
2026.02.16 12:38:19,410038624,Magic_251101,CRITICAL_TRIM,127.53,122.97,3.58,0,Closed 0 worst trades
2026.02.16 12:38:19,410038624,Magic_251101,CRITICAL_TRIM,127.53,122.97,3.58,0,Closed 0 worst trades
2026.02.16 12:38:19,410038624,Magic_251101,CRITICAL_TRIM,127.53,122.97,3.58,0,Closed 0 worst trades
2026.02.16 12:38:19,410038624,Magic_251101,CRITICAL_TRIM,127.53,122.97,3.58,0,Closed 0 worst trades
2026.02.16 12:38:19,410038624,Magic_251101,CRITICAL_TRIM,127.53,122.97,3.58,0,Closed 0 worst trades
2026.02.16 12:38:20,410038624,Magic_251101,CRITICAL_TRIM,127.53,122.97,3.58,0,Closed 0 worst trades
2026.02.16 12:38:20,410038624,Magic_251101,CRITICAL_TRIM,127.53,122.97,3.58,0,Closed 0 worst trades
2026.02.16 12:38:20,410038624,Magic_251101,CRITICAL_TRIM,127.53,122.97,3.58,0,Closed 0 worst trades
2026.02.16 12:38:20,410038624,Magic_251101,CRITICAL_TRIM,127.53,122.97,3.58,0,Closed 0 worst trades
2026.02.16 12:38:20,410038624,Magic_251101,CRITICAL_TRIM,127.53,122.97,3.58,0,Closed 0 worst trades
2026.02.16 12:38:20,410038624,Magic_251101,CRITICAL_TRIM,127.53,122.97,3.58,0,Closed 0 worst trades
2026.02.16 12:38:21,410038624,Magic_251101,CRITICAL_TRIM,127.53,122.97,3.58,0,Closed 0 worst trades
2026.02.16 12:38:21,410038624,Magic_251101,CRITICAL_TRIM,127.53,122.97,3.58,0,Closed 0 worst trades
2026.02.16 12:38:21,410038624,Magic_251101,CRITICAL_TRIM,127.53,122.97,3.58,0,Closed 0 worst trades
2026.02.16 12:38:21,410038624,Magic_251101,CRITICAL_TRIM,127.53,122.97,3.58,0,Closed 0 worst trades
2026.02.16 12:38:21,410038624,Magic_251101,CRITICAL_TRIM,127.53,122.97,3.58,0,Closed 0 worst trades
2026.02.16 12:38:21,410038624,Magic_251101,CRITICAL_TRIM,127.53,122.97,3.58,0,Closed 0 worst trades
2026.02.16 12:38:21,410038624,Magic_251101,CRITICAL_TRIM,127.53,122.97,3.58,0,Closed 0 worst trades
2026.02.16 12:38:21,410038624,Magic_251101,CRITICAL_TRIM,127.53,122.97,3.58,0,Closed 0 worst trades
2026.02.16 12:38:21,410038624,Magic_251101,CRITICAL_TRIM,127.53,122.97,3.58,0,Closed 0 worst trades
2026.02.16 12:38:22,410038624,Magic_251101,CRITICAL_TRIM,127.53,122.97,3.58,0,Closed 0 worst trades
2026.02.16 12:38:22,410038624,Magic_251101,CRITICAL_TRIM,127.53,122.97,3.58,0,Closed 0 worst trades
2026.02.16 12:38:22,410038624,Magic_251101,CRITICAL_TRIM,127.53,122.97,3.58,0,Closed 0 worst trades
2026.02.16 12:38:22,410038624,Magic_251101,CRITICAL_TRIM,127.53,122.97,3.58,0,Closed 0 worst trades
2026.02.16 12:38:22,410038624,Magic_251101,CRITICAL_TRIM,127.53,122.97,3.58,0,Closed 0 worst trades
2026.02.16 12:38:22,410038624,Magic_251101,CRITICAL_TRIM,127.53,122.97,3.58,0,Closed 0 worst trades
2026.02.16 12:38:22,410038624,Magic_251101,CRITICAL_TRIM,127.53,122.97,3.58,0,Closed 0 worst trades
2026.02.16 12:38:22,410038624,Magic_251101,CRITICAL_TRIM,127.53,122.97,3.58,0,Closed 0 worst trades
2026.02.16 12:38:22,410038624,Magic_251101,CRITICAL_TRIM,127.53,122.97,3.58,0,Closed 0 worst trades
2026.02.16 12:38:23,410038624,Magic_251101,CRITICAL_TRIM,127.53,122.97,3.58,0,Closed 0 worst trades
2026.02.16 12:38:23,410038624,Magic_251101,CRITICAL_TRIM,127.53,122.97,3.58,0,Closed 0 worst trades
2026.02.16 12:38:23,410038624,Magic_251101,CRITICAL_TRIM,127.53,122.97,3.58,0,Closed 0 worst trades
2026.02.16 12:38:23,410038624,Magic_251101,CRITICAL_TRIM,127.53,122.97,3.58,0,Closed 0 worst trades
2026.02.16 12:38:23,410038624,Magic_251101,CRITICAL_TRIM,127.53,122.97,3.58,0,Closed 0 worst trades
2026.02.16 12:38:23,410038624,Magic_251101,CRITICAL_TRIM,127.53,122.97,3.58,0,Closed 0 worst trades
2026.02.16 12:38:23,410038624,Magic_251101,CRITICAL_TRIM,127.53,122.97,3.58,0,Closed 0 worst trades
2026.02.16 12:38:23,410038624,Magic_251101,CRITICAL_TRIM,127.53,122.97,3.58,0,Closed 0 worst trades
2026.02.16 12:38:23,410038624,Magic_251101,CRITICAL_TRIM,127.53,122.97,3.58,0,Closed 0 worst trades
2026.02.16 12:38:24,410038624,Magic_251101,CRITICAL_TRIM,127.53,122.97,3.58,0,Closed 0 worst trades
2026.02.16 12:38:24,410038624,Magic_251101,CRITICAL_TRIM,127.53,122.97,3.58,0,Closed 0 worst trades
2026.02.16 12:38:24,410038624,Magic_251101,CRITICAL_TRIM,127.53,122.97,3.58,0,Closed 0 worst trades
2026.02.16 12:38:25,410038624,Magic_251101,CRITICAL_TRIM,127.53,122.97,3.58,0,Closed 0 worst trades
2026.02.16 12:38:25,410038624,Magic_251101,CRITICAL_TRIM,127.53,122.97,3.58,0,Closed 0 worst trades
2026.02.16 12:38:25,410038624,Magic_251101,CRITICAL_TRIM,127.53,122.97,3.58,0,Closed 0 worst trades
2026.02.16 12:38:25,410038624,Magic_251101,CRITICAL_TRIM,127.53,122.97,3.58,0,Closed 0 worst trades
2026.02.16 12:38:25,410038624,Magic_251101,CRITICAL_TRIM,127.53,122.97,3.58,0,Closed 0 worst trades
2026.02.16 12:38:25,410038624,Magic_251101,CRITICAL_TRIM,127.53,122.97,3.58,0,Closed 0 worst trades
2026.02.16 12:38:26,410038624,Magic_251101,CRITICAL_TRIM,127.53,122.97,3.58,0,Closed 0 worst trades
2026.02.16 12:38:26,410038624,Magic_251101,CRITICAL_TRIM,127.53,122.97,3.58,0,Closed 0 worst trades
2026.02.16 12:38:26,410038624,Magic_251101,CRITICAL_TRIM,127.53,122.97,3.58,0,Closed 0 worst trades
2026.02.16 12:38:26,410038624,Magic_251101,CRITICAL_TRIM,127.53,122.97,3.58,0,Closed 0 worst trades
2026.02.16 12:38:26,410038624,Magic_251101,CRITICAL_TRIM,127.53,122.97,3.58,0,Closed 0 worst trades
2026.02.16 12:38:27,410038624,Magic_251101,CRITICAL_TRIM,127.53,122.97,3.58,0,Closed 0 worst trades
2026.02.16 12:38:27,410038624,Magic_251101,CRITICAL_TRIM,127.53,122.97,3.58,0,Closed 0 worst trades
2026.02.16 12:38:27,410038624,Magic_251101,CRITICAL_TRIM,127.53,122.97,3.58,0,Closed 0 worst trades
2026.02.16 12:38:27,410038624,Magic_251101,CRITICAL_TRIM,127.53,122.97,3.58,0,Closed 0 worst trades
2026.02.16 12:38:27,410038624,Magic_251101,CRITICAL_TRIM,127.53,122.97,3.58,0,Closed 0 worst trades
2026.02.16 12:38:27,410038624,Magic_251101,CRITICAL_TRIM,127.53,122.97,3.58,0,Closed 0 worst trades
2026.02.16 12:38:27,410038624,Magic_251101,CRITICAL_TRIM,127.53,122.97,3.58,0,Closed 0 worst trades
2026.02.16 12:38:27,410038624,Magic_251101,CRITICAL_TRIM,127.53,122.97,3.58,0,Closed 0 worst trades
2026.02.16 12:38:27,410038624,Magic_251101,CRITICAL_TRIM,127.53,122.97,3.58,0,Closed 0 worst trades
2026.02.16 12:38:28,410038624,Magic_251101,CRITICAL_TRIM,127.53,122.97,3.58,0,Closed 0 worst trades
2026.02.16 12:38:28,410038624,Magic_251101,CRITICAL_TRIM,127.53,122.97,3.58,0,Closed 0 worst trades
2026.02.16 12:38:28,410038624,Magic_251101,CRITICAL_TRIM,127.53,122.97,3.58,0,Closed 0 worst trades
2026.02.16 12:38:28,410038624,Magic_251101,CRITICAL_TRIM,127.53,122.97,3.58,0,Closed 0 worst trades
2026.02.16 12:38:29,410038624,Magic_251101,CRITICAL_TRIM,127.53,122.97,3.58,0,Closed 0 worst trades
2026.02.16 12:38:29,410038624,Magic_251101,CRITICAL_TRIM,127.53,122.97,3.58,0,Closed 0 worst trades
2026.02.16 12:38:29,410038624,Magic_251101,CRITICAL_TRIM,127.53,122.97,3.58,0,Closed 0 worst trades
2026.02.16 12:38:29,410038624,Magic_251101,CRITICAL_TRIM,127.53,122.97,3.58,0,Closed 0 worst trades
2026.02.16 12:38:29,410038624,Magic_251101,CRITICAL_TRIM,127.53,122.97,3.58,0,Closed 0 worst trades
2026.02.16 12:38:30,410038624,Magic_251101,CRITICAL_TRIM,127.53,122.97,3.58,0,Closed 0 worst trades
2026.02.16 12:38:30,410038624,Magic_251101,CRITICAL_TRIM,127.53,122.97,3.58,0,Closed 0 worst trades
2026.02.16 12:38:30,410038624,Magic_251101,CRITICAL_TRIM,127.53,122.97,3.58,0,Closed 0 worst trades
2026.02.16 12:38:30,410038624,Magic_251101,CRITICAL_TRIM,127.53,122.97,3.58,0,Closed 0 worst trades
2026.02.16 12:38:30,410038624,Magic_251101,CRITICAL_TRIM,127.53,122.97,3.58,0,Closed 0 worst trades
2026.02.16 12:38:30,410038624,Magic_251101,CRITICAL_TRIM,127.53,122.97,3.58,0,Closed 0 worst trades
2026.02.16 12:38:31,410038624,Magic_251101,CRITICAL_TRIM,127.53,122.97,3.58,0,Closed 0 worst trades
2026.02.16 12:38:31,410038624,Magic_251101,CRITICAL_TRIM,127.53,122.97,3.58,0,Closed 0 worst trades
2026.02.16 12:38:31,410038624,Magic_251101,CRITICAL_TRIM,127.53,122.97,3.58,0,Closed 0 worst trades
2026.02.16 12:38:31,410038624,Magic_251101,CRITICAL_TRIM,127.53,122.97,3.58,0,Closed 0 worst trades
2026.02.16 12:38:31,410038624,Magic_251101,CRITICAL_TRIM,127.53,122.97,3.58,0,Closed 0 worst trades
2026.02.16 12:38:32,410038624,Magic_251101,CRITICAL_TRIM,127.53,122.97,3.58,0,Closed 0 worst trades
2026.02.16 12:38:32,410038624,Magic_251101,CRITICAL_TRIM,127.53,122.97,3.58,0,Closed 0 worst trades
2026.02.16 12:38:32,410038624,Magic_251101,CRITICAL_TRIM,127.53,122.97,3.58,0,Closed 0 worst trades
2026.02.16 12:38:32,410038624,Magic_251101,CRITICAL_TRIM,127.53,122.97,3.58,0,Closed 0 worst trades
2026.02.16 12:38:32,410038624,Magic_251101,CRITICAL_TRIM,127.53,122.97,3.58,0,Closed 0 worst trades
2026.02.16 12:38:32,410038624,Magic_251101,CRITICAL_TRIM,127.53,122.97,3.58,0,Closed 0 worst trades
2026.02.16 12:38:33,410038624,Magic_251101,CRITICAL_TRIM,127.53,122.97,3.58,0,Closed 0 worst trades
2026.02.16 12:38:33,410038624,Magic_251101,CRITICAL_TRIM,127.53,122.97,3.58,0,Closed 0 worst trades
2026.02.16 12:38:33,410038624,Magic_251101,CRITICAL_TRIM,127.53,122.97,3.58,0,Closed 0 worst trades
2026.02.16 12:38:33,410038624,Magic_251101,CRITICAL_TRIM,127.53,122.97,3.58,0,Closed 0 worst trades
2026.02.16 12:38:33,410038624,Magic_251101,CRITICAL_TRIM,127.53,122.97,3.58,0,Closed 0 worst trades
2026.02.16 12:38:33,410038624,Magic_251101,CRITICAL_TRIM,127.53,122.97,3.58,0,Closed 0 worst trades
2026.02.16 12:38:34,410038624,Magic_251101,CRITICAL_TRIM,127.53,122.97,3.58,0,Closed 0 worst trades
2026.02.16 12:38:34,410038624,Magic_251101,CRITICAL_TRIM,127.53,122.97,3.58,0,Closed 0 worst trades
2026.02.16 12:38:34,410038624,Magic_251101,CRITICAL_TRIM,127.53,122.97,3.58,0,Closed 0 worst trades
2026.02.16 12:38:34,410038624,Magic_251101,CRITICAL_TRIM,127.53,122.97,3.58,0,Closed 0 worst trades
2026.02.16 12:38:34,410038624,Magic_251101,CRITICAL_TRIM,127.53,122.97,3.58,0,Closed 0 worst trades
2026.02.16 12:38:34,410038624,Magic_251101,CRITICAL_TRIM,127.53,122.97,3.58,0,Closed 0 worst trades
2026.02.16 12:38:35,410038624,Magic_251101,CRITICAL_TRIM,127.53,122.97,3.58,0,Closed 0 worst trades
2026.02.16 12:38:35,410038624,Magic_251101,CRITICAL_TRIM,127.53,122.97,3.58,0,Closed 0 worst trades
2026.02.16 12:38:35,410038624,Magic_251101,CRITICAL_TRIM,127.53,122.97,3.58,0,Closed 0 worst trades
2026.02.16 12:38:35,410038624,Magic_251101,CRITICAL_TRIM,127.53,122.97,3.58,0,Closed 0 worst trades
2026.02.16 12:38:36,410038624,Magic_251101,CRITICAL_TRIM,127.53,122.97,3.58,0,Closed 0 worst trades
2026.02.16 12:38:36,410038624,Magic_251101,CRITICAL_TRIM,127.53,122.97,3.58,0,Closed 0 worst trades
2026.02.16 12:38:36,410038624,Magic_251101,CRITICAL_TRIM,127.53,122.97,3.58,0,Closed 0 worst trades
2026.02.16 12:38:36,410038624,Magic_251101,CRITICAL_TRIM,127.53,122.97,3.58,0,Closed 0 worst trades
2026.02.16 12:38:36,410038624,Magic_251101,CRITICAL_TRIM,127.53,122.97,3.58,0,Closed 0 worst trades
2026.02.16 12:38:37,410038624,Magic_251101,CRITICAL_TRIM,127.53,122.97,3.58,0,Closed 0 worst trades
2026.02.16 12:38:37,410038624,Magic_251101,CRITICAL_TRIM,127.53,122.97,3.58,0,Closed 0 worst trades
2026.02.16 12:38:37,410038624,Magic_251101,CRITICAL_TRIM,127.53,122.97,3.58,0,Closed 0 worst trades
2026.02.16 12:38:37,410038624,Magic_251101,CRITICAL_TRIM,127.53,122.97,3.58,0,Closed 0 worst trades
2026.02.16 12:38:37,410038624,Magic_251101,CRITICAL_TRIM,127.53,122.97,3.58,0,Closed 0 worst trades
2026.02.16 12:38:37,410038624,Magic_251101,CRITICAL_TRIM,127.53,122.97,3.58,0,Closed 0 worst trades
2026.02.16 12:38:37,410038624,Magic_251101,CRITICAL_TRIM,127.53,122.97,3.58,0,Closed 0 worst trades
2026.02.16 12:38:38,410038624,Magic_251101,CRITICAL_TRIM,127.53,122.97,3.58,0,Closed 0 worst trades
2026.02.16 12:38:38,410038624,Magic_251101,CRITICAL_TRIM,127.53,122.97,3.58,0,Closed 0 worst trades
2026.02.16 12:38:38,410038624,Magic_251101,CRITICAL_TRIM,127.53,122.97,3.58,0,Closed 0 worst trades
2026.02.16 12:38:38,410038624,Magic_251101,CRITICAL_TRIM,127.53,122.97,3.58,0,Closed 0 worst trades
2026.02.16 12:38:38,410038624,Magic_251101,CRITICAL_TRIM,127.53,122.97,3.58,0,Closed 0 worst trades
2026.02.16 12:38:38,410038624,Magic_251101,CRITICAL_TRIM,127.53,122.97,3.58,0,Closed 0 worst trades
2026.02.16 12:38:39,410038624,Magic_251101,CRITICAL_TRIM,127.53,122.97,3.58,0,Closed 0 worst trades
2026.02.16 12:38:39,410038624,Magic_251101,CRITICAL_TRIM,127.53,122.97,3.58,0,Closed 0 worst trades
2026.02.16 12:38:39,410038624,Magic_251101,CRITICAL_TRIM,127.53,122.97,3.58,0,Closed 0 worst trades
2026.02.16 12:38:39,410038624,Magic_251101,CRITICAL_TRIM,127.53,122.97,3.58,0,Closed 0 worst trades
2026.02.16 12:38:39,410038624,Magic_251101,CRITICAL_TRIM,127.53,122.97,3.58,0,Closed 0 worst trades
2026.02.16 12:38:39,410038624,Magic_251101,CRITICAL_TRIM,127.53,122.97,3.58,0,Closed 0 worst trades
2026.02.16 12:38:39,410038624,Magic_251101,CRITICAL_TRIM,127.53,122.97,3.58,0,Closed 0 worst trades
2026.02.16 12:38:40,410038624,Magic_251101,CRITICAL_TRIM,127.53,122.97,3.58,0,Closed 0 worst trades
2026.02.16 12:38:40,410038624,Magic_251101,CRITICAL_TRIM,127.53,122.97,3.58,0,Closed 0 worst trades
2026.02.16 12:38:40,410038624,Magic_251101,CRITICAL_TRIM,127.53,122.97,3.58,0,Closed 0 worst trades
2026.02.16 12:38:40,410038624,Magic_251101,CRITICAL_TRIM,127.53,122.97,3.58,0,Closed 0 worst trades
2026.02.16 12:38:40,410038624,Magic_251101,CRITICAL_TRIM,127.53,122.97,3.58,0,Closed 0 worst trades
2026.02.16 12:38:41,410038624,Magic_251101,CRITICAL_TRIM,127.53,122.97,3.58,0,Closed 0 worst trades
2026.02.16 12:38:41,410038624,Magic_251101,CRITICAL_TRIM,127.53,122.97,3.58,0,Closed 0 worst trades
2026.02.16 12:38:41,410038624,Magic_251101,CRITICAL_TRIM,127.53,122.97,3.58,0,Closed 0 worst trades
2026.02.16 12:38:41,410038624,Magic_251101,CRITICAL_TRIM,127.53,122.97,3.58,0,Closed 0 worst trades
2026.02.16 12:38:41,410038624,Magic_251101,CRITICAL_TRIM,127.53,122.97,3.58,0,Closed 0 worst trades
2026.02.16 12:38:41,410038624,Magic_251101,CRITICAL_TRIM,127.53,122.97,3.58,0,Closed 0 worst trades
2026.02.16 12:38:41,410038624,Magic_251101,CRITICAL_TRIM,127.53,122.97,3.58,0,Closed 0 worst trades
2026.02.16 12:38:41,410038624,Magic_251101,CRITICAL_TRIM,127.53,122.97,3.58,0,Closed 0 worst trades
2026.02.16 12:38:41,410038624,Magic_251101,CRITICAL_TRIM,127.53,122.97,3.58,0,Closed 0 worst trades
2026.02.16 12:38:42,410038624,Magic_251101,CRITICAL_TRIM,127.53,122.97,3.58,0,Closed 0 worst trades
2026.02.16 12:38:42,410038624,Magic_251101,CRITICAL_TRIM,127.53,122.97,3.58,0,Closed 0 worst trades
2026.02.16 12:38:42,410038624,Magic_251101,CRITICAL_TRIM,127.53,122.97,3.58,0,Closed 0 worst trades
2026.02.16 12:38:42,410038624,Magic_251101,CRITICAL_TRIM,127.53,122.97,3.58,0,Closed 0 worst trades
2026.02.16 12:38:42,410038624,Magic_251101,CRITICAL_TRIM,127.53,122.97,3.58,0,Closed 0 worst trades
2026.02.16 12:38:42,410038624,Magic_251101,CRITICAL_TRIM,127.53,122.97,3.58,0,Closed 0 worst trades
2026.02.16 12:38:43,410038624,Magic_251101,CRITICAL_TRIM,127.53,122.97,3.58,0,Closed 0 worst trades
2026.02.16 12:38:44,410038624,Magic_251101,CRITICAL_TRIM,127.53,122.97,3.58,0,Closed 0 worst trades
2026.02.16 12:38:44,410038624,Magic_251101,CRITICAL_TRIM,127.53,122.97,3.58,0,Closed 0 worst trades
2026.02.16 12:38:44,410038624,Magic_251101,CRITICAL_TRIM,127.53,122.97,3.58,0,Closed 0 worst trades
2026.02.16 12:38:45,410038624,Magic_251101,CRITICAL_TRIM,127.53,122.97,3.58,0,Closed 0 worst trades
2026.02.16 12:38:45,410038624,Magic_251101,CRITICAL_TRIM,127.53,122.97,3.58,0,Closed 0 worst trades
2026.02.16 12:38:45,410038624,Magic_251101,CRITICAL_TRIM,127.53,122.97,3.58,0,Closed 0 worst trades
2026.02.16 12:38:45,410038624,Magic_251101,CRITICAL_TRIM,127.53,122.97,3.58,0,Closed 0 worst trades
2026.02.16 12:38:45,410038624,Magic_251101,CRITICAL_TRIM,127.53,122.97,3.58,0,Closed 0 worst trades
2026.02.16 12:38:45,410038624,Magic_251101,CRITICAL_TRIM,127.53,122.97,3.58,0,Closed 0 worst trades
2026.02.16 12:38:45,410038624,Magic_251101,CRITICAL_TRIM,127.53,122.97,3.58,0,Closed 0 worst trades
2026.02.16 12:38:45,410038624,Magic_251101,CRITICAL_TRIM,127.53,122.97,3.58,0,Closed 0 worst trades
2026.02.16 12:38:46,410038624,Magic_251101,CRITICAL_TRIM,127.53,122.97,3.58,0,Closed 0 worst trades
2026.02.16 12:38:46,410038624,Magic_251101,CRITICAL_TRIM,127.53,122.97,3.58,0,Closed 0 worst trades
2026.02.16 12:38:46,410038624,Magic_251101,CRITICAL_TRIM,127.53,122.97,3.58,0,Closed 0 worst trades
2026.02.16 12:38:46,410038624,Magic_251101,CRITICAL_TRIM,127.53,122.97,3.58,0,Closed 0 worst trades
2026.02.16 12:38:47,410038624,Magic_251101,CRITICAL_TRIM,127.53,122.97,3.58,0,Closed 0 worst trades
2026.02.16 12:38:47,410038624,Magic_251101,CRITICAL_TRIM,127.53,122.97,3.58,0,Closed 0 worst trades
2026.02.16 12:38:47,410038624,Magic_251101,CRITICAL_TRIM,127.53,122.97,3.58,0,Closed 0 worst trades
2026.02.16 12:38:47,410038624,Magic_251101,CRITICAL_TRIM,127.53,122.97,3.58,0,Closed 0 worst trades
2026.02.16 12:38:47,410038624,Magic_251101,CRITICAL_TRIM,127.53,122.97,3.58,0,Closed 0 worst trades
2026.02.16 12:38:47,410038624,Magic_251101,CRITICAL_TRIM,127.53,122.97,3.58,0,Closed 0 worst trades
2026.02.16 12:38:47,410038624,Magic_251101,CRITICAL_TRIM,127.53,122.97,3.58,0,Closed 0 worst trades
2026.02.16 12:38:48,410038624,Magic_251101,CRITICAL_TRIM,127.53,122.97,3.58,0,Closed 0 worst trades
2026.02.16 12:38:48,410038624,Magic_251101,CRITICAL_TRIM,127.53,122.97,3.58,0,Closed 0 worst trades
2026.02.16 12:38:48,410038624,Magic_251101,CRITICAL_TRIM,127.53,122.97,3.58,0,Closed 0 worst trades
2026.02.16 12:38:48,410038624,Magic_251101,CRITICAL_TRIM,127.53,122.97,3.58,0,Closed 0 worst trades
2026.02.16 12:38:49,410038624,Magic_251101,CRITICAL_TRIM,127.53,122.97,3.58,0,Closed 0 worst trades
2026.02.16 12:38:49,410038624,Magic_251101,CRITICAL_TRIM,127.53,122.97,3.58,0,Closed 0 worst trades
2026.02.16 12:38:50,410038624,Magic_251101,CRITICAL_TRIM,127.53,122.97,3.58,0,Closed 0 worst trades
2026.02.16 12:38:50,410038624,Magic_251101,CRITICAL_TRIM,127.53,122.97,3.58,0,Closed 0 worst trades
2026.02.16 12:38:50,410038624,Magic_251101,CRITICAL_TRIM,127.53,122.97,3.58,0,Closed 0 worst trades
2026.02.16 12:38:50,410038624,Magic_251101,CRITICAL_TRIM,127.53,122.97,3.58,0,Closed 0 worst trades
2026.02.16 12:38:51,410038624,Magic_251101,CRITICAL_TRIM,127.53,122.97,3.58,0,Closed 0 worst trades
2026.02.16 12:38:51,410038624,Magic_251101,CRITICAL_TRIM,127.53,122.97,3.58,0,Closed 0 worst trades
2026.02.16 12:38:51,410038624,Magic_251101,CRITICAL_TRIM,127.53,122.97,3.58,0,Closed 0 worst trades
2026.02.16 12:38:51,410038624,Magic_251101,CRITICAL_TRIM,127.53,122.97,3.58,0,Closed 0 worst trades
2026.02.16 12:38:51,410038624,Magic_251101,CRITICAL_TRIM,127.53,122.97,3.58,0,Closed 0 worst trades
2026.02.16 12:38:51,410038624,Magic_251101,CRITICAL_TRIM,127.53,122.97,3.58,0,Closed 0 worst trades
2026.02.16 12:38:51,410038624,Magic_251101,CRITICAL_TRIM,127.53,122.97,3.58,0,Closed 0 worst trades
2026.02.16 12:38:52,410038624,Magic_251101,CRITICAL_TRIM,127.53,122.97,3.58,0,Closed 0 worst trades
2026.02.16 12:38:52,410038624,Magic_251101,CRITICAL_TRIM,127.53,122.97,3.58,0,Closed 0 worst trades
2026.02.16 12:38:52,410038624,Magic_251101,CRITICAL_TRIM,127.53,122.97,3.58,0,Closed 0 worst trades
2026.02.16 12:38:52,410038624,Magic_251101,CRITICAL_TRIM,127.53,122.97,3.58,0,Closed 0 worst trades
2026.02.16 12:38:52,410038624,Magic_251101,CRITICAL_TRIM,127.53,122.97,3.58,0,Closed 0 worst trades
2026.02.16 12:38:52,410038624,Magic_251101,CRITICAL_TRIM,127.53,122.97,3.58,0,Closed 0 worst trades
2026.02.16 12:38:52,410038624,Magic_251101,CRITICAL_TRIM,127.53,122.97,3.58,0,Closed 0 worst trades
2026.02.16 12:38:52,410038624,Magic_251101,CRITICAL_TRIM,127.53,122.97,3.58,0,Closed 0 worst trades
2026.02.16 12:38:53,410038624,Magic_251101,CRITICAL_TRIM,127.53,122.97,3.58,0,Closed 0 worst trades
2026.02.16 12:38:53,410038624,Magic_251101,CRITICAL_TRIM,127.53,122.97,3.58,0,Closed 0 worst trades
2026.02.16 12:38:53,410038624,Magic_251101,CRITICAL_TRIM,127.53,122.97,3.58,0,Closed 0 worst trades
2026.02.16 12:38:53,410038624,Magic_251101,CRITICAL_TRIM,127.53,122.97,3.58,0,Closed 0 worst trades
2026.02.16 12:38:53,410038624,Magic_251101,CRITICAL_TRIM,127.53,122.97,3.58,0,Closed 0 worst trades
2026.02.16 12:38:53,410038624,Magic_251101,CRITICAL_TRIM,127.53,122.97,3.58,0,Closed 0 worst trades
2026.02.16 12:38:53,410038624,Magic_251101,CRITICAL_TRIM,127.53,122.97,3.58,0,Closed 0 worst trades
2026.02.16 12:38:53,410038624,Magic_251101,CRITICAL_TRIM,127.53,122.97,3.58,0,Closed 0 worst trades
2026.02.16 12:38:53,410038624,Magic_251101,CRITICAL_TRIM,127.53,122.97,3.58,0,Closed 0 worst trades
2026.02.16 12:38:54,410038624,Magic_251101,CRITICAL_TRIM,127.53,122.97,3.58,0,Closed 0 worst trades
2026.02.16 12:38:55,410038624,Magic_251101,CRITICAL_TRIM,127.53,122.97,3.58,0,Closed 0 worst trades
2026.02.16 12:38:55,410038624,Magic_251101,CRITICAL_TRIM,127.53,122.97,3.58,0,Closed 0 worst trades
2026.02.16 12:38:55,410038624,Magic_251101,CRITICAL_TRIM,127.53,122.97,3.58,0,Closed 0 worst trades
2026.02.16 12:38:55,410038624,Magic_251101,CRITICAL_TRIM,127.53,122.97,3.58,0,Closed 0 worst trades
2026.02.16 12:38:56,410038624,Magic_251101,CRITICAL_TRIM,127.53,122.97,3.58,0,Closed 0 worst trades
2026.02.16 12:38:56,410038624,Magic_251101,CRITICAL_TRIM,127.53,122.97,3.58,0,Closed 0 worst trades
2026.02.16 12:38:56,410038624,Magic_251101,CRITICAL_TRIM,127.53,122.97,3.58,0,Closed 0 worst trades
2026.02.16 12:38:56,410038624,Magic_251101,CRITICAL_TRIM,127.53,122.97,3.58,0,Closed 0 worst trades
2026.02.16 12:38:56,410038624,Magic_251101,CRITICAL_TRIM,127.53,122.97,3.58,0,Closed 0 worst trades
2026.02.16 12:38:57,410038624,Magic_251101,CRITICAL_TRIM,127.53,122.97,3.58,0,Closed 0 worst trades
2026.02.16 12:38:57,410038624,Magic_251101,CRITICAL_TRIM,127.53,122.97,3.58,0,Closed 0 worst trades
2026.02.16 12:38:57,410038624,Magic_251101,CRITICAL_TRIM,127.53,122.97,3.58,0,Closed 0 worst trades
2026.02.16 12:38:57,410038624,Magic_251101,CRITICAL_TRIM,127.53,122.97,3.58,0,Closed 0 worst trades
2026.02.16 12:38:57,410038624,Magic_251101,CRITICAL_TRIM,127.53,122.97,3.58,0,Closed 0 worst trades
2026.02.16 12:38:57,410038624,Magic_251101,CRITICAL_TRIM,127.53,122.97,3.58,0,Closed 0 worst trades
2026.02.16 12:38:57,410038624,Magic_251101,CRITICAL_TRIM,127.53,122.97,3.58,0,Closed 0 worst trades
2026.02.16 12:38:57,410038624,Magic_251101,CRITICAL_TRIM,127.53,122.97,3.58,0,Closed 0 worst trades
2026.02.16 12:38:58,410038624,Magic_251101,CRITICAL_TRIM,127.53,122.97,3.58,0,Closed 0 worst trades
2026.02.16 12:38:58,410038624,Magic_251101,CRITICAL_TRIM,127.53,122.97,3.58,0,Closed 0 worst trades
2026.02.16 12:38:58,410038624,Magic_251101,CRITICAL_TRIM,127.53,122.97,3.58,0,Closed 0 worst trades
2026.02.16 12:38:58,410038624,Magic_251101,CRITICAL_TRIM,127.53,122.97,3.58,0,Closed 0 worst trades
2026.02.16 12:38:58,410038624,Magic_251101,CRITICAL_TRIM,127.53,122.97,3.58,0,Closed 0 worst trades
2026.02.16 12:38:58,410038624,Magic_251101,CRITICAL_TRIM,127.53,122.97,3.58,0,Closed 0 worst trades
2026.02.16 12:38:58,410038624,Magic_251101,CRITICAL_TRIM,127.53,122.97,3.58,0,Closed 0 worst trades
2026.02.16 12:38:58,410038624,Magic_251101,CRITICAL_TRIM,127.53,122.97,3.58,0,Closed 0 worst trades
2026.02.16 12:38:59,410038624,Magic_251101,CRITICAL_TRIM,127.53,122.97,3.58,0,Closed 0 worst trades
2026.02.16 12:38:59,410038624,Magic_251101,CRITICAL_TRIM,127.53,122.97,3.58,0,Closed 0 worst trades
2026.02.16 12:38:59,410038624,Magic_251101,CRITICAL_TRIM,127.53,122.97,3.58,0,Closed 0 worst trades
2026.02.16 12:39:00,410038624,Magic_251101,CRITICAL_TRIM,127.53,122.97,3.58,0,Closed 0 worst trades
2026.02.16 12:39:00,410038624,Magic_251101,CRITICAL_TRIM,127.53,122.97,3.58,0,Closed 0 worst trades
2026.02.16 12:39:00,410038624,Magic_251101,CRITICAL_TRIM,127.53,122.97,3.58,0,Closed 0 worst trades
2026.02.16 12:39:00,410038624,Magic_251101,CRITICAL_TRIM,127.53,122.97,3.58,0,Closed 0 worst trades
2026.02.16 12:39:00,410038624,Magic_251101,CRITICAL_TRIM,127.53,122.97,3.58,0,Closed 0 worst trades
2026.02.16 12:39:00,410038624,Magic_251101,CRITICAL_TRIM,127.53,122.97,3.58,0,Closed 0 worst trades
2026.02.16 12:39:01,410038624,Magic_251101,CRITICAL_TRIM,127.53,122.97,3.58,0,Closed 0 worst trades
2026.02.16 12:39:01,410038624,Magic_251101,CRITICAL_TRIM,127.53,122.97,3.58,0,Closed 0 worst trades
2026.02.16 12:39:01,410038624,Magic_251101,CRITICAL_TRIM,127.53,122.97,3.58,0,Closed 0 worst trades
2026.02.16 12:39:01,410038624,Magic_251101,CRITICAL_TRIM,127.53,122.97,3.58,0,Closed 0 worst trades
2026.02.16 12:39:01,410038624,Magic_251101,CRITICAL_TRIM,127.53,122.97,3.58,0,Closed 0 worst trades
2026.02.16 12:39:02,410038624,Magic_251101,CRITICAL_TRIM,127.53,122.97,3.58,0,Closed 0 worst trades
2026.02.16 12:39:02,410038624,Magic_251101,CRITICAL_TRIM,127.53,122.97,3.58,0,Closed 0 worst trades
2026.02.16 12:39:02,410038624,Magic_251101,CRITICAL_TRIM,127.53,122.97,3.58,0,Closed 0 worst trades
2026.02.16 12:39:02,410038624,Magic_251101,CRITICAL_TRIM,127.53,122.97,3.58,0,Closed 0 worst trades
2026.02.16 12:39:02,410038624,Magic_251101,CRITICAL_TRIM,127.53,122.97,3.58,0,Closed 0 worst trades
2026.02.16 12:39:02,410038624,Magic_251101,CRITICAL_TRIM,127.53,122.97,3.58,0,Closed 0 worst trades
2026.02.16 12:39:02,410038624,Magic_251101,CRITICAL_TRIM,127.53,122.97,3.58,0,Closed 0 worst trades
2026.02.16 12:39:03,410038624,Magic_251101,CRITICAL_TRIM,127.53,122.97,3.58,0,Closed 0 worst trades
2026.02.16 12:39:03,410038624,Magic_251101,CRITICAL_TRIM,127.53,122.97,3.58,0,Closed 0 worst trades
2026.02.16 12:39:03,410038624,Magic_251101,CRITICAL_TRIM,127.53,122.97,3.58,0,Closed 0 worst trades
2026.02.16 12:39:03,410038624,Magic_251101,CRITICAL_TRIM,127.53,122.97,3.58,0,Closed 0 worst trades
2026.02.16 12:39:03,410038624,Magic_251101,CRITICAL_TRIM,127.53,122.97,3.58,0,Closed 0 worst trades
2026.02.16 12:39:03,410038624,Magic_251101,CRITICAL_TRIM,127.53,122.97,3.58,0,Closed 0 worst trades
2026.02.16 12:39:03,410038624,Magic_251101,CRITICAL_TRIM,127.53,122.97,3.58,0,Closed 0 worst trades
2026.02.16 12:39:04,410038624,Magic_251101,CRITICAL_TRIM,127.53,122.97,3.58,0,Closed 0 worst trades
2026.02.16 12:39:04,410038624,Magic_251101,CRITICAL_TRIM,127.53,122.97,3.58,0,Closed 0 worst trades
2026.02.16 12:39:04,410038624,Magic_251101,CRITICAL_TRIM,127.53,122.97,3.58,0,Closed 0 worst trades
2026.02.16 12:39:04,410038624,Magic_251101,CRITICAL_TRIM,127.53,122.97,3.58,0,Closed 0 worst trades
2026.02.16 12:39:05,410038624,Magic_251101,CRITICAL_TRIM,127.53,122.97,3.58,0,Closed 0 worst trades
2026.02.16 12:39:05,410038624,Magic_251101,CRITICAL_TRIM,127.53,122.97,3.58,0,Closed 0 worst trades
2026.02.16 12:39:05,410038624,Magic_251101,CRITICAL_TRIM,127.53,122.97,3.58,0,Closed 0 worst trades
2026.02.16 12:39:05,410038624,Magic_251101,CRITICAL_TRIM,127.53,122.97,3.58,0,Closed 0 worst trades
2026.02.16 12:39:07,410038624,Magic_251101,CRITICAL_TRIM,127.53,122.97,3.58,0,Closed 0 worst trades
2026.02.16 12:39:07,410038624,Magic_251101,CRITICAL_TRIM,127.53,122.97,3.58,0,Closed 0 worst trades
2026.02.16 12:39:08,410038624,Magic_251101,CRITICAL_TRIM,127.53,122.97,3.58,0,Closed 0 worst trades
2026.02.16 12:39:08,410038624,Magic_251101,CRITICAL_TRIM,127.53,122.97,3.58,0,Closed 0 worst trades
2026.02.16 12:39:09,410038624,Magic_251101,CRITICAL_TRIM,127.53,122.97,3.58,0,Closed 0 worst trades
2026.02.16 12:39:09,410038624,Magic_251101,CRITICAL_TRIM,127.53,122.97,3.58,0,Closed 0 worst trades
2026.02.16 12:39:10,410038624,Magic_251101,CRITICAL_TRIM,127.53,122.97,3.58,0,Closed 0 worst trades
2026.02.16 12:39:10,410038624,Magic_251101,CRITICAL_TRIM,127.53,122.97,3.58,0,Closed 0 worst trades
2026.02.16 12:39:10,410038624,Magic_251101,CRITICAL_TRIM,127.53,122.97,3.58,0,Closed 0 worst trades
2026.02.16 12:39:10,410038624,Magic_251101,CRITICAL_TRIM,127.53,122.97,3.58,0,Closed 0 worst trades
2026.02.16 12:39:11,410038624,Magic_251101,CRITICAL_TRIM,127.53,122.97,3.58,0,Closed 0 worst trades
2026.02.16 12:39:11,410038624,Magic_251101,CRITICAL_TRIM,127.53,122.97,3.58,0,Closed 0 worst trades
2026.02.16 12:39:11,410038624,Magic_251101,CRITICAL_TRIM,127.53,122.97,3.58,0,Closed 0 worst trades
2026.02.16 12:39:11,410038624,Magic_251101,CRITICAL_TRIM,127.53,122.97,3.58,0,Closed 0 worst trades
2026.02.16 12:39:11,410038624,Magic_251101,CRITICAL_TRIM,127.53,122.97,3.58,0,Closed 0 worst trades
2026.02.16 12:39:11,410038624,Magic_251101,CRITICAL_TRIM,127.53,122.97,3.58,0,Closed 0 worst trades
2026.02.16 12:39:11,410038624,Magic_251101,CRITICAL_TRIM,127.53,122.97,3.58,0,Closed 0 worst trades
2026.02.16 12:39:12,410038624,Magic_251101,CRITICAL_TRIM,127.53,122.97,3.58,0,Closed 0 worst trades
2026.02.16 12:39:12,410038624,Magic_251101,CRITICAL_TRIM,127.53,122.97,3.58,0,Closed 0 worst trades
2026.02.16 12:39:12,410038624,Magic_251101,CRITICAL_TRIM,127.53,122.97,3.58,0,Closed 0 worst trades
2026.02.16 12:39:12,410038624,Magic_251101,CRITICAL_TRIM,127.53,122.97,3.58,0,Closed 0 worst trades
2026.02.16 12:39:12,410038624,Magic_251101,CRITICAL_TRIM,127.53,122.97,3.58,0,Closed 0 worst trades
2026.02.16 12:39:12,410038624,Magic_251101,CRITICAL_TRIM,127.53,122.97,3.58,0,Closed 0 worst trades
2026.02.16 12:39:13,410038624,Magic_251101,CRITICAL_TRIM,127.53,122.97,3.58,0,Closed 0 worst trades
2026.02.16 12:39:13,410038624,Magic_251101,CRITICAL_TRIM,127.53,122.97,3.58,0,Closed 0 worst trades
2026.02.16 12:39:13,410038624,Magic_251101,CRITICAL_TRIM,127.53,122.97,3.58,0,Closed 0 worst trades
2026.02.16 12:39:13,410038624,Magic_251101,CRITICAL_TRIM,127.53,122.97,3.58,0,Closed 0 worst trades
2026.02.16 12:39:14,410038624,Magic_251101,CRITICAL_TRIM,127.53,122.97,3.58,0,Closed 0 worst trades
2026.02.16 12:39:14,410038624,Magic_251101,CRITICAL_TRIM,127.53,122.97,3.58,0,Closed 0 worst trades
2026.02.16 12:39:14,410038624,Magic_251101,CRITICAL_TRIM,127.53,122.97,3.58,0,Closed 0 worst trades
2026.02.16 12:39:15,410038624,Magic_251101,CRITICAL_TRIM,127.53,122.97,3.58,0,Closed 0 worst trades
2026.02.16 12:39:15,410038624,Magic_251101,CRITICAL_TRIM,127.53,122.97,3.58,0,Closed 0 worst trades
2026.02.16 12:39:15,410038624,Magic_251101,CRITICAL_TRIM,127.53,122.97,3.58,0,Closed 0 worst trades
2026.02.16 12:39:15,410038624,Magic_251101,CRITICAL_TRIM,127.53,122.97,3.58,0,Closed 0 worst trades
2026.02.16 12:39:16,410038624,Magic_251101,CRITICAL_TRIM,127.53,122.97,3.58,0,Closed 0 worst trades
2026.02.16 12:39:16,410038624,Magic_251101,CRITICAL_TRIM,127.53,122.97,3.58,0,Closed 0 worst trades
2026.02.16 12:39:16,410038624,Magic_251101,CRITICAL_TRIM,127.53,122.97,3.58,0,Closed 0 worst trades
2026.02.16 12:39:16,410038624,Magic_251101,CRITICAL_TRIM,127.53,122.97,3.58,0,Closed 0 worst trades
2026.02.16 12:39:16,410038624,Magic_251101,CRITICAL_TRIM,127.53,122.97,3.58,0,Closed 0 worst trades
2026.02.16 12:39:16,410038624,Magic_251101,CRITICAL_TRIM,127.53,122.97,3.58,0,Closed 0 worst trades
2026.02.16 12:39:16,410038624,Magic_251101,CRITICAL_TRIM,127.53,122.97,3.58,0,Closed 0 worst trades
2026.02.16 12:39:16,410038624,Magic_251101,CRITICAL_TRIM,127.53,122.97,3.58,0,Closed 0 worst trades
2026.02.16 12:39:17,410038624,Magic_251101,CRITICAL_TRIM,127.53,122.97,3.58,0,Closed 0 worst trades
2026.02.16 12:39:17,410038624,Magic_251101,CRITICAL_TRIM,127.53,122.97,3.58,0,Closed 0 worst trades
2026.02.16 12:39:17,410038624,Magic_251101,CRITICAL_TRIM,127.53,122.97,3.58,0,Closed 0 worst trades
2026.02.16 12:39:17,410038624,Magic_251101,CRITICAL_TRIM,127.53,122.97,3.58,0,Closed 0 worst trades
2026.02.16 12:39:17,410038624,Magic_251101,CRITICAL_TRIM,127.53,122.97,3.58,0,Closed 0 worst trades
2026.02.16 12:39:18,410038624,Magic_251101,CRITICAL_TRIM,127.53,122.97,3.58,0,Closed 0 worst trades
2026.02.16 12:39:18,410038624,Magic_251101,CRITICAL_TRIM,127.53,122.97,3.58,0,Closed 0 worst trades
2026.02.16 12:39:18,410038624,Magic_251101,CRITICAL_TRIM,127.53,122.97,3.58,0,Closed 0 worst trades
2026.02.16 12:39:18,410038624,Magic_251101,CRITICAL_TRIM,127.53,122.97,3.58,0,Closed 0 worst trades
2026.02.16 12:39:18,410038624,Magic_251101,CRITICAL_TRIM,127.53,122.97,3.58,0,Closed 0 worst trades
2026.02.16 12:39:19,410038624,Magic_251101,CRITICAL_TRIM,127.53,122.97,3.58,0,Closed 0 worst trades
2026.02.16 12:39:19,410038624,Magic_251101,CRITICAL_TRIM,127.53,122.97,3.58,0,Closed 0 worst trades
2026.02.16 12:39:19,410038624,Magic_251101,CRITICAL_TRIM,127.53,122.97,3.58,0,Closed 0 worst trades
2026.02.16 12:39:19,410038624,Magic_251101,CRITICAL_TRIM,127.53,122.97,3.58,0,Closed 0 worst trades
2026.02.16 12:39:19,410038624,Magic_251101,CRITICAL_TRIM,127.53,122.97,3.58,0,Closed 0 worst trades
2026.02.16 12:39:19,410038624,Magic_251101,CRITICAL_TRIM,127.53,122.97,3.58,0,Closed 0 worst trades
2026.02.16 12:39:19,410038624,Magic_251101,CRITICAL_TRIM,127.53,122.97,3.58,0,Closed 0 worst trades
2026.02.16 12:39:19,410038624,Magic_251101,CRITICAL_TRIM,127.53,122.97,3.58,0,Closed 0 worst trades
2026.02.16 12:39:20,410038624,Magic_251101,CRITICAL_TRIM,127.53,122.97,3.58,0,Closed 0 worst trades
2026.02.16 12:39:20,410038624,Magic_251101,CRITICAL_TRIM,127.53,122.97,3.58,0,Closed 0 worst trades
2026.02.16 12:39:20,410038624,Magic_251101,CRITICAL_TRIM,127.53,122.97,3.58,0,Closed 0 worst trades
2026.02.16 12:39:20,410038624,Magic_251101,CRITICAL_TRIM,127.53,122.97,3.58,0,Closed 0 worst trades
2026.02.16 12:39:20,410038624,Magic_251101,CRITICAL_TRIM,127.53,122.97,3.58,0,Closed 0 worst trades
2026.02.16 12:39:20,410038624,Magic_251101,CRITICAL_TRIM,127.53,122.97,3.58,0,Closed 0 worst trades
2026.02.16 12:39:21,410038624,Magic_251101,CRITICAL_TRIM,127.53,122.97,3.58,0,Closed 0 worst trades
2026.02.16 12:39:21,410038624,Magic_251101,CRITICAL_TRIM,127.53,122.97,3.58,0,Closed 0 worst trades
2026.02.16 12:39:21,410038624,Magic_251101,CRITICAL_TRIM,127.53,122.97,3.58,0,Closed 0 worst trades
2026.02.16 12:39:21,410038624,Magic_251101,CRITICAL_TRIM,127.53,122.97,3.58,0,Closed 0 worst trades
2026.02.16 12:39:21,410038624,Magic_251101,CRITICAL_TRIM,127.53,122.97,3.58,0,Closed 0 worst trades
2026.02.16 12:39:21,410038624,Magic_251101,CRITICAL_TRIM,127.53,122.97,3.58,0,Closed 0 worst trades
2026.02.16 12:39:22,410038624,Magic_251101,CRITICAL_TRIM,127.53,122.97,3.58,0,Closed 0 worst trades
2026.02.16 12:39:23,410038624,Magic_251101,CRITICAL_TRIM,127.53,122.97,3.58,0,Closed 0 worst trades
2026.02.16 12:39:23,410038624,Magic_251101,CRITICAL_TRIM,127.53,122.97,3.58,0,Closed 0 worst trades
2026.02.16 12:39:23,410038624,Magic_251101,CRITICAL_TRIM,127.53,122.97,3.58,0,Closed 0 worst trades
2026.02.16 12:39:23,410038624,Magic_251101,CRITICAL_TRIM,127.53,122.97,3.58,0,Closed 0 worst trades
2026.02.16 12:39:23,410038624,Magic_251101,CRITICAL_TRIM,127.53,122.97,3.58,0,Closed 0 worst trades
2026.02.16 12:39:23,410038624,Magic_251101,CRITICAL_TRIM,127.53,122.97,3.58,0,Closed 0 worst trades
2026.02.16 12:39:23,410038624,Magic_251101,CRITICAL_TRIM,127.53,122.97,3.58,0,Closed 0 worst trades
2026.02.16 12:39:24,410038624,Magic_251101,CRITICAL_TRIM,127.53,122.97,3.58,0,Closed 0 worst trades
2026.02.16 12:39:24,410038624,Magic_251101,CRITICAL_TRIM,127.53,122.97,3.58,0,Closed 0 worst trades
2026.02.16 12:39:24,410038624,Magic_251101,CRITICAL_TRIM,127.53,122.97,3.58,0,Closed 0 worst trades
2026.02.16 12:39:24,410038624,Magic_251101,CRITICAL_TRIM,127.53,122.97,3.58,0,Closed 0 worst trades
2026.02.16 12:39:24,410038624,Magic_251101,CRITICAL_TRIM,127.53,122.97,3.58,0,Closed 0 worst trades
2026.02.16 12:39:25,410038624,Magic_251101,CRITICAL_TRIM,127.53,122.97,3.58,0,Closed 0 worst trades
2026.02.16 12:39:25,410038624,Magic_251101,CRITICAL_TRIM,127.53,122.97,3.58,0,Closed 0 worst trades
2026.02.16 12:39:25,410038624,Magic_251101,CRITICAL_TRIM,127.53,122.97,3.58,0,Closed 0 worst trades
2026.02.16 12:39:25,410038624,Magic_251101,CRITICAL_TRIM,127.53,122.97,3.58,0,Closed 0 worst trades
2026.02.16 12:39:25,410038624,Magic_251101,CRITICAL_TRIM,127.53,122.97,3.58,0,Closed 0 worst trades
2026.02.16 12:39:25,410038624,Magic_251101,CRITICAL_TRIM,127.53,122.97,3.58,0,Closed 0 worst trades
2026.02.16 12:39:25,410038624,Magic_251101,CRITICAL_TRIM,127.53,122.97,3.58,0,Closed 0 worst trades
2026.02.16 12:39:25,410038624,Magic_251101,CRITICAL_TRIM,127.53,122.97,3.58,0,Closed 0 worst trades
2026.02.16 12:39:26,410038624,Magic_251101,CRITICAL_TRIM,127.53,122.97,3.58,0,Closed 0 worst trades
2026.02.16 12:39:26,410038624,Magic_251101,CRITICAL_TRIM,127.53,122.97,3.58,0,Closed 0 worst trades
2026.02.16 12:39:26,410038624,Magic_251101,CRITICAL_TRIM,127.53,122.97,3.58,0,Closed 0 worst trades
2026.02.16 12:39:26,410038624,Magic_251101,CRITICAL_TRIM,127.53,122.97,3.58,0,Closed 0 worst trades
2026.02.16 12:39:26,410038624,Magic_251101,CRITICAL_TRIM,127.53,122.97,3.58,0,Closed 0 worst trades
2026.02.16 12:39:27,410038624,Magic_251101,CRITICAL_TRIM,127.53,122.97,3.58,0,Closed 0 worst trades
2026.02.16 12:39:27,410038624,Magic_251101,CRITICAL_TRIM,127.53,122.97,3.58,0,Closed 0 worst trades
2026.02.16 12:39:28,410038624,Magic_251101,CRITICAL_TRIM,127.53,122.97,3.58,0,Closed 0 worst trades
2026.02.16 12:39:28,410038624,Magic_251101,CRITICAL_TRIM,127.53,122.97,3.58,0,Closed 0 worst trades
2026.02.16 12:39:29,410038624,Magic_251101,CRITICAL_TRIM,127.53,122.97,3.58,0,Closed 0 worst trades
2026.02.16 12:39:29,410038624,Magic_251101,CRITICAL_TRIM,127.53,122.97,3.58,0,Closed 0 worst trades
2026.02.16 12:39:29,410038624,Magic_251101,CRITICAL_TRIM,127.53,122.97,3.58,0,Closed 0 worst trades
2026.02.16 12:39:29,410038624,Magic_251101,CRITICAL_TRIM,127.53,122.97,3.58,0,Closed 0 worst trades
2026.02.16 12:39:29,410038624,Magic_251101,CRITICAL_TRIM,127.53,122.97,3.58,0,Closed 0 worst trades
2026.02.16 12:39:30,410038624,Magic_251101,CRITICAL_TRIM,127.53,122.97,3.58,0,Closed 0 worst trades
2026.02.16 12:39:30,410038624,Magic_251101,CRITICAL_TRIM,127.53,122.97,3.58,0,Closed 0 worst trades
2026.02.16 12:39:30,410038624,Magic_251101,CRITICAL_TRIM,127.53,122.97,3.58,0,Closed 0 worst trades
2026.02.16 12:39:30,410038624,Magic_251101,CRITICAL_TRIM,127.53,122.97,3.58,0,Closed 0 worst trades
2026.02.16 12:39:30,410038624,Magic_251101,CRITICAL_TRIM,127.53,122.97,3.58,0,Closed 0 worst trades
2026.02.16 12:39:30,410038624,Magic_251101,CRITICAL_TRIM,127.53,122.97,3.58,0,Closed 0 worst trades
2026.02.16 12:39:30,410038624,Magic_251101,CRITICAL_TRIM,127.53,122.97,3.58,0,Closed 0 worst trades
2026.02.16 12:39:31,410038624,Magic_251101,CRITICAL_TRIM,127.53,122.97,3.58,0,Closed 0 worst trades
2026.02.16 12:39:31,410038624,Magic_251101,CRITICAL_TRIM,127.53,122.97,3.58,0,Closed 0 worst trades
2026.02.16 12:39:31,410038624,Magic_251101,CRITICAL_TRIM,127.53,122.97,3.58,0,Closed 0 worst trades
2026.02.16 12:39:31,410038624,Magic_251101,CRITICAL_TRIM,127.53,122.97,3.58,0,Closed 0 worst trades
2026.02.16 12:39:32,410038624,Magic_251101,CRITICAL_TRIM,127.53,122.97,3.58,0,Closed 0 worst trades
2026.02.16 12:39:32,410038624,Magic_251101,CRITICAL_TRIM,127.53,122.97,3.58,0,Closed 0 worst trades
2026.02.16 12:39:32,410038624,Magic_251101,CRITICAL_TRIM,127.53,122.97,3.58,0,Closed 0 worst trades
2026.02.16 12:39:32,410038624,Magic_251101,CRITICAL_TRIM,127.53,122.97,3.58,0,Closed 0 worst trades
2026.02.16 12:39:33,410038624,Magic_251101,CRITICAL_TRIM,127.53,122.97,3.58,0,Closed 0 worst trades
2026.02.16 12:39:33,410038624,Magic_251101,CRITICAL_TRIM,127.53,122.97,3.58,0,Closed 0 worst trades
2026.02.16 12:39:33,410038624,Magic_251101,CRITICAL_TRIM,127.53,122.97,3.58,0,Closed 0 worst trades
2026.02.16 12:39:33,410038624,Magic_251101,CRITICAL_TRIM,127.53,122.97,3.58,0,Closed 0 worst trades
2026.02.16 12:39:33,410038624,Magic_251101,CRITICAL_TRIM,127.53,122.97,3.58,0,Closed 0 worst trades
2026.02.16 12:39:33,410038624,Magic_251101,CRITICAL_TRIM,127.53,122.97,3.58,0,Closed 0 worst trades
2026.02.16 12:39:33,410038624,Magic_251101,CRITICAL_TRIM,127.53,122.97,3.58,0,Closed 0 worst trades
2026.02.16 12:39:33,410038624,Magic_251101,CRITICAL_TRIM,127.53,122.97,3.58,0,Closed 0 worst trades
2026.02.16 12:39:34,410038624,Magic_251101,CRITICAL_TRIM,127.53,122.97,3.58,0,Closed 0 worst trades
2026.02.16 12:39:34,410038624,Magic_251101,CRITICAL_TRIM,127.53,122.97,3.58,0,Closed 0 worst trades
2026.02.16 12:39:34,410038624,Magic_251101,CRITICAL_TRIM,127.53,122.97,3.58,0,Closed 0 worst trades
2026.02.16 12:39:34,410038624,Magic_251101,CRITICAL_TRIM,127.53,122.97,3.58,0,Closed 0 worst trades
2026.02.16 12:39:34,410038624,Magic_251101,CRITICAL_TRIM,127.53,122.97,3.58,0,Closed 0 worst trades
2026.02.16 12:39:35,410038624,Magic_251101,CRITICAL_TRIM,127.53,122.97,3.58,0,Closed 0 worst trades
2026.02.16 12:39:35,410038624,Magic_251101,CRITICAL_TRIM,127.53,122.97,3.58,0,Closed 0 worst trades
2026.02.16 12:39:35,410038624,Magic_251101,CRITICAL_TRIM,127.53,122.97,3.58,0,Closed 0 worst trades
2026.02.16 12:39:35,410038624,Magic_251101,CRITICAL_TRIM,127.53,122.97,3.58,0,Closed 0 worst trades
2026.02.16 12:39:36,410038624,Magic_251101,CRITICAL_TRIM,127.53,122.97,3.58,0,Closed 0 worst trades
2026.02.16 12:39:36,410038624,Magic_251101,CRITICAL_TRIM,127.53,122.97,3.58,0,Closed 0 worst trades
2026.02.16 12:39:37,410038624,Magic_251101,CRITICAL_TRIM,127.53,122.97,3.58,0,Closed 0 worst trades
2026.02.16 12:39:37,410038624,Magic_251101,CRITICAL_TRIM,127.53,122.97,3.58,0,Closed 0 worst trades
2026.02.16 12:39:37,410038624,Magic_251101,CRITICAL_TRIM,127.53,122.97,3.58,0,Closed 0 worst trades
2026.02.16 12:39:37,410038624,Magic_251101,CRITICAL_TRIM,127.53,122.97,3.58,0,Closed 0 worst trades
2026.02.16 12:39:37,410038624,Magic_251101,CRITICAL_TRIM,127.53,122.97,3.58,0,Closed 0 worst trades
2026.02.16 12:39:38,410038624,Magic_251101,CRITICAL_TRIM,127.53,122.97,3.58,0,Closed 0 worst trades
2026.02.16 12:39:38,410038624,Magic_251101,CRITICAL_TRIM,127.53,122.97,3.58,0,Closed 0 worst trades
2026.02.16 12:39:38,410038624,Magic_251101,CRITICAL_TRIM,127.53,122.97,3.58,0,Closed 0 worst trades
2026.02.16 12:39:38,410038624,Magic_251101,CRITICAL_TRIM,127.53,122.97,3.58,0,Closed 0 worst trades
2026.02.16 12:39:38,410038624,Magic_251101,CRITICAL_TRIM,127.53,122.97,3.58,0,Closed 0 worst trades
2026.02.16 12:39:38,410038624,Magic_251101,CRITICAL_TRIM,127.53,122.97,3.58,0,Closed 0 worst trades
2026.02.16 12:39:39,410038624,Magic_251101,CRITICAL_TRIM,127.53,122.97,3.58,0,Closed 0 worst trades
2026.02.16 12:39:39,410038624,Magic_251101,CRITICAL_TRIM,127.53,122.97,3.58,0,Closed 0 worst trades
2026.02.16 12:39:39,410038624,Magic_251101,CRITICAL_TRIM,127.53,122.97,3.58,0,Closed 0 worst trades
2026.02.16 12:39:39,410038624,Magic_251101,CRITICAL_TRIM,127.53,122.97,3.58,0,Closed 0 worst trades
2026.02.16 12:39:39,410038624,Magic_251101,CRITICAL_TRIM,127.53,122.97,3.58,0,Closed 0 worst trades
2026.02.16 12:39:39,410038624,Magic_251101,CRITICAL_TRIM,127.53,122.97,3.58,0,Closed 0 worst trades
2026.02.16 12:39:39,410038624,Magic_251101,CRITICAL_TRIM,127.53,122.97,3.58,0,Closed 0 worst trades
2026.02.16 12:39:40,410038624,Magic_251101,CRITICAL_TRIM,127.53,122.97,3.58,0,Closed 0 worst trades
2026.02.16 12:39:40,410038624,Magic_251101,CRITICAL_TRIM,127.53,122.97,3.58,0,Closed 0 worst trades
2026.02.16 12:39:40,410038624,Magic_251101,CRITICAL_TRIM,127.53,122.97,3.58,0,Closed 0 worst trades
2026.02.16 12:39:40,410038624,Magic_251101,CRITICAL_TRIM,127.53,122.97,3.58,0,Closed 0 worst trades
2026.02.16 12:39:40,410038624,Magic_251101,CRITICAL_TRIM,127.53,122.97,3.58,0,Closed 0 worst trades
2026.02.16 12:39:40,410038624,Magic_251101,CRITICAL_TRIM,127.53,122.97,3.58,0,Closed 0 worst trades
2026.02.16 12:39:40,410038624,Magic_251101,CRITICAL_TRIM,127.53,122.97,3.58,0,Closed 0 worst trades
2026.02.16 12:39:41,410038624,Magic_251101,CRITICAL_TRIM,127.53,122.97,3.58,0,Closed 0 worst trades
2026.02.16 12:39:41,410038624,Magic_251101,CRITICAL_TRIM,127.53,122.97,3.58,0,Closed 0 worst trades
2026.02.16 12:39:41,410038624,Magic_251101,CRITICAL_TRIM,127.53,122.97,3.58,0,Closed 0 worst trades
2026.02.16 12:39:41,410038624,Magic_251101,CRITICAL_TRIM,127.53,122.97,3.58,0,Closed 0 worst trades
2026.02.16 12:39:41,410038624,Magic_251101,CRITICAL_TRIM,127.53,122.97,3.58,0,Closed 0 worst trades
2026.02.16 12:39:41,410038624,Magic_251101,CRITICAL_TRIM,127.53,122.97,3.58,0,Closed 0 worst trades
2026.02.16 12:39:42,410038624,Magic_251101,CRITICAL_TRIM,127.53,122.97,3.58,0,Closed 0 worst trades
2026.02.16 12:39:42,410038624,Magic_251101,CRITICAL_TRIM,127.53,122.97,3.58,0,Closed 0 worst trades
2026.02.16 12:39:42,410038624,Magic_251101,CRITICAL_TRIM,127.53,122.97,3.58,0,Closed 0 worst trades
2026.02.16 12:39:42,410038624,Magic_251101,CRITICAL_TRIM,127.53,122.97,3.58,0,Closed 0 worst trades
2026.02.16 12:39:43,410038624,Magic_251101,CRITICAL_TRIM,127.53,122.97,3.58,0,Closed 0 worst trades
2026.02.16 12:39:43,410038624,Magic_251101,CRITICAL_TRIM,127.53,122.97,3.58,0,Closed 0 worst trades
2026.02.16 12:39:43,410038624,Magic_251101,CRITICAL_TRIM,127.53,122.97,3.58,0,Closed 0 worst trades
2026.02.16 12:39:43,410038624,Magic_251101,CRITICAL_TRIM,127.53,122.97,3.58,0,Closed 0 worst trades
2026.02.16 12:39:43,410038624,Magic_251101,CRITICAL_TRIM,127.53,122.97,3.58,0,Closed 0 worst trades
2026.02.16 12:39:43,410038624,Magic_251101,CRITICAL_TRIM,127.53,122.97,3.58,0,Closed 0 worst trades
2026.02.16 12:39:44,410038624,Magic_251101,CRITICAL_TRIM,127.53,122.97,3.58,0,Closed 0 worst trades
2026.02.16 12:39:44,410038624,Magic_251101,CRITICAL_TRIM,127.53,122.97,3.58,0,Closed 0 worst trades
2026.02.16 12:39:44,410038624,Magic_251101,CRITICAL_TRIM,127.53,122.97,3.58,0,Closed 0 worst trades
2026.02.16 12:39:44,410038624,Magic_251101,CRITICAL_TRIM,127.53,122.97,3.58,0,Closed 0 worst trades
2026.02.16 12:39:44,410038624,Magic_251101,CRITICAL_TRIM,127.53,122.97,3.58,0,Closed 0 worst trades
2026.02.16 12:39:45,410038624,Magic_251101,CRITICAL_TRIM,127.53,122.97,3.58,0,Closed 0 worst trades
2026.02.16 12:39:45,410038624,Magic_251101,CRITICAL_TRIM,127.53,122.97,3.58,0,Closed 0 worst trades
2026.02.16 12:39:45,410038624,Magic_251101,CRITICAL_TRIM,127.53,122.97,3.58,0,Closed 0 worst trades
2026.02.16 12:39:45,410038624,Magic_251101,CRITICAL_TRIM,127.53,122.97,3.58,0,Closed 0 worst trades
2026.02.16 12:39:45,410038624,Magic_251101,CRITICAL_TRIM,127.53,122.97,3.58,0,Closed 0 worst trades
2026.02.16 12:39:45,410038624,Magic_251101,CRITICAL_TRIM,127.53,122.97,3.58,0,Closed 0 worst trades
2026.02.16 12:39:46,410038624,Magic_251101,CRITICAL_TRIM,127.53,122.97,3.58,0,Closed 0 worst trades
2026.02.16 12:39:46,410038624,Magic_251101,CRITICAL_TRIM,127.53,122.97,3.58,0,Closed 0 worst trades
2026.02.16 12:39:46,410038624,Magic_251101,CRITICAL_TRIM,127.53,122.97,3.58,0,Closed 0 worst trades
2026.02.16 12:39:46,410038624,Magic_251101,CRITICAL_TRIM,127.53,122.97,3.58,0,Closed 0 worst trades
2026.02.16 12:39:46,410038624,Magic_251101,CRITICAL_TRIM,127.53,122.97,3.58,0,Closed 0 worst trades
2026.02.16 12:39:46,410038624,Magic_251101,CRITICAL_TRIM,127.53,122.97,3.58,0,Closed 0 worst trades
2026.02.16 12:39:47,410038624,Magic_251101,CRITICAL_TRIM,127.53,122.97,3.58,0,Closed 0 worst trades
2026.02.16 12:39:47,410038624,Magic_251101,CRITICAL_TRIM,127.53,122.97,3.58,0,Closed 0 worst trades
2026.02.16 12:39:48,410038624,Magic_251101,CRITICAL_TRIM,127.53,122.97,3.58,0,Closed 0 worst trades
2026.02.16 12:39:48,410038624,Magic_251101,CRITICAL_TRIM,127.53,122.97,3.58,0,Closed 0 worst trades
2026.02.16 12:39:48,410038624,Magic_251101,CRITICAL_TRIM,127.53,122.97,3.58,0,Closed 0 worst trades
2026.02.16 12:39:48,410038624,Magic_251101,CRITICAL_TRIM,127.53,122.97,3.58,0,Closed 0 worst trades
2026.02.16 12:39:48,410038624,Magic_251101,CRITICAL_TRIM,127.53,122.97,3.58,0,Closed 0 worst trades
2026.02.16 12:39:49,410038624,Magic_251101,CRITICAL_TRIM,127.53,122.97,3.58,0,Closed 0 worst trades
2026.02.16 12:39:49,410038624,Magic_251101,CRITICAL_TRIM,127.53,122.97,3.58,0,Closed 0 worst trades
2026.02.16 12:39:49,410038624,Magic_251101,CRITICAL_TRIM,127.53,122.97,3.58,0,Closed 0 worst trades
2026.02.16 12:39:49,410038624,Magic_251101,CRITICAL_TRIM,127.53,122.97,3.58,0,Closed 0 worst trades
2026.02.16 12:39:50,410038624,Magic_251101,CRITICAL_TRIM,127.53,122.97,3.58,0,Closed 0 worst trades
2026.02.16 12:39:51,410038624,Magic_251101,CRITICAL_TRIM,127.53,122.97,3.58,0,Closed 0 worst trades
2026.02.16 12:39:51,410038624,Magic_251101,CRITICAL_TRIM,127.53,122.97,3.58,0,Closed 0 worst trades
2026.02.16 12:39:51,410038624,Magic_251101,CRITICAL_TRIM,127.53,122.97,3.58,0,Closed 0 worst trades
2026.02.16 12:39:51,410038624,Magic_251101,CRITICAL_TRIM,127.53,122.97,3.58,0,Closed 0 worst trades
2026.02.16 12:39:51,410038624,Magic_251101,CRITICAL_TRIM,127.53,122.97,3.58,0,Closed 0 worst trades
2026.02.16 12:39:52,410038624,Magic_251101,CRITICAL_TRIM,127.53,122.97,3.58,0,Closed 0 worst trades
2026.02.16 12:39:52,410038624,Magic_251101,CRITICAL_TRIM,127.53,122.97,3.58,0,Closed 0 worst trades
2026.02.16 12:39:52,410038624,Magic_251101,CRITICAL_TRIM,127.53,122.97,3.58,0,Closed 0 worst trades
2026.02.16 12:39:53,410038624,Magic_251101,CRITICAL_TRIM,127.53,122.97,3.58,0,Closed 0 worst trades
2026.02.16 12:39:53,410038624,Magic_251101,CRITICAL_TRIM,127.53,122.97,3.58,0,Closed 0 worst trades
2026.02.16 12:39:53,410038624,Magic_251101,CRITICAL_TRIM,127.53,122.97,3.58,0,Closed 0 worst trades
2026.02.16 12:39:53,410038624,Magic_251101,CRITICAL_TRIM,127.53,122.97,3.58,0,Closed 0 worst trades
2026.02.16 12:39:54,410038624,Magic_251101,CRITICAL_TRIM,127.53,122.97,3.58,0,Closed 0 worst trades
2026.02.16 12:39:54,410038624,Magic_251101,CRITICAL_TRIM,127.53,122.97,3.58,0,Closed 0 worst trades
2026.02.16 12:39:55,410038624,Magic_251101,CRITICAL_TRIM,127.53,122.97,3.58,0,Closed 0 worst trades
2026.02.16 12:39:55,410038624,Magic_251101,CRITICAL_TRIM,127.53,122.97,3.58,0,Closed 0 worst trades
2026.02.16 12:39:55,410038624,Magic_251101,CRITICAL_TRIM,127.53,122.97,3.58,0,Closed 0 worst trades
2026.02.16 12:39:55,410038624,Magic_251101,CRITICAL_TRIM,127.53,122.97,3.58,0,Closed 0 worst trades
2026.02.16 12:39:56,410038624,Magic_251101,CRITICAL_TRIM,127.53,122.97,3.58,0,Closed 0 worst trades
2026.02.16 12:39:56,410038624,Magic_251101,CRITICAL_TRIM,127.53,122.97,3.58,0,Closed 0 worst trades
2026.02.16 12:39:56,410038624,Magic_251101,CRITICAL_TRIM,127.53,122.97,3.58,0,Closed 0 worst trades
2026.02.16 12:39:56,410038624,Magic_251101,CRITICAL_TRIM,127.53,122.97,3.58,0,Closed 0 worst trades
2026.02.16 12:39:57,410038624,Magic_251101,CRITICAL_TRIM,127.53,122.97,3.58,0,Closed 0 worst trades
2026.02.16 12:39:57,410038624,Magic_251101,CRITICAL_TRIM,127.53,122.97,3.58,0,Closed 0 worst trades
2026.02.16 12:39:57,410038624,Magic_251101,CRITICAL_TRIM,127.53,122.97,3.58,0,Closed 0 worst trades
2026.02.16 12:39:59,410038624,Magic_251101,CRITICAL_TRIM,127.53,122.97,3.58,0,Closed 0 worst trades
2026.02.16 12:39:59,410038624,Magic_251101,CRITICAL_TRIM,127.53,122.97,3.58,0,Closed 0 worst trades
2026.02.16 12:39:59,410038624,Magic_251101,CRITICAL_TRIM,127.53,122.97,3.58,0,Closed 0 worst trades
2026.02.16 12:39:59,410038624,Magic_251101,CRITICAL_TRIM,127.53,122.97,3.58,0,Closed 0 worst trades
2026.02.16 12:39:59,410038624,Magic_251101,CRITICAL_TRIM,127.53,122.97,3.58,0,Closed 0 worst trades
2026.02.16 12:40:00,410038624,Magic_251101,CRITICAL_TRIM,127.53,122.97,3.58,0,Closed 0 worst trades
2026.02.16 12:40:00,410038624,Magic_251101,CRITICAL_TRIM,127.53,122.97,3.58,0,Closed 0 worst trades
2026.02.16 12:40:00,410038624,Magic_251101,CRITICAL_TRIM,127.53,122.97,3.58,0,Closed 0 worst trades
2026.02.16 12:40:00,410038624,Magic_251101,CRITICAL_TRIM,127.53,122.97,3.58,0,Closed 0 worst trades
2026.02.16 12:40:00,410038624,Magic_251101,CRITICAL_TRIM,127.53,122.97,3.58,0,Closed 0 worst trades
2026.02.16 12:40:00,410038624,Magic_251101,CRITICAL_TRIM,127.53,122.97,3.58,0,Closed 0 worst trades
2026.02.16 12:40:00,410038624,Magic_251101,CRITICAL_TRIM,127.53,122.97,3.58,0,Closed 0 worst trades
2026.02.16 12:40:01,410038624,Magic_251101,CRITICAL_TRIM,127.53,122.97,3.58,0,Closed 0 worst trades
2026.02.16 12:40:01,410038624,Magic_251101,CRITICAL_TRIM,127.53,122.97,3.58,0,Closed 0 worst trades
2026.02.16 12:40:01,410038624,Magic_251101,CRITICAL_TRIM,127.53,122.97,3.58,0,Closed 0 worst trades
2026.02.16 12:40:01,410038624,Magic_251101,CRITICAL_TRIM,127.53,122.97,3.58,0,Closed 0 worst trades
2026.02.16 12:40:01,410038624,Magic_251101,CRITICAL_TRIM,127.53,122.97,3.58,0,Closed 0 worst trades
2026.02.16 12:40:01,410038624,Magic_251101,CRITICAL_TRIM,127.53,122.97,3.58,0,Closed 0 worst trades
2026.02.16 12:40:02,410038624,Magic_251101,CRITICAL_TRIM,127.53,122.97,3.58,0,Closed 0 worst trades
2026.02.16 12:40:02,410038624,Magic_251101,CRITICAL_TRIM,127.53,122.97,3.58,0,Closed 0 worst trades
2026.02.16 12:40:02,410038624,Magic_251101,CRITICAL_TRIM,127.53,122.97,3.58,0,Closed 0 worst trades
2026.02.16 12:40:02,410038624,Magic_251101,CRITICAL_TRIM,127.53,122.97,3.58,0,Closed 0 worst trades
2026.02.16 12:40:02,410038624,Magic_251101,CRITICAL_TRIM,127.53,122.97,3.58,0,Closed 0 worst trades
2026.02.16 12:40:02,410038624,Magic_251101,CRITICAL_TRIM,127.53,122.97,3.58,0,Closed 0 worst trades
2026.02.16 12:40:03,410038624,Magic_251101,CRITICAL_TRIM,127.53,122.97,3.58,0,Closed 0 worst trades
2026.02.16 12:40:03,410038624,Magic_251101,CRITICAL_TRIM,127.53,122.97,3.58,0,Closed 0 worst trades
2026.02.16 12:40:03,410038624,Magic_251101,CRITICAL_TRIM,127.53,122.97,3.58,0,Closed 0 worst trades
2026.02.16 12:40:03,410038624,Magic_251101,CRITICAL_TRIM,127.53,122.97,3.58,0,Closed 0 worst trades
2026.02.16 12:40:03,410038624,Magic_251101,CRITICAL_TRIM,127.53,122.97,3.58,0,Closed 0 worst trades
2026.02.16 12:40:03,410038624,Magic_251101,CRITICAL_TRIM,127.53,122.97,3.58,0,Closed 0 worst trades
2026.02.16 12:40:03,410038624,Magic_251101,CRITICAL_TRIM,127.53,122.97,3.58,0,Closed 0 worst trades
2026.02.16 12:40:03,410038624,Magic_251101,CRITICAL_TRIM,127.53,122.97,3.58,0,Closed 0 worst trades
2026.02.16 12:40:04,410038624,Magic_251101,CRITICAL_TRIM,127.53,122.97,3.58,0,Closed 0 worst trades
2026.02.16 12:40:04,410038624,Magic_251101,CRITICAL_TRIM,127.53,122.97,3.58,0,Closed 0 worst trades
2026.02.16 12:40:04,410038624,Magic_251101,CRITICAL_TRIM,127.53,122.97,3.58,0,Closed 0 worst trades
2026.02.16 12:40:04,410038624,Magic_251101,CRITICAL_TRIM,127.53,122.97,3.58,0,Closed 0 worst trades
2026.02.16 12:40:04,410038624,Magic_251101,CRITICAL_TRIM,127.53,122.97,3.58,0,Closed 0 worst trades
2026.02.16 12:40:04,410038624,Magic_251101,CRITICAL_TRIM,127.53,122.97,3.58,0,Closed 0 worst trades
2026.02.16 12:40:04,410038624,Magic_251101,CRITICAL_TRIM,127.53,122.97,3.58,0,Closed 0 worst trades
2026.02.16 12:40:05,410038624,Magic_251101,CRITICAL_TRIM,127.53,122.97,3.58,0,Closed 0 worst trades
2026.02.16 12:40:05,410038624,Magic_251101,CRITICAL_TRIM,127.53,122.97,3.58,0,Closed 0 worst trades
2026.02.16 12:40:05,410038624,Magic_251101,CRITICAL_TRIM,127.53,122.97,3.58,0,Closed 0 worst trades
2026.02.16 12:40:05,410038624,Magic_251101,CRITICAL_TRIM,127.53,122.97,3.58,0,Closed 0 worst trades
2026.02.16 12:40:05,410038624,Magic_251101,CRITICAL_TRIM,127.53,122.97,3.58,0,Closed 0 worst trades
2026.02.16 12:40:05,410038624,Magic_251101,CRITICAL_TRIM,127.53,122.97,3.58,0,Closed 0 worst trades
2026.02.16 12:40:05,410038624,Magic_251101,CRITICAL_TRIM,127.53,122.97,3.58,0,Closed 0 worst trades
2026.02.16 12:40:06,410038624,Magic_251101,CRITICAL_TRIM,127.53,122.97,3.58,0,Closed 0 worst trades
2026.02.16 12:40:06,410038624,Magic_251101,CRITICAL_TRIM,127.53,122.97,3.58,0,Closed 0 worst trades
2026.02.16 12:40:06,410038624,Magic_251101,CRITICAL_TRIM,127.53,122.97,3.58,0,Closed 0 worst trades
2026.02.16 12:40:06,410038624,Magic_251101,CRITICAL_TRIM,127.53,122.97,3.58,0,Closed 0 worst trades
2026.02.16 12:40:07,410038624,Magic_251101,CRITICAL_TRIM,127.53,122.97,3.58,0,Closed 0 worst trades
2026.02.16 12:40:07,410038624,Magic_251101,CRITICAL_TRIM,127.53,122.97,3.58,0,Closed 0 worst trades
2026.02.16 12:40:07,410038624,Magic_251101,CRITICAL_TRIM,127.53,122.97,3.58,0,Closed 0 worst trades
2026.02.16 12:40:07,410038624,Magic_251101,CRITICAL_TRIM,127.53,122.97,3.58,0,Closed 0 worst trades
2026.02.16 12:40:07,410038624,Magic_251101,CRITICAL_TRIM,127.53,122.97,3.58,0,Closed 0 worst trades
2026.02.16 12:40:07,410038624,Magic_251101,CRITICAL_TRIM,127.53,122.97,3.58,0,Closed 0 worst trades
2026.02.16 12:40:08,410038624,Magic_251101,CRITICAL_TRIM,127.53,122.97,3.58,0,Closed 0 worst trades
2026.02.16 12:40:08,410038624,Magic_251101,CRITICAL_TRIM,127.53,122.97,3.58,0,Closed 0 worst trades
2026.02.16 12:40:09,410038624,Magic_251101,CRITICAL_TRIM,127.53,122.97,3.58,0,Closed 0 worst trades
2026.02.16 12:40:09,410038624,Magic_251101,CRITICAL_TRIM,127.53,122.97,3.58,0,Closed 0 worst trades
2026.02.16 12:40:09,410038624,Magic_251101,CRITICAL_TRIM,127.53,122.97,3.58,0,Closed 0 worst trades
2026.02.16 12:40:09,410038624,Magic_251101,CRITICAL_TRIM,127.53,122.97,3.58,0,Closed 0 worst trades
2026.02.16 12:40:09,410038624,Magic_251101,CRITICAL_TRIM,127.53,122.97,3.58,0,Closed 0 worst trades
2026.02.16 12:40:09,410038624,Magic_251101,CRITICAL_TRIM,127.53,122.97,3.58,0,Closed 0 worst trades
2026.02.16 12:40:10,410038624,Magic_251101,CRITICAL_TRIM,127.53,122.97,3.58,0,Closed 0 worst trades
2026.02.16 12:40:10,410038624,Magic_251101,CRITICAL_TRIM,127.53,122.97,3.58,0,Closed 0 worst trades
2026.02.16 12:40:10,410038624,Magic_251101,CRITICAL_TRIM,127.53,122.97,3.58,0,Closed 0 worst trades
2026.02.16 12:40:10,410038624,Magic_251101,CRITICAL_TRIM,127.53,122.97,3.58,0,Closed 0 worst trades
2026.02.16 12:40:10,410038624,Magic_251101,CRITICAL_TRIM,127.53,122.97,3.58,0,Closed 0 worst trades
2026.02.16 12:40:10,410038624,Magic_251101,CRITICAL_TRIM,127.53,122.97,3.58,0,Closed 0 worst trades
2026.02.16 12:40:10,410038624,Magic_251101,CRITICAL_TRIM,127.53,122.97,3.58,0,Closed 0 worst trades
2026.02.16 12:40:11,410038624,Magic_251101,CRITICAL_TRIM,127.53,122.97,3.58,0,Closed 0 worst trades
2026.02.16 12:40:11,410038624,Magic_251101,CRITICAL_TRIM,127.53,122.97,3.58,0,Closed 0 worst trades
2026.02.16 12:40:11,410038624,Magic_251101,CRITICAL_TRIM,127.53,122.97,3.58,0,Closed 0 worst trades
2026.02.16 12:40:11,410038624,Magic_251101,CRITICAL_TRIM,127.53,122.97,3.58,0,Closed 0 worst trades
2026.02.16 12:40:11,410038624,Magic_251101,CRITICAL_TRIM,127.53,122.97,3.58,0,Closed 0 worst trades
2026.02.16 12:40:11,410038624,Magic_251101,CRITICAL_TRIM,127.53,122.97,3.58,0,Closed 0 worst trades
2026.02.16 12:40:11,410038624,Magic_251101,CRITICAL_TRIM,127.53,122.97,3.58,0,Closed 0 worst trades
2026.02.16 12:40:11,410038624,Magic_251101,CRITICAL_TRIM,127.53,122.97,3.58,0,Closed 0 worst trades
2026.02.16 12:40:12,410038624,Magic_251101,CRITICAL_TRIM,127.53,122.97,3.58,0,Closed 0 worst trades
2026.02.16 12:40:12,410038624,Magic_251101,CRITICAL_TRIM,127.53,122.97,3.58,0,Closed 0 worst trades
2026.02.16 12:40:12,410038624,Magic_251101,CRITICAL_TRIM,127.53,122.97,3.58,0,Closed 0 worst trades
2026.02.16 12:40:12,410038624,Magic_251101,CRITICAL_TRIM,127.53,122.97,3.58,0,Closed 0 worst trades
2026.02.16 12:40:12,410038624,Magic_251101,CRITICAL_TRIM,127.53,122.97,3.58,0,Closed 0 worst trades
2026.02.16 12:40:12,410038624,Magic_251101,CRITICAL_TRIM,127.53,122.97,3.58,0,Closed 0 worst trades
2026.02.16 12:40:12,410038624,Magic_251101,CRITICAL_TRIM,127.53,122.97,3.58,0,Closed 0 worst trades
2026.02.16 12:40:12,410038624,Magic_251101,CRITICAL_TRIM,127.53,122.97,3.58,0,Closed 0 worst trades
2026.02.16 12:40:13,410038624,Magic_251101,CRITICAL_TRIM,127.53,122.97,3.58,0,Closed 0 worst trades
2026.02.16 12:40:13,410038624,Magic_251101,CRITICAL_TRIM,127.53,122.97,3.58,0,Closed 0 worst trades
2026.02.16 12:40:13,410038624,Magic_251101,CRITICAL_TRIM,127.53,122.97,3.58,0,Closed 0 worst trades
2026.02.16 12:40:13,410038624,Magic_251101,CRITICAL_TRIM,127.53,122.97,3.58,0,Closed 0 worst trades
2026.02.16 12:40:13,410038624,Magic_251101,CRITICAL_TRIM,127.53,122.97,3.58,0,Closed 0 worst trades
2026.02.16 12:40:13,410038624,Magic_251101,CRITICAL_TRIM,127.53,122.97,3.58,0,Closed 0 worst trades
2026.02.16 12:40:13,410038624,Magic_251101,CRITICAL_TRIM,127.53,122.97,3.58,0,Closed 0 worst trades
2026.02.16 12:40:13,410038624,Magic_251101,CRITICAL_TRIM,127.53,122.97,3.58,0,Closed 0 worst trades
2026.02.16 12:40:14,410038624,Magic_251101,CRITICAL_TRIM,127.53,122.97,3.58,0,Closed 0 worst trades
2026.02.16 12:40:14,410038624,Magic_251101,CRITICAL_TRIM,127.53,122.97,3.58,0,Closed 0 worst trades
2026.02.16 12:40:14,410038624,Magic_251101,CRITICAL_TRIM,127.53,122.97,3.58,0,Closed 0 worst trades
2026.02.16 12:40:14,410038624,Magic_251101,CRITICAL_TRIM,127.53,122.97,3.58,0,Closed 0 worst trades
2026.02.16 12:40:14,410038624,Magic_251101,CRITICAL_TRIM,127.53,122.97,3.58,0,Closed 0 worst trades
2026.02.16 12:40:14,410038624,Magic_251101,CRITICAL_TRIM,127.53,122.97,3.58,0,Closed 0 worst trades
2026.02.16 12:40:14,410038624,Magic_251101,CRITICAL_TRIM,127.53,122.97,3.58,0,Closed 0 worst trades
2026.02.16 12:40:15,410038624,Magic_251101,CRITICAL_TRIM,127.53,122.97,3.58,0,Closed 0 worst trades
2026.02.16 12:40:15,410038624,Magic_251101,CRITICAL_TRIM,127.53,122.97,3.58,0,Closed 0 worst trades
2026.02.16 12:40:15,410038624,Magic_251101,CRITICAL_TRIM,127.53,122.97,3.58,0,Closed 0 worst trades
2026.02.16 12:40:15,410038624,Magic_251101,CRITICAL_TRIM,127.53,122.97,3.58,0,Closed 0 worst trades
2026.02.16 12:40:15,410038624,Magic_251101,CRITICAL_TRIM,127.53,122.97,3.58,0,Closed 0 worst trades
2026.02.16 12:40:15,410038624,Magic_251101,CRITICAL_TRIM,127.53,122.97,3.58,0,Closed 0 worst trades
2026.02.16 12:40:15,410038624,Magic_251101,CRITICAL_TRIM,127.53,122.97,3.58,0,Closed 0 worst trades
2026.02.16 12:40:16,410038624,Magic_251101,CRITICAL_TRIM,127.53,122.97,3.58,0,Closed 0 worst trades
2026.02.16 12:40:16,410038624,Magic_251101,CRITICAL_TRIM,127.53,122.97,3.58,0,Closed 0 worst trades
2026.02.16 12:40:16,410038624,Magic_251101,CRITICAL_TRIM,127.53,122.97,3.58,0,Closed 0 worst trades
2026.02.16 12:40:16,410038624,Magic_251101,CRITICAL_TRIM,127.53,122.97,3.58,0,Closed 0 worst trades
2026.02.16 12:40:16,410038624,Magic_251101,CRITICAL_TRIM,127.53,122.97,3.58,0,Closed 0 worst trades
2026.02.16 12:40:16,410038624,Magic_251101,CRITICAL_TRIM,127.53,122.97,3.58,0,Closed 0 worst trades
2026.02.16 12:40:17,410038624,Magic_251101,CRITICAL_TRIM,127.53,122.97,3.58,0,Closed 0 worst trades
2026.02.16 12:40:17,410038624,Magic_251101,CRITICAL_TRIM,127.53,122.97,3.58,0,Closed 0 worst trades
2026.02.16 12:40:17,410038624,Magic_251101,CRITICAL_TRIM,127.53,122.97,3.58,0,Closed 0 worst trades
2026.02.16 12:40:17,410038624,Magic_251101,CRITICAL_TRIM,127.53,122.97,3.58,0,Closed 0 worst trades
2026.02.16 12:40:17,410038624,Magic_251101,CRITICAL_TRIM,127.53,122.97,3.58,0,Closed 0 worst trades
2026.02.16 12:40:17,410038624,Magic_251101,CRITICAL_TRIM,127.53,122.97,3.58,0,Closed 0 worst trades
2026.02.16 12:40:17,410038624,Magic_251101,CRITICAL_TRIM,127.53,122.97,3.58,0,Closed 0 worst trades
2026.02.16 12:40:17,410038624,Magic_251101,CRITICAL_TRIM,127.53,122.97,3.58,0,Closed 0 worst trades
2026.02.16 12:40:17,410038624,Magic_251101,CRITICAL_TRIM,127.53,122.97,3.58,0,Closed 0 worst trades
2026.02.16 12:40:18,410038624,Magic_251101,CRITICAL_TRIM,127.53,122.97,3.58,0,Closed 0 worst trades
2026.02.16 12:40:18,410038624,Magic_251101,CRITICAL_TRIM,127.53,122.97,3.58,0,Closed 0 worst trades
2026.02.16 12:40:18,410038624,Magic_251101,CRITICAL_TRIM,127.53,122.97,3.58,0,Closed 0 worst trades
2026.02.16 12:40:18,410038624,Magic_251101,CRITICAL_TRIM,127.53,122.97,3.58,0,Closed 0 worst trades
2026.02.16 12:40:18,410038624,Magic_251101,CRITICAL_TRIM,127.53,122.97,3.58,0,Closed 0 worst trades
2026.02.16 12:40:18,410038624,Magic_251101,CRITICAL_TRIM,127.53,122.97,3.58,0,Closed 0 worst trades
2026.02.16 12:40:18,410038624,Magic_251101,CRITICAL_TRIM,127.53,122.97,3.58,0,Closed 0 worst trades
2026.02.16 12:40:19,410038624,Magic_251101,CRITICAL_TRIM,127.53,122.97,3.58,0,Closed 0 worst trades
2026.02.16 12:40:20,410038624,Magic_251101,CRITICAL_TRIM,127.53,122.97,3.58,0,Closed 0 worst trades
2026.02.16 12:40:20,410038624,Magic_251101,CRITICAL_TRIM,127.53,122.97,3.58,0,Closed 0 worst trades
2026.02.16 12:40:20,410038624,Magic_251101,CRITICAL_TRIM,127.53,122.97,3.58,0,Closed 0 worst trades
2026.02.16 12:40:20,410038624,Magic_251101,CRITICAL_TRIM,127.53,122.97,3.58,0,Closed 0 worst trades
2026.02.16 12:40:20,410038624,Magic_251101,CRITICAL_TRIM,127.53,122.97,3.58,0,Closed 0 worst trades
2026.02.16 12:40:20,410038624,Magic_251101,CRITICAL_TRIM,127.53,122.97,3.58,0,Closed 0 worst trades
2026.02.16 12:40:20,410038624,Magic_251101,CRITICAL_TRIM,127.53,122.97,3.58,0,Closed 0 worst trades
2026.02.16 12:40:21,410038624,Magic_251101,CRITICAL_TRIM,127.53,122.97,3.58,0,Closed 0 worst trades
2026.02.16 12:40:21,410038624,Magic_251101,CRITICAL_TRIM,127.53,122.97,3.58,0,Closed 0 worst trades
2026.02.16 12:40:21,410038624,Magic_251101,CRITICAL_TRIM,127.53,122.97,3.58,0,Closed 0 worst trades
2026.02.16 12:40:21,410038624,Magic_251101,CRITICAL_TRIM,127.53,122.97,3.58,0,Closed 0 worst trades
2026.02.16 12:40:21,410038624,Magic_251101,CRITICAL_TRIM,127.53,122.97,3.58,0,Closed 0 worst trades
2026.02.16 12:40:21,410038624,Magic_251101,CRITICAL_TRIM,127.53,122.97,3.58,0,Closed 0 worst trades
2026.02.16 12:40:21,410038624,Magic_251101,CRITICAL_TRIM,127.53,122.97,3.58,0,Closed 0 worst trades
2026.02.16 12:40:21,410038624,Magic_251101,CRITICAL_TRIM,127.53,122.97,3.58,0,Closed 0 worst trades
2026.02.16 12:40:22,410038624,Magic_251101,CRITICAL_TRIM,127.53,122.97,3.58,0,Closed 0 worst trades
2026.02.16 12:40:22,410038624,Magic_251101,CRITICAL_TRIM,127.53,122.97,3.58,0,Closed 0 worst trades
2026.02.16 12:40:22,410038624,Magic_251101,CRITICAL_TRIM,127.53,122.97,3.58,0,Closed 0 worst trades
2026.02.16 12:40:22,410038624,Magic_251101,CRITICAL_TRIM,127.53,122.97,3.58,0,Closed 0 worst trades
2026.02.16 12:40:23,410038624,Magic_251101,CRITICAL_TRIM,127.53,122.97,3.58,0,Closed 0 worst trades
2026.02.16 12:40:23,410038624,Magic_251101,CRITICAL_TRIM,127.53,122.97,3.58,0,Closed 0 worst trades
2026.02.16 12:40:23,410038624,Magic_251101,CRITICAL_TRIM,127.53,122.97,3.58,0,Closed 0 worst trades
2026.02.16 12:40:23,410038624,Magic_251101,CRITICAL_TRIM,127.53,122.97,3.58,0,Closed 0 worst trades
2026.02.16 12:40:23,410038624,Magic_251101,CRITICAL_TRIM,127.53,122.97,3.58,0,Closed 0 worst trades
2026.02.16 12:40:23,410038624,Magic_251101,CRITICAL_TRIM,127.53,122.97,3.58,0,Closed 0 worst trades
2026.02.16 12:40:23,410038624,Magic_251101,CRITICAL_TRIM,127.53,122.97,3.58,0,Closed 0 worst trades
2026.02.16 12:40:23,410038624,Magic_251101,CRITICAL_TRIM,127.53,122.97,3.58,0,Closed 0 worst trades
2026.02.16 12:40:24,410038624,Magic_251101,CRITICAL_TRIM,127.53,122.97,3.58,0,Closed 0 worst trades
2026.02.16 12:40:24,410038624,Magic_251101,CRITICAL_TRIM,127.53,122.97,3.58,0,Closed 0 worst trades
2026.02.16 12:40:24,410038624,Magic_251101,CRITICAL_TRIM,127.53,122.97,3.58,0,Closed 0 worst trades
2026.02.16 12:40:24,410038624,Magic_251101,CRITICAL_TRIM,127.53,122.97,3.58,0,Closed 0 worst trades
2026.02.16 12:40:24,410038624,Magic_251101,CRITICAL_TRIM,127.53,122.97,3.58,0,Closed 0 worst trades
2026.02.16 12:40:24,410038624,Magic_251101,CRITICAL_TRIM,127.53,122.97,3.58,0,Closed 0 worst trades
2026.02.16 12:40:24,410038624,Magic_251101,CRITICAL_TRIM,127.53,122.97,3.58,0,Closed 0 worst trades
2026.02.16 12:40:24,410038624,Magic_251101,CRITICAL_TRIM,127.53,122.97,3.58,0,Closed 0 worst trades
2026.02.16 12:40:24,410038624,Magic_251101,CRITICAL_TRIM,127.53,122.97,3.58,0,Closed 0 worst trades
2026.02.16 12:40:25,410038624,Magic_251101,CRITICAL_TRIM,127.53,122.97,3.58,0,Closed 0 worst trades
2026.02.16 12:40:25,410038624,Magic_251101,CRITICAL_TRIM,127.53,122.97,3.58,0,Closed 0 worst trades
2026.02.16 12:40:25,410038624,Magic_251101,CRITICAL_TRIM,127.53,122.97,3.58,0,Closed 0 worst trades
2026.02.16 12:40:25,410038624,Magic_251101,CRITICAL_TRIM,127.53,122.97,3.58,0,Closed 0 worst trades
2026.02.16 12:40:25,410038624,Magic_251101,CRITICAL_TRIM,127.53,122.97,3.58,0,Closed 0 worst trades
2026.02.16 12:40:26,410038624,Magic_251101,CRITICAL_TRIM,127.53,122.97,3.58,0,Closed 0 worst trades
2026.02.16 12:40:26,410038624,Magic_251101,CRITICAL_TRIM,127.53,122.97,3.58,0,Closed 0 worst trades
2026.02.16 12:40:26,410038624,Magic_251101,CRITICAL_TRIM,127.53,122.97,3.58,0,Closed 0 worst trades
2026.02.16 12:40:26,410038624,Magic_251101,CRITICAL_TRIM,127.53,122.97,3.58,0,Closed 0 worst trades
2026.02.16 12:40:26,410038624,Magic_251101,CRITICAL_TRIM,127.53,122.97,3.58,0,Closed 0 worst trades
2026.02.16 12:40:26,410038624,Magic_251101,CRITICAL_TRIM,127.53,122.97,3.58,0,Closed 0 worst trades
2026.02.16 12:40:26,410038624,Magic_251101,CRITICAL_TRIM,127.53,122.97,3.58,0,Closed 0 worst trades
2026.02.16 12:40:27,410038624,Magic_251101,CRITICAL_TRIM,127.53,122.97,3.58,0,Closed 0 worst trades
2026.02.16 12:40:27,410038624,Magic_251101,CRITICAL_TRIM,127.53,122.97,3.58,0,Closed 0 worst trades
2026.02.16 12:40:27,410038624,Magic_251101,CRITICAL_TRIM,127.53,122.97,3.58,0,Closed 0 worst trades
2026.02.16 12:40:27,410038624,Magic_251101,CRITICAL_TRIM,127.53,122.97,3.58,0,Closed 0 worst trades
2026.02.16 12:40:27,410038624,Magic_251101,CRITICAL_TRIM,127.53,122.97,3.58,0,Closed 0 worst trades
2026.02.16 12:40:27,410038624,Magic_251101,CRITICAL_TRIM,127.53,122.97,3.58,0,Closed 0 worst trades
2026.02.16 12:40:27,410038624,Magic_251101,CRITICAL_TRIM,127.53,122.97,3.58,0,Closed 0 worst trades
2026.02.16 12:40:28,410038624,Magic_251101,CRITICAL_TRIM,127.53,122.97,3.58,0,Closed 0 worst trades
2026.02.16 12:40:28,410038624,Magic_251101,CRITICAL_TRIM,127.53,122.97,3.58,0,Closed 0 worst trades
2026.02.16 12:40:28,410038624,Magic_251101,CRITICAL_TRIM,127.53,122.97,3.58,0,Closed 0 worst trades
2026.02.16 12:40:28,410038624,Magic_251101,CRITICAL_TRIM,127.53,122.97,3.58,0,Closed 0 worst trades
2026.02.16 12:40:28,410038624,Magic_251101,CRITICAL_TRIM,127.53,122.97,3.58,0,Closed 0 worst trades
2026.02.16 12:40:28,410038624,Magic_251101,CRITICAL_TRIM,127.53,122.97,3.58,0,Closed 0 worst trades
2026.02.16 12:40:29,410038624,Magic_251101,CRITICAL_TRIM,127.53,122.97,3.58,0,Closed 0 worst trades
2026.02.16 12:40:29,410038624,Magic_251101,CRITICAL_TRIM,127.53,122.97,3.58,0,Closed 0 worst trades
2026.02.16 12:40:29,410038624,Magic_251101,CRITICAL_TRIM,127.53,122.97,3.58,0,Closed 0 worst trades
2026.02.16 12:40:29,410038624,Magic_251101,CRITICAL_TRIM,127.53,122.97,3.58,0,Closed 0 worst trades
2026.02.16 12:40:29,410038624,Magic_251101,CRITICAL_TRIM,127.53,122.97,3.58,0,Closed 0 worst trades
2026.02.16 12:40:29,410038624,Magic_251101,CRITICAL_TRIM,127.53,122.97,3.58,0,Closed 0 worst trades
2026.02.16 12:40:29,410038624,Magic_251101,CRITICAL_TRIM,127.53,122.97,3.58,0,Closed 0 worst trades
2026.02.16 12:40:30,410038624,Magic_251101,CRITICAL_TRIM,127.53,122.97,3.58,0,Closed 0 worst trades
2026.02.16 12:40:30,410038624,Magic_251101,CRITICAL_TRIM,127.53,122.97,3.58,0,Closed 0 worst trades
2026.02.16 12:40:30,410038624,Magic_251101,CRITICAL_TRIM,127.53,122.97,3.58,0,Closed 0 worst trades
2026.02.16 12:40:30,410038624,Magic_251101,CRITICAL_TRIM,127.53,122.97,3.58,0,Closed 0 worst trades
2026.02.16 12:40:31,410038624,Magic_251101,CRITICAL_TRIM,127.53,122.97,3.58,0,Closed 0 worst trades
2026.02.16 12:40:31,410038624,Magic_251101,CRITICAL_TRIM,127.53,122.97,3.58,0,Closed 0 worst trades
2026.02.16 12:40:31,410038624,Magic_251101,CRITICAL_TRIM,127.53,122.97,3.58,0,Closed 0 worst trades
2026.02.16 12:40:31,410038624,Magic_251101,CRITICAL_TRIM,127.53,122.97,3.58,0,Closed 0 worst trades
2026.02.16 12:40:31,410038624,Magic_251101,CRITICAL_TRIM,127.53,122.97,3.58,0,Closed 0 worst trades
2026.02.16 12:40:31,410038624,Magic_251101,CRITICAL_TRIM,127.53,122.97,3.58,0,Closed 0 worst trades
2026.02.16 12:40:31,410038624,Magic_251101,CRITICAL_TRIM,127.53,122.97,3.58,0,Closed 0 worst trades
2026.02.16 12:40:31,410038624,Magic_251101,CRITICAL_TRIM,127.53,122.97,3.58,0,Closed 0 worst trades
2026.02.16 12:40:32,410038624,Magic_251101,CRITICAL_TRIM,127.53,122.97,3.58,0,Closed 0 worst trades
2026.02.16 12:40:32,410038624,Magic_251101,CRITICAL_TRIM,127.53,122.97,3.58,0,Closed 0 worst trades
2026.02.16 12:40:33,410038624,Magic_251101,CRITICAL_TRIM,127.53,122.97,3.58,0,Closed 0 worst trades
2026.02.16 12:40:33,410038624,Magic_251101,CRITICAL_TRIM,127.53,122.97,3.58,0,Closed 0 worst trades
2026.02.16 12:40:33,410038624,Magic_251101,CRITICAL_TRIM,127.53,122.97,3.58,0,Closed 0 worst trades
2026.02.16 12:40:33,410038624,Magic_251101,CRITICAL_TRIM,127.53,122.97,3.58,0,Closed 0 worst trades
2026.02.16 12:40:34,410038624,Magic_251101,CRITICAL_TRIM,127.53,122.97,3.58,0,Closed 0 worst trades
2026.02.16 12:40:34,410038624,Magic_251101,CRITICAL_TRIM,127.53,122.97,3.58,0,Closed 0 worst trades
2026.02.16 12:40:34,410038624,Magic_251101,CRITICAL_TRIM,127.53,122.97,3.58,0,Closed 0 worst trades
2026.02.16 12:40:34,410038624,Magic_251101,CRITICAL_TRIM,127.53,122.97,3.58,0,Closed 0 worst trades
2026.02.16 12:40:34,410038624,Magic_251101,CRITICAL_TRIM,127.53,122.97,3.58,0,Closed 0 worst trades
2026.02.16 12:40:34,410038624,Magic_251101,CRITICAL_TRIM,127.53,122.97,3.58,0,Closed 0 worst trades
2026.02.16 12:40:34,410038624,Magic_251101,CRITICAL_TRIM,127.53,122.97,3.58,0,Closed 0 worst trades
2026.02.16 12:40:35,410038624,Magic_251101,CRITICAL_TRIM,127.53,122.97,3.58,0,Closed 0 worst trades
2026.02.16 12:40:35,410038624,Magic_251101,CRITICAL_TRIM,127.53,122.97,3.58,0,Closed 0 worst trades
2026.02.16 12:40:35,410038624,Magic_251101,CRITICAL_TRIM,127.53,122.97,3.58,0,Closed 0 worst trades
2026.02.16 12:40:35,410038624,Magic_251101,CRITICAL_TRIM,127.53,122.97,3.58,0,Closed 0 worst trades
2026.02.16 12:40:35,410038624,Magic_251101,CRITICAL_TRIM,127.53,122.97,3.58,0,Closed 0 worst trades
2026.02.16 12:40:35,410038624,Magic_251101,CRITICAL_TRIM,127.53,122.97,3.58,0,Closed 0 worst trades
2026.02.16 12:40:35,410038624,Magic_251101,CRITICAL_TRIM,127.53,122.97,3.58,0,Closed 0 worst trades
2026.02.16 12:40:36,410038624,Magic_251101,CRITICAL_TRIM,127.53,122.97,3.58,0,Closed 0 worst trades
2026.02.16 12:40:36,410038624,Magic_251101,CRITICAL_TRIM,127.53,122.97,3.58,0,Closed 0 worst trades
2026.02.16 12:40:36,410038624,Magic_251101,CRITICAL_TRIM,127.53,122.97,3.58,0,Closed 0 worst trades
2026.02.16 12:40:36,410038624,Magic_251101,CRITICAL_TRIM,127.53,122.97,3.58,0,Closed 0 worst trades
2026.02.16 12:40:36,410038624,Magic_251101,CRITICAL_TRIM,127.53,122.97,3.58,0,Closed 0 worst trades
2026.02.16 12:40:37,410038624,Magic_251101,CRITICAL_TRIM,127.53,122.97,3.58,0,Closed 0 worst trades
2026.02.16 12:40:37,410038624,Magic_251101,CRITICAL_TRIM,127.53,122.97,3.58,0,Closed 0 worst trades
2026.02.16 12:40:37,410038624,Magic_251101,CRITICAL_TRIM,127.53,122.97,3.58,0,Closed 0 worst trades
2026.02.16 12:40:38,410038624,Magic_251101,CRITICAL_TRIM,127.53,122.97,3.58,0,Closed 0 worst trades
2026.02.16 12:40:38,410038624,Magic_251101,CRITICAL_TRIM,127.53,122.97,3.58,0,Closed 0 worst trades
2026.02.16 12:40:38,410038624,Magic_251101,CRITICAL_TRIM,127.53,122.97,3.58,0,Closed 0 worst trades
2026.02.16 12:40:38,410038624,Magic_251101,CRITICAL_TRIM,127.53,122.97,3.58,0,Closed 0 worst trades
2026.02.16 12:40:39,410038624,Magic_251101,CRITICAL_TRIM,127.53,122.97,3.58,0,Closed 0 worst trades
2026.02.16 12:40:39,410038624,Magic_251101,CRITICAL_TRIM,127.53,122.97,3.58,0,Closed 0 worst trades
2026.02.16 12:40:39,410038624,Magic_251101,CRITICAL_TRIM,127.53,122.97,3.58,0,Closed 0 worst trades
2026.02.16 12:40:39,410038624,Magic_251101,CRITICAL_TRIM,127.53,122.97,3.58,0,Closed 0 worst trades
2026.02.16 12:40:39,410038624,Magic_251101,CRITICAL_TRIM,127.53,122.97,3.58,0,Closed 0 worst trades
2026.02.16 12:40:40,410038624,Magic_251101,CRITICAL_TRIM,127.53,122.97,3.58,0,Closed 0 worst trades
2026.02.16 12:40:40,410038624,Magic_251101,CRITICAL_TRIM,127.53,122.97,3.58,0,Closed 0 worst trades
2026.02.16 12:40:40,410038624,Magic_251101,CRITICAL_TRIM,127.53,122.97,3.58,0,Closed 0 worst trades
2026.02.16 12:40:40,410038624,Magic_251101,CRITICAL_TRIM,127.53,122.97,3.58,0,Closed 0 worst trades
2026.02.16 12:40:40,410038624,Magic_251101,CRITICAL_TRIM,127.53,122.97,3.58,0,Closed 0 worst trades
2026.02.16 12:40:40,410038624,Magic_251101,CRITICAL_TRIM,127.53,122.97,3.58,0,Closed 0 worst trades
2026.02.16 12:40:40,410038624,Magic_251101,CRITICAL_TRIM,127.53,122.97,3.58,0,Closed 0 worst trades
2026.02.16 12:40:41,410038624,Magic_251101,CRITICAL_TRIM,127.53,122.97,3.58,0,Closed 0 worst trades
2026.02.16 12:40:41,410038624,Magic_251101,CRITICAL_TRIM,127.53,122.97,3.58,0,Closed 0 worst trades
2026.02.16 12:40:41,410038624,Magic_251101,CRITICAL_TRIM,127.53,122.97,3.58,0,Closed 0 worst trades
2026.02.16 12:40:41,410038624,Magic_251101,CRITICAL_TRIM,127.53,122.97,3.58,0,Closed 0 worst trades
2026.02.16 12:40:41,410038624,Magic_251101,CRITICAL_TRIM,127.53,122.97,3.58,0,Closed 0 worst trades
2026.02.16 12:40:41,410038624,Magic_251101,CRITICAL_TRIM,127.53,122.97,3.58,0,Closed 0 worst trades
2026.02.16 12:40:42,410038624,Magic_251101,CRITICAL_TRIM,127.53,122.97,3.58,0,Closed 0 worst trades
2026.02.16 12:40:42,410038624,Magic_251101,CRITICAL_TRIM,127.53,122.97,3.58,0,Closed 0 worst trades
2026.02.16 12:40:42,410038624,Magic_251101,CRITICAL_TRIM,127.53,122.97,3.58,0,Closed 0 worst trades
2026.02.16 12:40:42,410038624,Magic_251101,CRITICAL_TRIM,127.53,122.97,3.58,0,Closed 0 worst trades
2026.02.16 12:40:42,410038624,Magic_251101,CRITICAL_TRIM,127.53,122.97,3.58,0,Closed 0 worst trades
2026.02.16 12:40:42,410038624,Magic_251101,CRITICAL_TRIM,127.53,122.97,3.58,0,Closed 0 worst trades
2026.02.16 12:40:43,410038624,Magic_251101,CRITICAL_TRIM,127.53,122.97,3.58,0,Closed 0 worst trades
2026.02.16 12:40:43,410038624,Magic_251101,CRITICAL_TRIM,127.53,122.97,3.58,0,Closed 0 worst trades
2026.02.16 12:40:44,410038624,Magic_251101,CRITICAL_TRIM,127.53,122.97,3.58,0,Closed 0 worst trades
2026.02.16 12:40:44,410038624,Magic_251101,CRITICAL_TRIM,127.53,122.97,3.58,0,Closed 0 worst trades
2026.02.16 12:40:44,410038624,Magic_251101,CRITICAL_TRIM,127.53,122.97,3.58,0,Closed 0 worst trades
2026.02.16 12:40:44,410038624,Magic_251101,CRITICAL_TRIM,127.53,122.97,3.58,0,Closed 0 worst trades
2026.02.16 12:40:45,410038624,Magic_251101,CRITICAL_TRIM,127.53,122.97,3.58,0,Closed 0 worst trades
2026.02.16 12:40:45,410038624,Magic_251101,CRITICAL_TRIM,127.53,122.97,3.58,0,Closed 0 worst trades
2026.02.16 12:40:45,410038624,Magic_251101,CRITICAL_TRIM,127.53,122.97,3.58,0,Closed 0 worst trades
2026.02.16 12:40:45,410038624,Magic_251101,CRITICAL_TRIM,127.53,122.97,3.58,0,Closed 0 worst trades
2026.02.16 12:40:45,410038624,Magic_251101,CRITICAL_TRIM,127.53,122.97,3.58,0,Closed 0 worst trades
2026.02.16 12:40:46,410038624,Magic_251101,CRITICAL_TRIM,127.53,122.97,3.58,0,Closed 0 worst trades
2026.02.16 12:40:46,410038624,Magic_251101,CRITICAL_TRIM,127.53,122.97,3.58,0,Closed 0 worst trades
2026.02.16 12:40:46,410038624,Magic_251101,CRITICAL_TRIM,127.53,122.97,3.58,0,Closed 0 worst trades
2026.02.16 12:40:46,410038624,Magic_251101,CRITICAL_TRIM,127.53,122.97,3.58,0,Closed 0 worst trades
2026.02.16 12:40:46,410038624,Magic_251101,CRITICAL_TRIM,127.53,122.97,3.58,0,Closed 0 worst trades
2026.02.16 12:40:46,410038624,Magic_251101,CRITICAL_TRIM,127.53,122.97,3.58,0,Closed 0 worst trades
2026.02.16 12:40:47,410038624,Magic_251101,CRITICAL_TRIM,127.53,122.97,3.58,0,Closed 0 worst trades
2026.02.16 12:40:47,410038624,Magic_251101,CRITICAL_TRIM,127.53,122.97,3.58,0,Closed 0 worst trades
2026.02.16 12:40:47,410038624,Magic_251101,CRITICAL_TRIM,127.53,122.97,3.58,0,Closed 0 worst trades
2026.02.16 12:40:48,410038624,Magic_251101,CRITICAL_TRIM,127.53,122.97,3.58,0,Closed 0 worst trades
2026.02.16 12:40:48,410038624,Magic_251101,CRITICAL_TRIM,127.53,122.97,3.58,0,Closed 0 worst trades
2026.02.16 12:40:48,410038624,Magic_251101,CRITICAL_TRIM,127.53,122.97,3.58,0,Closed 0 worst trades
2026.02.16 12:40:48,410038624,Magic_251101,CRITICAL_TRIM,127.53,122.97,3.58,0,Closed 0 worst trades
2026.02.16 12:40:48,410038624,Magic_251101,CRITICAL_TRIM,127.53,122.97,3.58,0,Closed 0 worst trades
2026.02.16 12:40:48,410038624,Magic_251101,CRITICAL_TRIM,127.53,122.97,3.58,0,Closed 0 worst trades
2026.02.16 12:40:49,410038624,Magic_251101,CRITICAL_TRIM,127.53,122.97,3.58,0,Closed 0 worst trades
2026.02.16 12:40:49,410038624,Magic_251101,CRITICAL_TRIM,127.53,122.97,3.58,0,Closed 0 worst trades
2026.02.16 12:40:49,410038624,Magic_251101,CRITICAL_TRIM,127.53,122.97,3.58,0,Closed 0 worst trades
2026.02.16 12:40:49,410038624,Magic_251101,CRITICAL_TRIM,127.53,122.97,3.58,0,Closed 0 worst trades
2026.02.16 12:40:49,410038624,Magic_251101,CRITICAL_TRIM,127.53,122.97,3.58,0,Closed 0 worst trades
2026.02.16 12:40:50,410038624,Magic_251101,CRITICAL_TRIM,127.53,122.97,3.58,0,Closed 0 worst trades
2026.02.16 12:40:50,410038624,Magic_251101,CRITICAL_TRIM,127.53,122.97,3.58,0,Closed 0 worst trades
2026.02.16 12:40:50,410038624,Magic_251101,CRITICAL_TRIM,127.53,122.97,3.58,0,Closed 0 worst trades
2026.02.16 12:40:50,410038624,Magic_251101,CRITICAL_TRIM,127.53,122.97,3.58,0,Closed 0 worst trades
2026.02.16 12:40:50,410038624,Magic_251101,CRITICAL_TRIM,127.53,122.97,3.58,0,Closed 0 worst trades
2026.02.16 12:40:51,410038624,Magic_251101,CRITICAL_TRIM,127.53,122.97,3.58,0,Closed 0 worst trades
2026.02.16 12:40:51,410038624,Magic_251101,CRITICAL_TRIM,127.53,122.97,3.58,0,Closed 0 worst trades
2026.02.16 12:40:51,410038624,Magic_251101,CRITICAL_TRIM,127.53,122.97,3.58,0,Closed 0 worst trades
2026.02.16 12:40:51,410038624,Magic_251101,CRITICAL_TRIM,127.53,122.97,3.58,0,Closed 0 worst trades
2026.02.16 12:40:51,410038624,Magic_251101,CRITICAL_TRIM,127.53,122.97,3.58,0,Closed 0 worst trades
2026.02.16 12:40:51,410038624,Magic_251101,CRITICAL_TRIM,127.53,122.97,3.58,0,Closed 0 worst trades
2026.02.16 12:40:52,410038624,Magic_251101,CRITICAL_TRIM,127.53,122.97,3.58,0,Closed 0 worst trades
2026.02.16 12:40:52,410038624,Magic_251101,CRITICAL_TRIM,127.53,122.97,3.58,0,Closed 0 worst trades
2026.02.16 12:40:52,410038624,Magic_251101,CRITICAL_TRIM,127.53,122.97,3.58,0,Closed 0 worst trades
2026.02.16 12:40:52,410038624,Magic_251101,CRITICAL_TRIM,127.53,122.97,3.58,0,Closed 0 worst trades
2026.02.16 12:40:52,410038624,Magic_251101,CRITICAL_TRIM,127.53,122.97,3.58,0,Closed 0 worst trades
2026.02.16 12:40:52,410038624,Magic_251101,CRITICAL_TRIM,127.53,122.97,3.58,0,Closed 0 worst trades
2026.02.16 12:40:52,410038624,Magic_251101,CRITICAL_TRIM,127.53,122.97,3.58,0,Closed 0 worst trades
2026.02.16 12:40:53,410038624,Magic_251101,CRITICAL_TRIM,127.53,122.97,3.58,0,Closed 0 worst trades
2026.02.16 12:40:53,410038624,Magic_251101,CRITICAL_TRIM,127.53,122.97,3.58,0,Closed 0 worst trades
2026.02.16 12:40:53,410038624,Magic_251101,CRITICAL_TRIM,127.53,122.97,3.58,0,Closed 0 worst trades
2026.02.16 12:40:53,410038624,Magic_251101,CRITICAL_TRIM,127.53,122.97,3.58,0,Closed 0 worst trades
2026.02.16 12:40:54,410038624,Magic_251101,CRITICAL_TRIM,127.53,122.97,3.58,0,Closed 0 worst trades
2026.02.16 12:40:54,410038624,Magic_251101,CRITICAL_TRIM,127.53,122.97,3.58,0,Closed 0 worst trades
2026.02.16 12:40:54,410038624,Magic_251101,CRITICAL_TRIM,127.53,122.97,3.58,0,Closed 0 worst trades
2026.02.16 12:40:54,410038624,Magic_251101,CRITICAL_TRIM,127.53,122.97,3.58,0,Closed 0 worst trades
2026.02.16 12:40:55,410038624,Magic_251101,CRITICAL_TRIM,127.53,122.97,3.58,0,Closed 0 worst trades
2026.02.16 12:40:55,410038624,Magic_251101,CRITICAL_TRIM,127.53,122.97,3.58,0,Closed 0 worst trades
2026.02.16 12:40:55,410038624,Magic_251101,CRITICAL_TRIM,127.53,122.97,3.58,0,Closed 0 worst trades
2026.02.16 12:40:55,410038624,Magic_251101,CRITICAL_TRIM,127.53,122.97,3.58,0,Closed 0 worst trades
2026.02.16 12:40:55,410038624,Magic_251101,CRITICAL_TRIM,127.53,122.97,3.58,0,Closed 0 worst trades
2026.02.16 12:40:55,410038624,Magic_251101,CRITICAL_TRIM,127.53,122.97,3.58,0,Closed 0 worst trades
2026.02.16 12:40:55,410038624,Magic_251101,CRITICAL_TRIM,127.53,122.97,3.58,0,Closed 0 worst trades
2026.02.16 12:40:55,410038624,Magic_251101,CRITICAL_TRIM,127.53,122.97,3.58,0,Closed 0 worst trades
2026.02.16 12:40:56,410038624,Magic_251101,CRITICAL_TRIM,127.53,122.97,3.58,0,Closed 0 worst trades
2026.02.16 12:40:56,410038624,Magic_251101,CRITICAL_TRIM,127.53,122.97,3.58,0,Closed 0 worst trades
2026.02.16 12:40:56,410038624,Magic_251101,CRITICAL_TRIM,127.53,122.97,3.58,0,Closed 0 worst trades
2026.02.16 12:40:56,410038624,Magic_251101,CRITICAL_TRIM,127.53,122.97,3.58,0,Closed 0 worst trades
2026.02.16 12:40:56,410038624,Magic_251101,CRITICAL_TRIM,127.53,122.97,3.58,0,Closed 0 worst trades
2026.02.16 12:40:57,410038624,Magic_251101,CRITICAL_TRIM,127.53,122.97,3.58,0,Closed 0 worst trades
2026.02.16 12:40:57,410038624,Magic_251101,CRITICAL_TRIM,127.53,122.97,3.58,0,Closed 0 worst trades
2026.02.16 12:40:57,410038624,Magic_251101,CRITICAL_TRIM,127.53,122.97,3.58,0,Closed 0 worst trades
2026.02.16 12:40:57,410038624,Magic_251101,CRITICAL_TRIM,127.53,122.97,3.58,0,Closed 0 worst trades
2026.02.16 12:40:57,410038624,Magic_251101,CRITICAL_TRIM,127.53,122.97,3.58,0,Closed 0 worst trades
2026.02.16 12:40:57,410038624,Magic_251101,CRITICAL_TRIM,127.53,122.97,3.58,0,Closed 0 worst trades
2026.02.16 12:40:57,410038624,Magic_251101,CRITICAL_TRIM,127.53,122.97,3.58,0,Closed 0 worst trades
2026.02.16 12:40:58,410038624,Magic_251101,CRITICAL_TRIM,127.53,122.97,3.58,0,Closed 0 worst trades
2026.02.16 12:40:58,410038624,Magic_251101,CRITICAL_TRIM,127.53,122.97,3.58,0,Closed 0 worst trades
2026.02.16 12:40:58,410038624,Magic_251101,CRITICAL_TRIM,127.53,122.97,3.58,0,Closed 0 worst trades
2026.02.16 12:40:58,410038624,Magic_251101,CRITICAL_TRIM,127.53,122.97,3.58,0,Closed 0 worst trades
2026.02.16 12:40:58,410038624,Magic_251101,CRITICAL_TRIM,127.53,122.97,3.58,0,Closed 0 worst trades
2026.02.16 12:40:59,410038624,Magic_251101,CRITICAL_TRIM,127.53,122.97,3.58,0,Closed 0 worst trades
2026.02.16 12:40:59,410038624,Magic_251101,CRITICAL_TRIM,127.53,122.97,3.58,0,Closed 0 worst trades
2026.02.16 12:40:59,410038624,Magic_251101,CRITICAL_TRIM,127.53,122.97,3.58,0,Closed 0 worst trades
2026.02.16 12:40:59,410038624,Magic_251101,CRITICAL_TRIM,127.53,122.97,3.58,0,Closed 0 worst trades
2026.02.16 12:40:59,410038624,Magic_251101,CRITICAL_TRIM,127.53,122.97,3.58,0,Closed 0 worst trades
2026.02.16 12:41:00,410038624,Magic_251101,CRITICAL_TRIM,127.53,122.97,3.58,0,Closed 0 worst trades
2026.02.16 12:41:00,410038624,Magic_251101,CRITICAL_TRIM,127.53,122.97,3.58,0,Closed 0 worst trades
2026.02.16 12:41:00,410038624,Magic_251101,CRITICAL_TRIM,127.53,122.97,3.58,0,Closed 0 worst trades
2026.02.16 12:41:00,410038624,Magic_251101,CRITICAL_TRIM,127.53,122.97,3.58,0,Closed 0 worst trades
2026.02.16 12:41:00,410038624,Magic_251101,CRITICAL_TRIM,127.53,122.97,3.58,0,Closed 0 worst trades
2026.02.16 12:41:00,410038624,Magic_251101,CRITICAL_TRIM,127.53,122.97,3.58,0,Closed 0 worst trades
2026.02.16 12:41:00,410038624,Magic_251101,CRITICAL_TRIM,127.53,122.97,3.58,0,Closed 0 worst trades
2026.02.16 12:41:00,410038624,Magic_251101,CRITICAL_TRIM,127.53,122.97,3.58,0,Closed 0 worst trades
2026.02.16 12:41:00,410038624,Magic_251101,CRITICAL_TRIM,127.53,122.97,3.58,0,Closed 0 worst trades
2026.02.16 12:41:00,410038624,Magic_251101,CRITICAL_TRIM,127.53,122.97,3.58,0,Closed 0 worst trades
2026.02.16 12:41:01,410038624,Magic_251101,CRITICAL_TRIM,127.53,122.97,3.58,0,Closed 0 worst trades
2026.02.16 12:41:01,410038624,Magic_251101,CRITICAL_TRIM,127.53,122.97,3.58,0,Closed 0 worst trades
2026.02.16 12:41:01,410038624,Magic_251101,CRITICAL_TRIM,127.53,122.97,3.58,0,Closed 0 worst trades
2026.02.16 12:41:01,410038624,Magic_251101,CRITICAL_TRIM,127.53,122.97,3.58,0,Closed 0 worst trades
2026.02.16 12:41:01,410038624,Magic_251101,CRITICAL_TRIM,127.53,122.97,3.58,0,Closed 0 worst trades
2026.02.16 12:41:01,410038624,Magic_251101,CRITICAL_TRIM,127.53,122.97,3.58,0,Closed 0 worst trades
2026.02.16 12:41:02,410038624,Magic_251101,CRITICAL_TRIM,127.53,122.97,3.58,0,Closed 0 worst trades
2026.02.16 12:41:03,410038624,Magic_251101,CRITICAL_TRIM,127.53,122.97,3.58,0,Closed 0 worst trades
2026.02.16 12:41:03,410038624,Magic_251101,CRITICAL_TRIM,127.53,122.97,3.58,0,Closed 0 worst trades
2026.02.16 12:41:03,410038624,Magic_251101,CRITICAL_TRIM,127.53,122.97,3.58,0,Closed 0 worst trades
2026.02.16 12:41:03,410038624,Magic_251101,CRITICAL_TRIM,127.53,122.97,3.58,0,Closed 0 worst trades
2026.02.16 12:41:03,410038624,Magic_251101,CRITICAL_TRIM,127.53,122.97,3.58,0,Closed 0 worst trades
2026.02.16 12:41:04,410038624,Magic_251101,CRITICAL_TRIM,127.53,122.97,3.58,0,Closed 0 worst trades
2026.02.16 12:41:04,410038624,Magic_251101,CRITICAL_TRIM,127.53,122.97,3.58,0,Closed 0 worst trades
2026.02.16 12:41:04,410038624,Magic_251101,CRITICAL_TRIM,127.53,122.97,3.58,0,Closed 0 worst trades
2026.02.16 12:41:04,410038624,Magic_251101,CRITICAL_TRIM,127.53,122.97,3.58,0,Closed 0 worst trades
2026.02.16 12:41:05,410038624,Magic_251101,CRITICAL_TRIM,127.53,122.97,3.58,0,Closed 0 worst trades
2026.02.16 12:41:06,410038624,Magic_251101,CRITICAL_TRIM,127.53,122.97,3.58,0,Closed 0 worst trades
2026.02.16 12:41:06,410038624,Magic_251101,CRITICAL_TRIM,127.53,122.97,3.58,0,Closed 0 worst trades
2026.02.16 12:41:06,410038624,Magic_251101,CRITICAL_TRIM,127.53,122.97,3.58,0,Closed 0 worst trades
2026.02.16 12:41:06,410038624,Magic_251101,CRITICAL_TRIM,127.53,122.97,3.58,0,Closed 0 worst trades
2026.02.16 12:41:06,410038624,Magic_251101,CRITICAL_TRIM,127.53,122.97,3.58,0,Closed 0 worst trades
2026.02.16 12:41:06,410038624,Magic_251101,CRITICAL_TRIM,127.53,122.97,3.58,0,Closed 0 worst trades
2026.02.16 12:41:06,410038624,Magic_251101,CRITICAL_TRIM,127.53,122.97,3.58,0,Closed 0 worst trades
2026.02.16 12:41:06,410038624,Magic_251101,CRITICAL_TRIM,127.53,122.97,3.58,0,Closed 0 worst trades
2026.02.16 12:41:06,410038624,Magic_251101,CRITICAL_TRIM,127.53,122.97,3.58,0,Closed 0 worst trades
2026.02.16 12:41:07,410038624,Magic_251101,CRITICAL_TRIM,127.53,122.97,3.58,0,Closed 0 worst trades
2026.02.16 12:41:07,410038624,Magic_251101,CRITICAL_TRIM,127.53,122.97,3.58,0,Closed 0 worst trades
2026.02.16 12:41:07,410038624,Magic_251101,CRITICAL_TRIM,127.53,122.97,3.58,0,Closed 0 worst trades
2026.02.16 12:41:07,410038624,Magic_251101,CRITICAL_TRIM,127.53,122.97,3.58,0,Closed 0 worst trades
2026.02.16 12:41:07,410038624,Magic_251101,CRITICAL_TRIM,127.53,122.97,3.58,0,Closed 0 worst trades
2026.02.16 12:41:07,410038624,Magic_251101,CRITICAL_TRIM,127.53,122.97,3.58,0,Closed 0 worst trades
2026.02.16 12:41:08,410038624,Magic_251101,CRITICAL_TRIM,127.53,122.97,3.58,0,Closed 0 worst trades
2026.02.16 12:41:08,410038624,Magic_251101,CRITICAL_TRIM,127.53,122.97,3.58,0,Closed 0 worst trades
2026.02.16 12:41:09,410038624,Magic_251101,CRITICAL_TRIM,127.53,122.97,3.58,0,Closed 0 worst trades
2026.02.16 12:41:09,410038624,Magic_251101,CRITICAL_TRIM,127.53,122.97,3.58,0,Closed 0 worst trades
2026.02.16 12:41:09,410038624,Magic_251101,CRITICAL_TRIM,127.53,122.97,3.58,0,Closed 0 worst trades
2026.02.16 12:41:10,410038624,Magic_251101,CRITICAL_TRIM,127.53,122.97,3.58,0,Closed 0 worst trades
2026.02.16 12:41:10,410038624,Magic_251101,CRITICAL_TRIM,127.53,122.97,3.58,0,Closed 0 worst trades
2026.02.16 12:41:11,410038624,Magic_251101,CRITICAL_TRIM,127.53,122.97,3.58,0,Closed 0 worst trades
2026.02.16 12:41:11,410038624,Magic_251101,CRITICAL_TRIM,127.53,122.97,3.58,0,Closed 0 worst trades
2026.02.16 12:41:11,410038624,Magic_251101,CRITICAL_TRIM,127.53,122.97,3.58,0,Closed 0 worst trades
2026.02.16 12:41:12,410038624,Magic_251101,CRITICAL_TRIM,127.53,122.97,3.58,0,Closed 0 worst trades
2026.02.16 12:41:12,410038624,Magic_251101,CRITICAL_TRIM,127.53,122.97,3.58,0,Closed 0 worst trades
2026.02.16 12:41:12,410038624,Magic_251101,CRITICAL_TRIM,127.53,122.97,3.58,0,Closed 0 worst trades
2026.02.16 12:41:12,410038624,Magic_251101,CRITICAL_TRIM,127.53,122.97,3.58,0,Closed 0 worst trades
2026.02.16 12:41:13,410038624,Magic_251101,CRITICAL_TRIM,127.53,122.97,3.58,0,Closed 0 worst trades
2026.02.16 12:41:13,410038624,Magic_251101,CRITICAL_TRIM,127.53,122.97,3.58,0,Closed 0 worst trades
2026.02.16 12:41:13,410038624,Magic_251101,CRITICAL_TRIM,127.53,122.97,3.58,0,Closed 0 worst trades
2026.02.16 12:41:13,410038624,Magic_251101,CRITICAL_TRIM,127.53,122.97,3.58,0,Closed 0 worst trades
2026.02.16 12:41:13,410038624,Magic_251101,CRITICAL_TRIM,127.53,122.97,3.58,0,Closed 0 worst trades
2026.02.16 12:41:14,410038624,Magic_251101,CRITICAL_TRIM,127.53,122.97,3.58,0,Closed 0 worst trades
2026.02.16 12:41:14,410038624,Magic_251101,CRITICAL_TRIM,127.53,122.97,3.58,0,Closed 0 worst trades
2026.02.16 12:41:14,410038624,Magic_251101,CRITICAL_TRIM,127.53,122.97,3.58,0,Closed 0 worst trades
2026.02.16 12:41:14,410038624,Magic_251101,CRITICAL_TRIM,127.53,122.97,3.58,0,Closed 0 worst trades
2026.02.16 12:41:14,410038624,Magic_251101,CRITICAL_TRIM,127.53,122.97,3.58,0,Closed 0 worst trades
2026.02.16 12:41:15,410038624,Magic_251101,CRITICAL_TRIM,127.53,122.97,3.58,0,Closed 0 worst trades
2026.02.16 12:41:15,410038624,Magic_251101,CRITICAL_TRIM,127.53,122.97,3.58,0,Closed 0 worst trades
2026.02.16 12:41:15,410038624,Magic_251101,CRITICAL_TRIM,127.53,122.97,3.58,0,Closed 0 worst trades
2026.02.16 12:41:15,410038624,Magic_251101,CRITICAL_TRIM,127.53,122.97,3.58,0,Closed 0 worst trades
2026.02.16 12:41:16,410038624,Magic_251101,CRITICAL_TRIM,127.53,122.97,3.58,0,Closed 0 worst trades
2026.02.16 12:41:16,410038624,Magic_251101,CRITICAL_TRIM,127.53,122.97,3.58,0,Closed 0 worst trades
2026.02.16 12:41:16,410038624,Magic_251101,CRITICAL_TRIM,127.53,122.97,3.58,0,Closed 0 worst trades
2026.02.16 12:41:16,410038624,Magic_251101,CRITICAL_TRIM,127.53,122.97,3.58,0,Closed 0 worst trades
2026.02.16 12:41:17,410038624,Magic_251101,CRITICAL_TRIM,127.53,122.97,3.58,0,Closed 0 worst trades
2026.02.16 12:41:17,410038624,Magic_251101,CRITICAL_TRIM,127.53,122.97,3.58,0,Closed 0 worst trades
2026.02.16 12:41:17,410038624,Magic_251101,CRITICAL_TRIM,127.53,122.97,3.58,0,Closed 0 worst trades
2026.02.16 12:41:17,410038624,Magic_251101,CRITICAL_TRIM,127.53,122.97,3.58,0,Closed 0 worst trades
2026.02.16 12:41:17,410038624,Magic_251101,CRITICAL_TRIM,127.53,122.97,3.58,0,Closed 0 worst trades
2026.02.16 12:41:18,410038624,Magic_251101,CRITICAL_TRIM,127.53,122.97,3.58,0,Closed 0 worst trades
2026.02.16 12:41:18,410038624,Magic_251101,CRITICAL_TRIM,127.53,122.97,3.58,0,Closed 0 worst trades
2026.02.16 12:41:18,410038624,Magic_251101,CRITICAL_TRIM,127.53,122.97,3.58,0,Closed 0 worst trades
2026.02.16 12:41:18,410038624,Magic_251101,CRITICAL_TRIM,127.53,122.97,3.58,0,Closed 0 worst trades
2026.02.16 12:41:19,410038624,Magic_251101,CRITICAL_TRIM,127.53,122.97,3.58,0,Closed 0 worst trades
2026.02.16 12:41:19,410038624,Magic_251101,CRITICAL_TRIM,127.53,122.97,3.58,0,Closed 0 worst trades
2026.02.16 12:41:19,410038624,Magic_251101,CRITICAL_TRIM,127.53,122.97,3.58,0,Closed 0 worst trades
2026.02.16 12:41:19,410038624,Magic_251101,CRITICAL_TRIM,127.53,122.97,3.58,0,Closed 0 worst trades
2026.02.16 12:41:19,410038624,Magic_251101,CRITICAL_TRIM,127.53,122.97,3.58,0,Closed 0 worst trades
2026.02.16 12:41:20,410038624,Magic_251101,CRITICAL_TRIM,127.53,122.97,3.58,0,Closed 0 worst trades
2026.02.16 12:41:20,410038624,Magic_251101,CRITICAL_TRIM,127.53,122.97,3.58,0,Closed 0 worst trades
2026.02.16 12:41:20,410038624,Magic_251101,CRITICAL_TRIM,127.53,122.97,3.58,0,Closed 0 worst trades
2026.02.16 12:41:21,410038624,Magic_251101,CRITICAL_TRIM,127.53,122.97,3.58,0,Closed 0 worst trades
2026.02.16 12:41:22,410038624,Magic_251101,CRITICAL_TRIM,127.53,122.97,3.58,0,Closed 0 worst trades
2026.02.16 12:41:24,410038624,Magic_251101,CRITICAL_TRIM,127.53,122.97,3.58,0,Closed 0 worst trades
2026.02.16 12:41:24,410038624,Magic_251101,CRITICAL_TRIM,127.53,122.97,3.58,0,Closed 0 worst trades
2026.02.16 12:41:24,410038624,Magic_251101,CRITICAL_TRIM,127.53,122.97,3.58,0,Closed 0 worst trades
2026.02.16 12:41:25,410038624,Magic_251101,CRITICAL_TRIM,127.53,122.97,3.58,0,Closed 0 worst trades
2026.02.16 12:41:25,410038624,Magic_251101,CRITICAL_TRIM,127.53,122.97,3.58,0,Closed 0 worst trades
2026.02.16 12:41:25,410038624,Magic_251101,CRITICAL_TRIM,127.53,122.97,3.58,0,Closed 0 worst trades
2026.02.16 12:41:26,410038624,Magic_251101,CRITICAL_TRIM,127.53,122.97,3.58,0,Closed 0 worst trades
2026.02.16 12:41:26,410038624,Magic_251101,CRITICAL_TRIM,127.53,122.97,3.58,0,Closed 0 worst trades
2026.02.16 12:41:26,410038624,Magic_251101,CRITICAL_TRIM,127.53,122.97,3.58,0,Closed 0 worst trades
2026.02.16 12:41:26,410038624,Magic_251101,CRITICAL_TRIM,127.53,122.97,3.58,0,Closed 0 worst trades
2026.02.16 12:41:27,410038624,Magic_251101,CRITICAL_TRIM,127.53,122.97,3.58,0,Closed 0 worst trades
2026.02.16 12:41:27,410038624,Magic_251101,CRITICAL_TRIM,127.53,122.97,3.58,0,Closed 0 worst trades
2026.02.16 12:41:27,410038624,Magic_251101,CRITICAL_TRIM,127.53,122.97,3.58,0,Closed 0 worst trades
2026.02.16 12:41:27,410038624,Magic_251101,CRITICAL_TRIM,127.53,122.97,3.58,0,Closed 0 worst trades
2026.02.16 12:41:28,410038624,Magic_251101,CRITICAL_TRIM,127.53,122.97,3.58,0,Closed 0 worst trades
2026.02.16 12:41:29,410038624,Magic_251101,CRITICAL_TRIM,127.53,122.97,3.58,0,Closed 0 worst trades
2026.02.16 12:41:29,410038624,Magic_251101,CRITICAL_TRIM,127.53,122.97,3.58,0,Closed 0 worst trades
2026.02.16 12:41:30,410038624,Magic_251101,CRITICAL_TRIM,127.53,122.97,3.58,0,Closed 0 worst trades
2026.02.16 12:41:30,410038624,Magic_251101,CRITICAL_TRIM,127.53,122.97,3.58,0,Closed 0 worst trades
2026.02.16 12:41:31,410038624,Magic_251101,CRITICAL_TRIM,127.53,122.97,3.58,0,Closed 0 worst trades
2026.02.16 12:41:33,410038624,Magic_251101,CRITICAL_TRIM,127.53,122.97,3.58,0,Closed 0 worst trades
2026.02.16 12:41:33,410038624,Magic_251101,CRITICAL_TRIM,127.53,122.97,3.58,0,Closed 0 worst trades
2026.02.16 12:41:34,410038624,Magic_251101,CRITICAL_TRIM,127.53,122.97,3.58,0,Closed 0 worst trades
2026.02.16 12:41:34,410038624,Magic_251101,CRITICAL_TRIM,127.53,122.97,3.58,0,Closed 0 worst trades
2026.02.16 12:41:34,410038624,Magic_251101,CRITICAL_TRIM,127.53,122.97,3.58,0,Closed 0 worst trades
2026.02.16 12:41:34,410038624,Magic_251101,CRITICAL_TRIM,127.53,122.97,3.58,0,Closed 0 worst trades
2026.02.16 12:41:34,410038624,Magic_251101,CRITICAL_TRIM,127.53,122.97,3.58,0,Closed 0 worst trades
2026.02.16 12:41:35,410038624,Magic_251101,CRITICAL_TRIM,127.53,122.97,3.58,0,Closed 0 worst trades
2026.02.16 12:41:36,410038624,Magic_251101,CRITICAL_TRIM,127.53,122.97,3.58,0,Closed 0 worst trades
2026.02.16 12:41:36,410038624,Magic_251101,CRITICAL_TRIM,127.53,122.97,3.58,0,Closed 0 worst trades
2026.02.16 12:41:36,410038624,Magic_251101,CRITICAL_TRIM,127.53,122.97,3.58,0,Closed 0 worst trades
2026.02.16 12:41:36,410038624,Magic_251101,CRITICAL_TRIM,127.53,122.97,3.58,0,Closed 0 worst trades
2026.02.16 12:41:36,410038624,Magic_251101,CRITICAL_TRIM,127.53,122.97,3.58,0,Closed 0 worst trades
2026.02.16 12:41:36,410038624,Magic_251101,CRITICAL_TRIM,127.53,122.97,3.58,0,Closed 0 worst trades
2026.02.16 12:41:37,410038624,Magic_251101,CRITICAL_TRIM,127.53,122.97,3.58,0,Closed 0 worst trades
2026.02.16 12:41:37,410038624,Magic_251101,CRITICAL_TRIM,127.53,122.97,3.58,0,Closed 0 worst trades
2026.02.16 12:41:38,410038624,Magic_251101,CRITICAL_TRIM,127.53,122.97,3.58,0,Closed 0 worst trades
2026.02.16 12:41:39,410038624,Magic_251101,CRITICAL_TRIM,127.53,122.97,3.58,0,Closed 0 worst trades
2026.02.16 12:41:39,410038624,Magic_251101,CRITICAL_TRIM,127.53,122.97,3.58,0,Closed 0 worst trades
2026.02.16 12:41:39,410038624,Magic_251101,CRITICAL_TRIM,127.53,122.97,3.58,0,Closed 0 worst trades
2026.02.16 12:41:39,410038624,Magic_251101,CRITICAL_TRIM,127.53,122.97,3.58,0,Closed 0 worst trades
2026.02.16 12:41:40,410038624,Magic_251101,CRITICAL_TRIM,127.53,122.97,3.58,0,Closed 0 worst trades
2026.02.16 12:41:40,410038624,Magic_251101,CRITICAL_TRIM,127.53,122.97,3.58,0,Closed 0 worst trades
2026.02.16 12:41:41,410038624,Magic_251101,CRITICAL_TRIM,127.53,122.97,3.58,0,Closed 0 worst trades
2026.02.16 12:41:41,410038624,Magic_251101,CRITICAL_TRIM,127.53,122.97,3.58,0,Closed 0 worst trades
2026.02.16 12:41:41,410038624,Magic_251101,CRITICAL_TRIM,127.53,122.97,3.58,0,Closed 0 worst trades
2026.02.16 12:41:41,410038624,Magic_251101,CRITICAL_TRIM,127.53,122.97,3.58,0,Closed 0 worst trades
2026.02.16 12:41:42,410038624,Magic_251101,CRITICAL_TRIM,127.53,122.97,3.58,0,Closed 0 worst trades
2026.02.16 12:41:42,410038624,Magic_251101,CRITICAL_TRIM,127.53,122.97,3.58,0,Closed 0 worst trades
2026.02.16 12:41:42,410038624,Magic_251101,CRITICAL_TRIM,127.53,122.97,3.58,0,Closed 0 worst trades
2026.02.16 12:41:43,410038624,Magic_251101,CRITICAL_TRIM,127.53,122.97,3.58,0,Closed 0 worst trades
2026.02.16 12:41:43,410038624,Magic_251101,CRITICAL_TRIM,127.53,122.97,3.58,0,Closed 0 worst trades
2026.02.16 12:41:45,410038624,Magic_251101,CRITICAL_TRIM,127.53,122.97,3.58,0,Closed 0 worst trades
2026.02.16 12:41:46,410038624,Magic_251101,CRITICAL_TRIM,127.53,122.97,3.58,0,Closed 0 worst trades
2026.02.16 12:41:46,410038624,Magic_251101,CRITICAL_TRIM,127.53,122.97,3.58,0,Closed 0 worst trades
2026.02.16 12:41:46,410038624,Magic_251101,CRITICAL_TRIM,127.53,122.97,3.58,0,Closed 0 worst trades
2026.02.16 12:41:46,410038624,Magic_251101,CRITICAL_TRIM,127.53,122.97,3.58,0,Closed 0 worst trades
2026.02.16 12:41:48,410038624,Magic_251101,CRITICAL_TRIM,127.53,122.97,3.58,0,Closed 0 worst trades
2026.02.16 12:41:49,410038624,Magic_251101,CRITICAL_TRIM,127.53,122.97,3.58,0,Closed 0 worst trades
2026.02.16 12:41:49,410038624,Magic_251101,CRITICAL_TRIM,127.53,122.97,3.58,0,Closed 0 worst trades
2026.02.16 12:41:49,410038624,Magic_251101,CRITICAL_TRIM,127.53,122.97,3.58,0,Closed 0 worst trades
2026.02.16 12:41:50,410038624,Magic_251101,CRITICAL_TRIM,127.53,122.97,3.58,0,Closed 0 worst trades
2026.02.16 12:41:50,410038624,Magic_251101,CRITICAL_TRIM,127.53,122.97,3.58,0,Closed 0 worst trades
2026.02.16 12:41:50,410038624,Magic_251101,CRITICAL_TRIM,127.53,122.97,3.58,0,Closed 0 worst trades
2026.02.16 12:41:51,410038624,Magic_251101,CRITICAL_TRIM,127.53,122.97,3.58,0,Closed 0 worst trades
2026.02.16 12:41:52,410038624,Magic_251101,CRITICAL_TRIM,127.53,122.97,3.58,0,Closed 0 worst trades
2026.02.16 12:41:52,410038624,Magic_251101,CRITICAL_TRIM,127.53,122.97,3.58,0,Closed 0 worst trades
2026.02.16 12:41:53,410038624,Magic_251101,CRITICAL_TRIM,127.53,122.97,3.58,0,Closed 0 worst trades
2026.02.16 12:41:54,410038624,Magic_251101,CRITICAL_TRIM,127.53,122.97,3.58,0,Closed 0 worst trades
2026.02.16 12:41:54,410038624,Magic_251101,CRITICAL_TRIM,127.53,122.97,3.58,0,Closed 0 worst trades
2026.02.16 12:41:55,410038624,Magic_251101,CRITICAL_TRIM,127.53,122.97,3.58,0,Closed 0 worst trades
2026.02.16 12:41:55,410038624,Magic_251101,CRITICAL_TRIM,127.53,122.97,3.58,0,Closed 0 worst trades
2026.02.16 12:41:55,410038624,Magic_251101,CRITICAL_TRIM,127.53,122.97,3.58,0,Closed 0 worst trades
2026.02.16 12:41:56,410038624,Magic_251101,CRITICAL_TRIM,127.53,122.97,3.58,0,Closed 0 worst trades
2026.02.16 12:41:56,410038624,Magic_251101,CRITICAL_TRIM,127.53,122.97,3.58,0,Closed 0 worst trades
2026.02.16 12:41:58,410038624,Magic_251101,CRITICAL_TRIM,127.53,122.97,3.58,0,Closed 0 worst trades
2026.02.16 12:41:58,410038624,Magic_251101,CRITICAL_TRIM,127.53,122.97,3.58,0,Closed 0 worst trades
2026.02.16 12:41:58,410038624,Magic_251101,CRITICAL_TRIM,127.53,122.97,3.58,0,Closed 0 worst trades
2026.02.16 12:41:59,410038624,Magic_251101,CRITICAL_TRIM,127.53,122.97,3.58,0,Closed 0 worst trades
2026.02.16 12:42:00,410038624,Magic_251101,CRITICAL_TRIM,127.53,122.97,3.58,0,Closed 0 worst trades
2026.02.16 12:42:01,410038624,Magic_251101,CRITICAL_TRIM,127.53,122.97,3.58,0,Closed 0 worst trades
2026.02.16 12:42:01,410038624,Magic_251101,CRITICAL_TRIM,127.53,122.97,3.58,0,Closed 0 worst trades
2026.02.16 12:42:01,410038624,Magic_251101,CRITICAL_TRIM,127.53,122.97,3.58,0,Closed 0 worst trades
2026.02.16 12:42:02,410038624,Magic_251101,CRITICAL_TRIM,127.53,122.97,3.58,0,Closed 0 worst trades
2026.02.16 12:42:02,410038624,Magic_251101,CRITICAL_TRIM,127.53,122.97,3.58,0,Closed 0 worst trades
2026.02.16 12:42:02,410038624,Magic_251101,CRITICAL_TRIM,127.53,122.97,3.58,0,Closed 0 worst trades
2026.02.16 12:42:02,410038624,Magic_251101,CRITICAL_TRIM,127.53,122.97,3.58,0,Closed 0 worst trades
2026.02.16 12:42:02,410038624,Magic_251101,CRITICAL_TRIM,127.53,122.97,3.58,0,Closed 0 worst trades
2026.02.16 12:42:02,410038624,Magic_251101,CRITICAL_TRIM,127.53,122.97,3.58,0,Closed 0 worst trades
2026.02.16 12:42:02,410038624,Magic_251101,CRITICAL_TRIM,127.53,122.97,3.58,0,Closed 0 worst trades
2026.02.16 12:42:02,410038624,Magic_251101,CRITICAL_TRIM,127.53,122.97,3.58,0,Closed 0 worst trades
2026.02.16 12:42:03,410038624,Magic_251101,CRITICAL_TRIM,127.53,122.97,3.58,0,Closed 0 worst trades
2026.02.16 12:42:03,410038624,Magic_251101,CRITICAL_TRIM,127.53,122.97,3.58,0,Closed 0 worst trades
2026.02.16 12:42:03,410038624,Magic_251101,CRITICAL_TRIM,127.53,122.97,3.58,0,Closed 0 worst trades
2026.02.16 12:42:03,410038624,Magic_251101,CRITICAL_TRIM,127.53,122.97,3.58,0,Closed 0 worst trades
2026.02.16 12:42:03,410038624,Magic_251101,CRITICAL_TRIM,127.53,122.97,3.58,0,Closed 0 worst trades
2026.02.16 12:42:03,410038624,Magic_251101,CRITICAL_TRIM,127.53,122.97,3.58,0,Closed 0 worst trades
2026.02.16 12:42:03,410038624,Magic_251101,CRITICAL_TRIM,127.53,122.97,3.58,0,Closed 0 worst trades
2026.02.16 12:42:03,410038624,Magic_251101,CRITICAL_TRIM,127.53,122.97,3.58,0,Closed 0 worst trades
2026.02.16 12:42:03,410038624,Magic_251101,CRITICAL_TRIM,127.53,122.97,3.58,0,Closed 0 worst trades
2026.02.16 12:42:03,410038624,Magic_251101,CRITICAL_TRIM,127.53,122.97,3.58,0,Closed 0 worst trades
2026.02.16 12:42:04,410038624,Magic_251101,CRITICAL_TRIM,127.53,122.97,3.58,0,Closed 0 worst trades
2026.02.16 12:42:04,410038624,Magic_251101,CRITICAL_TRIM,127.53,122.97,3.58,0,Closed 0 worst trades
2026.02.16 12:42:04,410038624,Magic_251101,CRITICAL_TRIM,127.53,122.97,3.58,0,Closed 0 worst trades
2026.02.16 12:42:04,410038624,Magic_251101,CRITICAL_TRIM,127.53,122.97,3.58,0,Closed 0 worst trades
2026.02.16 12:42:04,410038624,Magic_251101,CRITICAL_TRIM,127.53,122.97,3.58,0,Closed 0 worst trades
2026.02.16 12:42:04,410038624,Magic_251101,CRITICAL_TRIM,127.53,122.97,3.58,0,Closed 0 worst trades
2026.02.16 12:42:04,410038624,Magic_251101,CRITICAL_TRIM,127.53,122.97,3.58,0,Closed 0 worst trades
2026.02.16 12:42:04,410038624,Magic_251101,CRITICAL_TRIM,127.53,122.97,3.58,0,Closed 0 worst trades
2026.02.16 12:42:04,410038624,Magic_251101,CRITICAL_TRIM,127.53,122.97,3.58,0,Closed 0 worst trades
2026.02.16 12:42:05,410038624,Magic_251101,CRITICAL_TRIM,127.53,122.97,3.58,0,Closed 0 worst trades
2026.02.16 12:42:05,410038624,Magic_251101,CRITICAL_TRIM,127.53,122.97,3.58,0,Closed 0 worst trades
2026.02.16 12:42:05,410038624,Magic_251101,CRITICAL_TRIM,127.53,122.97,3.58,0,Closed 0 worst trades
2026.02.16 12:42:06,410038624,Magic_251101,CRITICAL_TRIM,127.53,122.97,3.58,0,Closed 0 worst trades
2026.02.16 12:42:06,410038624,Magic_251101,CRITICAL_TRIM,127.53,122.97,3.58,0,Closed 0 worst trades
2026.02.16 12:42:06,410038624,Magic_251101,CRITICAL_TRIM,127.53,122.97,3.58,0,Closed 0 worst trades
2026.02.16 12:42:06,410038624,Magic_251101,CRITICAL_TRIM,127.53,122.97,3.58,0,Closed 0 worst trades
2026.02.16 12:42:07,410038624,Magic_251101,CRITICAL_TRIM,127.53,122.97,3.58,0,Closed 0 worst trades
2026.02.16 12:42:07,410038624,Magic_251101,CRITICAL_TRIM,127.53,122.97,3.58,0,Closed 0 worst trades
2026.02.16 12:42:07,410038624,Magic_251101,CRITICAL_TRIM,127.53,122.97,3.58,0,Closed 0 worst trades
2026.02.16 12:42:08,410038624,Magic_251101,CRITICAL_TRIM,127.53,122.97,3.58,0,Closed 0 worst trades
2026.02.16 12:42:08,410038624,Magic_251101,CRITICAL_TRIM,127.53,122.97,3.58,0,Closed 0 worst trades
2026.02.16 12:42:08,410038624,Magic_251101,CRITICAL_TRIM,127.53,122.97,3.58,0,Closed 0 worst trades
2026.02.16 12:42:08,410038624,Magic_251101,CRITICAL_TRIM,127.53,122.97,3.58,0,Closed 0 worst trades
2026.02.16 12:42:08,410038624,Magic_251101,CRITICAL_TRIM,127.53,122.97,3.58,0,Closed 0 worst trades
2026.02.16 12:42:08,410038624,Magic_251101,CRITICAL_TRIM,127.53,122.97,3.58,0,Closed 0 worst trades
2026.02.16 12:42:09,410038624,Magic_251101,CRITICAL_TRIM,127.53,122.97,3.58,0,Closed 0 worst trades
2026.02.16 12:42:09,410038624,Magic_251101,CRITICAL_TRIM,127.53,122.97,3.58,0,Closed 0 worst trades
2026.02.16 12:42:09,410038624,Magic_251101,CRITICAL_TRIM,127.53,122.97,3.58,0,Closed 0 worst trades
2026.02.16 12:42:09,410038624,Magic_251101,CRITICAL_TRIM,127.53,122.97,3.58,0,Closed 0 worst trades
2026.02.16 12:42:09,410038624,Magic_251101,CRITICAL_TRIM,127.53,122.97,3.58,0,Closed 0 worst trades
2026.02.16 12:42:09,410038624,Magic_251101,CRITICAL_TRIM,127.53,122.97,3.58,0,Closed 0 worst trades
2026.02.16 12:42:09,410038624,Magic_251101,CRITICAL_TRIM,127.53,122.97,3.58,0,Closed 0 worst trades
2026.02.16 12:42:09,410038624,Magic_251101,CRITICAL_TRIM,127.53,122.97,3.58,0,Closed 0 worst trades
2026.02.16 12:42:09,410038624,Magic_251101,CRITICAL_TRIM,127.53,122.97,3.58,0,Closed 0 worst trades
2026.02.16 12:42:09,410038624,Magic_251101,CRITICAL_TRIM,127.53,122.97,3.58,0,Closed 0 worst trades
2026.02.16 12:42:09,410038624,Magic_251101,CRITICAL_TRIM,127.53,122.97,3.58,0,Closed 0 worst trades
2026.02.16 12:42:10,410038624,Magic_251101,CRITICAL_TRIM,127.53,122.97,3.58,0,Closed 0 worst trades
2026.02.16 12:42:10,410038624,Magic_251101,CRITICAL_TRIM,127.53,122.97,3.58,0,Closed 0 worst trades
2026.02.16 12:42:10,410038624,Magic_251101,CRITICAL_TRIM,127.53,122.97,3.58,0,Closed 0 worst trades
2026.02.16 12:42:10,410038624,Magic_251101,CRITICAL_TRIM,127.53,122.97,3.58,0,Closed 0 worst trades
2026.02.16 12:42:10,410038624,Magic_251101,CRITICAL_TRIM,127.53,122.97,3.58,0,Closed 0 worst trades
2026.02.16 12:42:11,410038624,Magic_251101,CRITICAL_TRIM,127.53,122.97,3.58,0,Closed 0 worst trades
2026.02.16 12:42:12,410038624,Magic_251101,CRITICAL_TRIM,127.53,122.97,3.58,0,Closed 0 worst trades
2026.02.16 12:42:12,410038624,Magic_251101,CRITICAL_TRIM,127.53,122.97,3.58,0,Closed 0 worst trades
2026.02.16 12:42:13,410038624,Magic_251101,CRITICAL_TRIM,127.53,122.97,3.58,0,Closed 0 worst trades
2026.02.16 12:42:13,410038624,Magic_251101,CRITICAL_TRIM,127.53,122.97,3.58,0,Closed 0 worst trades
2026.02.16 12:42:13,410038624,Magic_251101,CRITICAL_TRIM,127.53,122.97,3.58,0,Closed 0 worst trades
2026.02.16 12:42:13,410038624,Magic_251101,CRITICAL_TRIM,127.53,122.97,3.58,0,Closed 0 worst trades
2026.02.16 12:42:14,410038624,Magic_251101,CRITICAL_TRIM,127.53,122.97,3.58,0,Closed 0 worst trades
2026.02.16 12:42:15,410038624,Magic_251101,CRITICAL_TRIM,127.53,122.97,3.58,0,Closed 0 worst trades
2026.02.16 12:42:16,410038624,Magic_251101,CRITICAL_TRIM,127.53,122.97,3.58,0,Closed 0 worst trades
2026.02.16 12:42:16,410038624,Magic_251101,CRITICAL_TRIM,127.53,122.97,3.58,0,Closed 0 worst trades
2026.02.16 12:42:17,410038624,Magic_251101,CRITICAL_TRIM,127.53,122.97,3.58,0,Closed 0 worst trades
2026.02.16 12:42:17,410038624,Magic_251101,CRITICAL_TRIM,127.53,122.97,3.58,0,Closed 0 worst trades
2026.02.16 12:42:17,410038624,Magic_251101,CRITICAL_TRIM,127.53,122.97,3.58,0,Closed 0 worst trades
2026.02.16 12:42:18,410038624,Magic_251101,CRITICAL_TRIM,127.53,122.97,3.58,0,Closed 0 worst trades
2026.02.16 12:42:18,410038624,Magic_251101,CRITICAL_TRIM,127.53,122.97,3.58,0,Closed 0 worst trades
2026.02.16 12:42:18,410038624,Magic_251101,CRITICAL_TRIM,127.53,122.97,3.58,0,Closed 0 worst trades
2026.02.16 12:42:18,410038624,Magic_251101,CRITICAL_TRIM,127.53,122.97,3.58,0,Closed 0 worst trades
2026.02.16 12:42:18,410038624,Magic_251101,CRITICAL_TRIM,127.53,122.97,3.58,0,Closed 0 worst trades
2026.02.16 12:42:18,410038624,Magic_251101,CRITICAL_TRIM,127.53,122.97,3.58,0,Closed 0 worst trades
2026.02.16 12:42:19,410038624,Magic_251101,CRITICAL_TRIM,127.53,122.97,3.58,0,Closed 0 worst trades
2026.02.16 12:42:19,410038624,Magic_251101,CRITICAL_TRIM,127.53,122.97,3.58,0,Closed 0 worst trades
2026.02.16 12:42:19,410038624,Magic_251101,CRITICAL_TRIM,127.53,122.97,3.58,0,Closed 0 worst trades
2026.02.16 12:42:19,410038624,Magic_251101,CRITICAL_TRIM,127.53,122.97,3.58,0,Closed 0 worst trades
2026.02.16 12:42:19,410038624,Magic_251101,CRITICAL_TRIM,127.53,122.97,3.58,0,Closed 0 worst trades
2026.02.16 12:42:19,410038624,Magic_251101,CRITICAL_TRIM,127.53,122.97,3.58,0,Closed 0 worst trades
2026.02.16 12:42:20,410038624,Magic_251101,CRITICAL_TRIM,127.53,122.97,3.58,0,Closed 0 worst trades
2026.02.16 12:42:20,410038624,Magic_251101,CRITICAL_TRIM,127.53,122.97,3.58,0,Closed 0 worst trades
2026.02.16 12:42:20,410038624,Magic_251101,CRITICAL_TRIM,127.53,122.97,3.58,0,Closed 0 worst trades
2026.02.16 12:42:20,410038624,Magic_251101,CRITICAL_TRIM,127.53,122.97,3.58,0,Closed 0 worst trades
2026.02.16 12:42:20,410038624,Magic_251101,CRITICAL_TRIM,127.53,122.97,3.58,0,Closed 0 worst trades
2026.02.16 12:42:21,410038624,Magic_251101,CRITICAL_TRIM,127.53,122.97,3.58,0,Closed 0 worst trades
2026.02.16 12:42:21,410038624,Magic_251101,CRITICAL_TRIM,127.53,122.97,3.58,0,Closed 0 worst trades
2026.02.16 12:42:21,410038624,Magic_251101,CRITICAL_TRIM,127.53,122.97,3.58,0,Closed 0 worst trades
2026.02.16 12:42:21,410038624,Magic_251101,CRITICAL_TRIM,127.53,122.97,3.58,0,Closed 0 worst trades
2026.02.16 12:42:21,410038624,Magic_251101,CRITICAL_TRIM,127.53,122.97,3.58,0,Closed 0 worst trades
2026.02.16 12:42:21,410038624,Magic_251101,CRITICAL_TRIM,127.53,122.97,3.58,0,Closed 0 worst trades
2026.02.16 12:42:21,410038624,Magic_251101,CRITICAL_TRIM,127.53,122.97,3.58,0,Closed 0 worst trades
2026.02.16 12:42:22,410038624,Magic_251101,CRITICAL_TRIM,127.53,122.97,3.58,0,Closed 0 worst trades
2026.02.16 12:42:22,410038624,Magic_251101,CRITICAL_TRIM,127.53,122.97,3.58,0,Closed 0 worst trades
2026.02.16 12:42:22,410038624,Magic_251101,CRITICAL_TRIM,127.53,122.97,3.58,0,Closed 0 worst trades
2026.02.16 12:42:22,410038624,Magic_251101,CRITICAL_TRIM,127.53,122.97,3.58,0,Closed 0 worst trades
2026.02.16 12:42:22,410038624,Magic_251101,CRITICAL_TRIM,127.53,122.97,3.58,0,Closed 0 worst trades
2026.02.16 12:42:23,410038624,Magic_251101,CRITICAL_TRIM,127.53,122.97,3.58,0,Closed 0 worst trades
2026.02.16 12:42:23,410038624,Magic_251101,CRITICAL_TRIM,127.53,122.97,3.58,0,Closed 0 worst trades
2026.02.16 12:42:23,410038624,Magic_251101,CRITICAL_TRIM,127.53,122.97,3.58,0,Closed 0 worst trades
2026.02.16 12:42:23,410038624,Magic_251101,CRITICAL_TRIM,127.53,122.97,3.58,0,Closed 0 worst trades
2026.02.16 12:42:23,410038624,Magic_251101,CRITICAL_TRIM,127.53,122.97,3.58,0,Closed 0 worst trades
2026.02.16 12:42:23,410038624,Magic_251101,CRITICAL_TRIM,127.53,122.97,3.58,0,Closed 0 worst trades
2026.02.16 12:42:23,410038624,Magic_251101,CRITICAL_TRIM,127.53,122.97,3.58,0,Closed 0 worst trades
2026.02.16 12:42:24,410038624,Magic_251101,CRITICAL_TRIM,127.53,122.97,3.58,0,Closed 0 worst trades
2026.02.16 12:42:24,410038624,Magic_251101,CRITICAL_TRIM,127.53,122.97,3.58,0,Closed 0 worst trades
2026.02.16 12:42:24,410038624,Magic_251101,CRITICAL_TRIM,127.53,122.97,3.58,0,Closed 0 worst trades
2026.02.16 12:42:24,410038624,Magic_251101,CRITICAL_TRIM,127.53,122.97,3.58,0,Closed 0 worst trades
2026.02.16 12:42:24,410038624,Magic_251101,CRITICAL_TRIM,127.53,122.97,3.58,0,Closed 0 worst trades
2026.02.16 12:42:25,410038624,Magic_251101,CRITICAL_TRIM,127.53,122.97,3.58,0,Closed 0 worst trades
2026.02.16 12:42:25,410038624,Magic_251101,CRITICAL_TRIM,127.53,122.97,3.58,0,Closed 0 worst trades
2026.02.16 12:42:25,410038624,Magic_251101,CRITICAL_TRIM,127.53,122.97,3.58,0,Closed 0 worst trades
2026.02.16 12:42:25,410038624,Magic_251101,CRITICAL_TRIM,127.53,122.97,3.58,0,Closed 0 worst trades
2026.02.16 12:42:25,410038624,Magic_251101,CRITICAL_TRIM,127.53,122.97,3.58,0,Closed 0 worst trades
2026.02.16 12:42:25,410038624,Magic_251101,CRITICAL_TRIM,127.53,122.97,3.58,0,Closed 0 worst trades
2026.02.16 12:42:26,410038624,Magic_251101,CRITICAL_TRIM,127.53,122.97,3.58,0,Closed 0 worst trades
2026.02.16 12:42:26,410038624,Magic_251101,CRITICAL_TRIM,127.53,122.97,3.58,0,Closed 0 worst trades
2026.02.16 12:42:26,410038624,Magic_251101,CRITICAL_TRIM,127.53,122.97,3.58,0,Closed 0 worst trades
2026.02.16 12:42:26,410038624,Magic_251101,CRITICAL_TRIM,127.53,122.97,3.58,0,Closed 0 worst trades
2026.02.16 12:42:26,410038624,Magic_251101,CRITICAL_TRIM,127.53,122.97,3.58,0,Closed 0 worst trades
2026.02.16 12:42:26,410038624,Magic_251101,CRITICAL_TRIM,127.53,122.97,3.58,0,Closed 0 worst trades
2026.02.16 12:42:26,410038624,Magic_251101,CRITICAL_TRIM,127.53,122.97,3.58,0,Closed 0 worst trades
2026.02.16 12:42:26,410038624,Magic_251101,CRITICAL_TRIM,127.53,122.97,3.58,0,Closed 0 worst trades
2026.02.16 12:42:27,410038624,Magic_251101,CRITICAL_TRIM,127.53,122.97,3.58,0,Closed 0 worst trades
2026.02.16 12:42:27,410038624,Magic_251101,CRITICAL_TRIM,127.53,122.97,3.58,0,Closed 0 worst trades
2026.02.16 12:42:27,410038624,Magic_251101,CRITICAL_TRIM,127.53,122.97,3.58,0,Closed 0 worst trades
2026.02.16 12:42:27,410038624,Magic_251101,CRITICAL_TRIM,127.53,122.97,3.58,0,Closed 0 worst trades
2026.02.16 12:42:27,410038624,Magic_251101,CRITICAL_TRIM,127.53,122.97,3.58,0,Closed 0 worst trades
2026.02.16 12:42:27,410038624,Magic_251101,CRITICAL_TRIM,127.53,122.97,3.58,0,Closed 0 worst trades
2026.02.16 12:42:27,410038624,Magic_251101,CRITICAL_TRIM,127.53,122.97,3.58,0,Closed 0 worst trades
2026.02.16 12:42:27,410038624,Magic_251101,CRITICAL_TRIM,127.53,122.97,3.58,0,Closed 0 worst trades
2026.02.16 12:42:27,410038624,Magic_251101,CRITICAL_TRIM,127.53,122.97,3.58,0,Closed 0 worst trades
2026.02.16 12:42:28,410038624,Magic_251101,CRITICAL_TRIM,127.53,122.97,3.58,0,Closed 0 worst trades
2026.02.16 12:42:28,410038624,Magic_251101,CRITICAL_TRIM,127.53,122.97,3.58,0,Closed 0 worst trades
2026.02.16 12:42:28,410038624,Magic_251101,CRITICAL_TRIM,127.53,122.97,3.58,0,Closed 0 worst trades
2026.02.16 12:42:28,410038624,Magic_251101,CRITICAL_TRIM,127.53,122.97,3.58,0,Closed 0 worst trades
2026.02.16 12:42:29,410038624,Magic_251101,CRITICAL_TRIM,127.53,122.97,3.58,0,Closed 0 worst trades
2026.02.16 12:42:29,410038624,Magic_251101,CRITICAL_TRIM,127.53,122.97,3.58,0,Closed 0 worst trades
2026.02.16 12:42:29,410038624,Magic_251101,CRITICAL_TRIM,127.53,122.97,3.58,0,Closed 0 worst trades
2026.02.16 12:42:29,410038624,Magic_251101,CRITICAL_TRIM,127.53,122.97,3.58,0,Closed 0 worst trades
2026.02.16 12:42:30,410038624,Magic_251101,CRITICAL_TRIM,127.53,122.97,3.58,0,Closed 0 worst trades
2026.02.16 12:42:30,410038624,Magic_251101,CRITICAL_TRIM,127.53,122.97,3.58,0,Closed 0 worst trades
2026.02.16 12:42:30,410038624,Magic_251101,CRITICAL_TRIM,127.53,122.97,3.58,0,Closed 0 worst trades
2026.02.16 12:42:30,410038624,Magic_251101,CRITICAL_TRIM,127.53,122.97,3.58,0,Closed 0 worst trades
2026.02.16 12:42:31,410038624,Magic_251101,CRITICAL_TRIM,127.53,122.97,3.58,0,Closed 0 worst trades
2026.02.16 12:42:31,410038624,Magic_251101,CRITICAL_TRIM,127.53,122.97,3.58,0,Closed 0 worst trades
2026.02.16 12:42:31,410038624,Magic_251101,CRITICAL_TRIM,127.53,122.97,3.58,0,Closed 0 worst trades
2026.02.16 12:42:31,410038624,Magic_251101,CRITICAL_TRIM,127.53,122.97,3.58,0,Closed 0 worst trades
2026.02.16 12:42:32,410038624,Magic_251101,CRITICAL_TRIM,127.53,122.97,3.58,0,Closed 0 worst trades
2026.02.16 12:42:32,410038624,Magic_251101,CRITICAL_TRIM,127.53,122.97,3.58,0,Closed 0 worst trades
2026.02.16 12:42:32,410038624,Magic_251101,CRITICAL_TRIM,127.53,122.97,3.58,0,Closed 0 worst trades
2026.02.16 12:42:32,410038624,Magic_251101,CRITICAL_TRIM,127.53,122.97,3.58,0,Closed 0 worst trades
2026.02.16 12:42:32,410038624,Magic_251101,CRITICAL_TRIM,127.53,122.97,3.58,0,Closed 0 worst trades
2026.02.16 12:42:33,410038624,Magic_251101,CRITICAL_TRIM,127.53,122.97,3.58,0,Closed 0 worst trades
2026.02.16 12:42:33,410038624,Magic_251101,CRITICAL_TRIM,127.53,122.97,3.58,0,Closed 0 worst trades
2026.02.16 12:42:33,410038624,Magic_251101,CRITICAL_TRIM,127.53,122.97,3.58,0,Closed 0 worst trades
2026.02.16 12:42:33,410038624,Magic_251101,CRITICAL_TRIM,127.53,122.97,3.58,0,Closed 0 worst trades
2026.02.16 12:42:34,410038624,Magic_251101,CRITICAL_TRIM,127.53,122.97,3.58,0,Closed 0 worst trades
2026.02.16 12:42:34,410038624,Magic_251101,CRITICAL_TRIM,127.53,122.97,3.58,0,Closed 0 worst trades
2026.02.16 12:42:34,410038624,Magic_251101,CRITICAL_TRIM,127.53,122.97,3.58,0,Closed 0 worst trades
2026.02.16 12:42:34,410038624,Magic_251101,CRITICAL_TRIM,127.53,122.97,3.58,0,Closed 0 worst trades
2026.02.16 12:42:34,410038624,Magic_251101,CRITICAL_TRIM,127.53,122.97,3.58,0,Closed 0 worst trades
2026.02.16 12:42:35,410038624,Magic_251101,CRITICAL_TRIM,127.53,122.97,3.58,0,Closed 0 worst trades
2026.02.16 12:42:35,410038624,Magic_251101,CRITICAL_TRIM,127.53,122.97,3.58,0,Closed 0 worst trades
2026.02.16 12:42:35,410038624,Magic_251101,CRITICAL_TRIM,127.53,122.97,3.58,0,Closed 0 worst trades
2026.02.16 12:42:35,410038624,Magic_251101,CRITICAL_TRIM,127.53,122.97,3.58,0,Closed 0 worst trades
2026.02.16 12:42:35,410038624,Magic_251101,CRITICAL_TRIM,127.53,122.97,3.58,0,Closed 0 worst trades
2026.02.16 12:42:35,410038624,Magic_251101,CRITICAL_TRIM,127.53,122.97,3.58,0,Closed 0 worst trades
2026.02.16 12:42:36,410038624,Magic_251101,CRITICAL_TRIM,127.53,122.97,3.58,0,Closed 0 worst trades
2026.02.16 12:42:36,410038624,Magic_251101,CRITICAL_TRIM,127.53,122.97,3.58,0,Closed 0 worst trades
2026.02.16 12:42:36,410038624,Magic_251101,CRITICAL_TRIM,127.53,122.97,3.58,0,Closed 0 worst trades
2026.02.16 12:42:36,410038624,Magic_251101,CRITICAL_TRIM,127.53,122.97,3.58,0,Closed 0 worst trades
2026.02.16 12:42:37,410038624,Magic_251101,CRITICAL_TRIM,127.53,122.97,3.58,0,Closed 0 worst trades
2026.02.16 12:42:37,410038624,Magic_251101,CRITICAL_TRIM,127.53,122.97,3.58,0,Closed 0 worst trades
2026.02.16 12:42:37,410038624,Magic_251101,CRITICAL_TRIM,127.53,122.97,3.58,0,Closed 0 worst trades
2026.02.16 12:42:37,410038624,Magic_251101,CRITICAL_TRIM,127.53,122.97,3.58,0,Closed 0 worst trades
2026.02.16 12:42:37,410038624,Magic_251101,CRITICAL_TRIM,127.53,122.97,3.58,0,Closed 0 worst trades
2026.02.16 12:42:37,410038624,Magic_251101,CRITICAL_TRIM,127.53,122.97,3.58,0,Closed 0 worst trades
2026.02.16 12:42:37,410038624,Magic_251101,CRITICAL_TRIM,127.53,122.97,3.58,0,Closed 0 worst trades
2026.02.16 12:42:37,410038624,Magic_251101,CRITICAL_TRIM,127.53,122.97,3.58,0,Closed 0 worst trades
2026.02.16 12:42:38,410038624,Magic_251101,CRITICAL_TRIM,127.53,122.97,3.58,0,Closed 0 worst trades
2026.02.16 12:42:38,410038624,Magic_251101,CRITICAL_TRIM,127.53,122.97,3.58,0,Closed 0 worst trades
2026.02.16 12:42:38,410038624,Magic_251101,CRITICAL_TRIM,127.53,122.97,3.58,0,Closed 0 worst trades
2026.02.16 12:42:38,410038624,Magic_251101,CRITICAL_TRIM,127.53,122.97,3.58,0,Closed 0 worst trades
2026.02.16 12:42:38,410038624,Magic_251101,CRITICAL_TRIM,127.53,122.97,3.58,0,Closed 0 worst trades
2026.02.16 12:42:39,410038624,Magic_251101,CRITICAL_TRIM,127.53,122.97,3.58,0,Closed 0 worst trades
2026.02.16 12:42:39,410038624,Magic_251101,CRITICAL_TRIM,127.53,122.97,3.58,0,Closed 0 worst trades
2026.02.16 12:42:40,410038624,Magic_251101,CRITICAL_TRIM,127.53,122.97,3.58,0,Closed 0 worst trades
2026.02.16 12:42:40,410038624,Magic_251101,CRITICAL_TRIM,127.53,122.97,3.58,0,Closed 0 worst trades
2026.02.16 12:42:40,410038624,Magic_251101,CRITICAL_TRIM,127.53,122.97,3.58,0,Closed 0 worst trades
2026.02.16 12:42:40,410038624,Magic_251101,CRITICAL_TRIM,127.53,122.97,3.58,0,Closed 0 worst trades
2026.02.16 12:42:41,410038624,Magic_251101,CRITICAL_TRIM,127.53,122.97,3.58,0,Closed 0 worst trades
2026.02.16 12:42:41,410038624,Magic_251101,CRITICAL_TRIM,127.53,122.97,3.58,0,Closed 0 worst trades
2026.02.16 12:42:41,410038624,Magic_251101,CRITICAL_TRIM,127.53,122.97,3.58,0,Closed 0 worst trades
2026.02.16 12:42:41,410038624,Magic_251101,CRITICAL_TRIM,127.53,122.97,3.58,0,Closed 0 worst trades
2026.02.16 12:42:42,410038624,Magic_251101,CRITICAL_TRIM,127.53,122.97,3.58,0,Closed 0 worst trades
2026.02.16 12:42:42,410038624,Magic_251101,CRITICAL_TRIM,127.53,122.97,3.58,0,Closed 0 worst trades
2026.02.16 12:42:42,410038624,Magic_251101,CRITICAL_TRIM,127.53,122.97,3.58,0,Closed 0 worst trades
2026.02.16 12:42:43,410038624,Magic_251101,CRITICAL_TRIM,127.53,122.97,3.58,0,Closed 0 worst trades
2026.02.16 12:42:43,410038624,Magic_251101,CRITICAL_TRIM,127.53,122.97,3.58,0,Closed 0 worst trades
2026.02.16 12:42:43,410038624,Magic_251101,CRITICAL_TRIM,127.53,122.97,3.58,0,Closed 0 worst trades
2026.02.16 12:42:45,410038624,Magic_251101,CRITICAL_TRIM,127.53,122.97,3.58,0,Closed 0 worst trades
2026.02.16 12:42:45,410038624,Magic_251101,CRITICAL_TRIM,127.53,122.97,3.58,0,Closed 0 worst trades
2026.02.16 12:42:45,410038624,Magic_251101,CRITICAL_TRIM,127.53,122.97,3.58,0,Closed 0 worst trades
2026.02.16 12:42:46,410038624,Magic_251101,CRITICAL_TRIM,127.53,122.97,3.58,0,Closed 0 worst trades
2026.02.16 12:42:46,410038624,Magic_251101,CRITICAL_TRIM,127.53,122.97,3.58,0,Closed 0 worst trades
2026.02.16 12:42:46,410038624,Magic_251101,CRITICAL_TRIM,127.53,122.97,3.58,0,Closed 0 worst trades
2026.02.16 12:42:47,410038624,Magic_251101,CRITICAL_TRIM,127.53,122.97,3.58,0,Closed 0 worst trades
2026.02.16 12:42:47,410038624,Magic_251101,CRITICAL_TRIM,127.53,122.97,3.58,0,Closed 0 worst trades
2026.02.16 12:42:47,410038624,Magic_251101,CRITICAL_TRIM,127.53,122.97,3.58,0,Closed 0 worst trades
2026.02.16 12:42:47,410038624,Magic_251101,CRITICAL_TRIM,127.53,122.97,3.58,0,Closed 0 worst trades
2026.02.16 12:42:47,410038624,Magic_251101,CRITICAL_TRIM,127.53,122.97,3.58,0,Closed 0 worst trades
2026.02.16 12:42:48,410038624,Magic_251101,CRITICAL_TRIM,127.53,122.97,3.58,0,Closed 0 worst trades
2026.02.16 12:42:48,410038624,Magic_251101,CRITICAL_TRIM,127.53,122.97,3.58,0,Closed 0 worst trades
2026.02.16 12:42:48,410038624,Magic_251101,CRITICAL_TRIM,127.53,122.97,3.58,0,Closed 0 worst trades
2026.02.16 12:42:48,410038624,Magic_251101,CRITICAL_TRIM,127.53,122.97,3.58,0,Closed 0 worst trades
2026.02.16 12:42:49,410038624,Magic_251101,CRITICAL_TRIM,127.53,122.97,3.58,0,Closed 0 worst trades
2026.02.16 12:42:49,410038624,Magic_251101,CRITICAL_TRIM,127.53,122.97,3.58,0,Closed 0 worst trades
2026.02.16 12:42:49,410038624,Magic_251101,CRITICAL_TRIM,127.53,122.97,3.58,0,Closed 0 worst trades
2026.02.16 12:42:49,410038624,Magic_251101,CRITICAL_TRIM,127.53,122.97,3.58,0,Closed 0 worst trades
2026.02.16 12:42:49,410038624,Magic_251101,CRITICAL_TRIM,127.53,122.97,3.58,0,Closed 0 worst trades
2026.02.16 12:42:50,410038624,Magic_251101,CRITICAL_TRIM,127.53,122.97,3.58,0,Closed 0 worst trades
2026.02.16 12:42:50,410038624,Magic_251101,CRITICAL_TRIM,127.53,122.97,3.58,0,Closed 0 worst trades
2026.02.16 12:42:50,410038624,Magic_251101,CRITICAL_TRIM,127.53,122.97,3.58,0,Closed 0 worst trades
2026.02.16 12:42:50,410038624,Magic_251101,CRITICAL_TRIM,127.53,122.97,3.58,0,Closed 0 worst trades
2026.02.16 12:42:51,410038624,Magic_251101,CRITICAL_TRIM,127.53,122.97,3.58,0,Closed 0 worst trades
2026.02.16 12:42:51,410038624,Magic_251101,CRITICAL_TRIM,127.53,122.97,3.58,0,Closed 0 worst trades
2026.02.16 12:42:51,410038624,Magic_251101,CRITICAL_TRIM,127.53,122.97,3.58,0,Closed 0 worst trades
2026.02.16 12:42:51,410038624,Magic_251101,CRITICAL_TRIM,127.53,122.97,3.58,0,Closed 0 worst trades
2026.02.16 12:42:52,410038624,Magic_251101,CRITICAL_TRIM,127.53,122.97,3.58,0,Closed 0 worst trades
2026.02.16 12:42:52,410038624,Magic_251101,CRITICAL_TRIM,127.53,122.97,3.58,0,Closed 0 worst trades
2026.02.16 12:42:52,410038624,Magic_251101,CRITICAL_TRIM,127.53,122.97,3.58,0,Closed 0 worst trades
2026.02.16 12:42:52,410038624,Magic_251101,CRITICAL_TRIM,127.53,122.97,3.58,0,Closed 0 worst trades
2026.02.16 12:42:52,410038624,Magic_251101,CRITICAL_TRIM,127.53,122.97,3.58,0,Closed 0 worst trades
2026.02.16 12:42:52,410038624,Magic_251101,CRITICAL_TRIM,127.53,122.97,3.58,0,Closed 0 worst trades
2026.02.16 12:42:53,410038624,Magic_251101,CRITICAL_TRIM,127.53,122.97,3.58,0,Closed 0 worst trades
2026.02.16 12:42:53,410038624,Magic_251101,CRITICAL_TRIM,127.53,122.97,3.58,0,Closed 0 worst trades
2026.02.16 12:42:53,410038624,Magic_251101,CRITICAL_TRIM,127.53,122.97,3.58,0,Closed 0 worst trades
2026.02.16 12:42:54,410038624,Magic_251101,CRITICAL_TRIM,127.53,122.97,3.58,0,Closed 0 worst trades
2026.02.16 12:42:54,410038624,Magic_251101,CRITICAL_TRIM,127.53,122.97,3.58,0,Closed 0 worst trades
2026.02.16 12:42:54,410038624,Magic_251101,CRITICAL_TRIM,127.53,122.97,3.58,0,Closed 0 worst trades
2026.02.16 12:42:54,410038624,Magic_251101,CRITICAL_TRIM,127.53,122.97,3.58,0,Closed 0 worst trades
2026.02.16 12:42:54,410038624,Magic_251101,CRITICAL_TRIM,127.53,122.97,3.58,0,Closed 0 worst trades
2026.02.16 12:42:55,410038624,Magic_251101,CRITICAL_TRIM,127.53,122.97,3.58,0,Closed 0 worst trades
2026.02.16 12:42:55,410038624,Magic_251101,CRITICAL_TRIM,127.53,122.97,3.58,0,Closed 0 worst trades
2026.02.16 12:42:55,410038624,Magic_251101,CRITICAL_TRIM,127.53,122.97,3.58,0,Closed 0 worst trades
2026.02.16 12:42:55,410038624,Magic_251101,CRITICAL_TRIM,127.53,122.97,3.58,0,Closed 0 worst trades
2026.02.16 12:42:55,410038624,Magic_251101,CRITICAL_TRIM,127.53,122.97,3.58,0,Closed 0 worst trades
2026.02.16 12:42:55,410038624,Magic_251101,CRITICAL_TRIM,127.53,122.97,3.58,0,Closed 0 worst trades
2026.02.16 12:42:56,410038624,Magic_251101,CRITICAL_TRIM,127.53,122.97,3.58,0,Closed 0 worst trades
2026.02.16 12:42:56,410038624,Magic_251101,CRITICAL_TRIM,127.53,122.97,3.58,0,Closed 0 worst trades
2026.02.16 12:42:56,410038624,Magic_251101,CRITICAL_TRIM,127.53,122.97,3.58,0,Closed 0 worst trades
2026.02.16 12:42:56,410038624,Magic_251101,CRITICAL_TRIM,127.53,122.97,3.58,0,Closed 0 worst trades
2026.02.16 12:42:56,410038624,Magic_251101,CRITICAL_TRIM,127.53,122.97,3.58,0,Closed 0 worst trades
2026.02.16 12:42:56,410038624,Magic_251101,CRITICAL_TRIM,127.53,122.97,3.58,0,Closed 0 worst trades
2026.02.16 12:42:57,410038624,Magic_251101,CRITICAL_TRIM,127.53,122.97,3.58,0,Closed 0 worst trades
2026.02.16 12:42:57,410038624,Magic_251101,CRITICAL_TRIM,127.53,122.97,3.58,0,Closed 0 worst trades
2026.02.16 12:42:57,410038624,Magic_251101,CRITICAL_TRIM,127.53,122.97,3.58,0,Closed 0 worst trades
2026.02.16 12:42:57,410038624,Magic_251101,CRITICAL_TRIM,127.53,122.97,3.58,0,Closed 0 worst trades
2026.02.16 12:42:57,410038624,Magic_251101,CRITICAL_TRIM,127.53,122.97,3.58,0,Closed 0 worst trades
2026.02.16 12:42:57,410038624,Magic_251101,CRITICAL_TRIM,127.53,122.97,3.58,0,Closed 0 worst trades
2026.02.16 12:42:57,410038624,Magic_251101,CRITICAL_TRIM,127.53,122.97,3.58,0,Closed 0 worst trades
2026.02.16 12:42:58,410038624,Magic_251101,CRITICAL_TRIM,127.53,122.97,3.58,0,Closed 0 worst trades
2026.02.16 12:42:58,410038624,Magic_251101,CRITICAL_TRIM,127.53,122.97,3.58,0,Closed 0 worst trades
2026.02.16 12:42:58,410038624,Magic_251101,CRITICAL_TRIM,127.53,122.97,3.58,0,Closed 0 worst trades
2026.02.16 12:42:58,410038624,Magic_251101,CRITICAL_TRIM,127.53,122.97,3.58,0,Closed 0 worst trades
2026.02.16 12:42:58,410038624,Magic_251101,CRITICAL_TRIM,127.53,122.97,3.58,0,Closed 0 worst trades
2026.02.16 12:42:58,410038624,Magic_251101,CRITICAL_TRIM,127.53,122.97,3.58,0,Closed 0 worst trades
2026.02.16 12:42:58,410038624,Magic_251101,CRITICAL_TRIM,127.53,122.97,3.58,0,Closed 0 worst trades
2026.02.16 12:42:58,410038624,Magic_251101,CRITICAL_TRIM,127.53,122.97,3.58,0,Closed 0 worst trades
2026.02.16 12:42:58,410038624,Magic_251101,CRITICAL_TRIM,127.53,122.97,3.58,0,Closed 0 worst trades
2026.02.16 12:42:59,410038624,Magic_251101,CRITICAL_TRIM,127.53,122.97,3.58,0,Closed 0 worst trades
2026.02.16 12:42:59,410038624,Magic_251101,CRITICAL_TRIM,127.53,122.97,3.58,0,Closed 0 worst trades
2026.02.16 12:42:59,410038624,Magic_251101,CRITICAL_TRIM,127.53,122.97,3.58,0,Closed 0 worst trades
2026.02.16 12:42:59,410038624,Magic_251101,CRITICAL_TRIM,127.53,122.97,3.58,0,Closed 0 worst trades
2026.02.16 12:42:59,410038624,Magic_251101,CRITICAL_TRIM,127.53,122.97,3.58,0,Closed 0 worst trades
2026.02.16 12:42:59,410038624,Magic_251101,CRITICAL_TRIM,127.53,122.97,3.58,0,Closed 0 worst trades
2026.02.16 12:43:00,410038624,Magic_251101,CRITICAL_TRIM,127.53,122.97,3.58,0,Closed 0 worst trades
2026.02.16 12:43:00,410038624,Magic_251101,CRITICAL_TRIM,127.53,122.97,3.58,0,Closed 0 worst trades
2026.02.16 12:43:00,410038624,Magic_251101,CRITICAL_TRIM,127.53,122.97,3.58,0,Closed 0 worst trades
2026.02.16 12:43:00,410038624,Magic_251101,CRITICAL_TRIM,127.53,122.97,3.58,0,Closed 0 worst trades
2026.02.16 12:43:00,410038624,Magic_251101,CRITICAL_TRIM,127.53,122.97,3.58,0,Closed 0 worst trades
2026.02.16 12:43:00,410038624,Magic_251101,CRITICAL_TRIM,127.53,122.97,3.58,0,Closed 0 worst trades
2026.02.16 12:43:00,410038624,Magic_251101,CRITICAL_TRIM,127.53,122.97,3.58,0,Closed 0 worst trades
2026.02.16 12:43:00,410038624,Magic_251101,CRITICAL_TRIM,127.53,122.97,3.58,0,Closed 0 worst trades
2026.02.16 12:43:00,410038624,Magic_251101,CRITICAL_TRIM,127.53,122.97,3.58,0,Closed 0 worst trades
2026.02.16 12:43:00,410038624,Magic_251101,CRITICAL_TRIM,127.53,122.97,3.58,0,Closed 0 worst trades
2026.02.16 12:43:01,410038624,Magic_251101,CRITICAL_TRIM,127.53,122.97,3.58,0,Closed 0 worst trades
2026.02.16 12:43:01,410038624,Magic_251101,CRITICAL_TRIM,127.53,122.97,3.58,0,Closed 0 worst trades
2026.02.16 12:43:01,410038624,Magic_251101,CRITICAL_TRIM,127.53,122.97,3.58,0,Closed 0 worst trades
2026.02.16 12:43:01,410038624,Magic_251101,CRITICAL_TRIM,127.53,122.97,3.58,0,Closed 0 worst trades
2026.02.16 12:43:01,410038624,Magic_251101,CRITICAL_TRIM,127.53,122.97,3.58,0,Closed 0 worst trades
2026.02.16 12:43:01,410038624,Magic_251101,CRITICAL_TRIM,127.53,122.97,3.58,0,Closed 0 worst trades
2026.02.16 12:43:02,410038624,Magic_251101,CRITICAL_TRIM,127.53,122.97,3.58,0,Closed 0 worst trades
2026.02.16 12:43:02,410038624,Magic_251101,CRITICAL_TRIM,127.53,122.97,3.58,0,Closed 0 worst trades
2026.02.16 12:43:02,410038624,Magic_251101,CRITICAL_TRIM,127.53,122.97,3.58,0,Closed 0 worst trades
2026.02.16 12:43:03,410038624,Magic_251101,CRITICAL_TRIM,127.53,122.97,3.58,0,Closed 0 worst trades
2026.02.16 12:43:04,410038624,Magic_251101,CRITICAL_TRIM,127.53,122.97,3.58,0,Closed 0 worst trades
2026.02.16 12:43:04,410038624,Magic_251101,CRITICAL_TRIM,127.53,122.97,3.58,0,Closed 0 worst trades
2026.02.16 12:43:04,410038624,Magic_251101,CRITICAL_TRIM,127.53,122.97,3.58,0,Closed 0 worst trades
2026.02.16 12:43:04,410038624,Magic_251101,CRITICAL_TRIM,127.53,122.97,3.58,0,Closed 0 worst trades
2026.02.16 12:43:04,410038624,Magic_251101,CRITICAL_TRIM,127.53,122.97,3.58,0,Closed 0 worst trades
2026.02.16 12:43:05,410038624,Magic_251101,CRITICAL_TRIM,127.53,122.97,3.58,0,Closed 0 worst trades
2026.02.16 12:43:05,410038624,Magic_251101,CRITICAL_TRIM,127.53,122.97,3.58,0,Closed 0 worst trades
2026.02.16 12:43:05,410038624,Magic_251101,CRITICAL_TRIM,127.53,122.97,3.58,0,Closed 0 worst trades
2026.02.16 12:43:06,410038624,Magic_251101,CRITICAL_TRIM,127.53,122.97,3.58,0,Closed 0 worst trades
2026.02.16 12:43:06,410038624,Magic_251101,CRITICAL_TRIM,127.53,122.97,3.58,0,Closed 0 worst trades
2026.02.16 12:43:09,410038624,Magic_251101,CRITICAL_TRIM,127.53,122.97,3.58,0,Closed 0 worst trades
2026.02.16 12:43:09,410038624,Magic_251101,CRITICAL_TRIM,127.53,122.97,3.58,0,Closed 0 worst trades
2026.02.16 12:43:09,410038624,Magic_251101,CRITICAL_TRIM,127.53,122.97,3.58,0,Closed 0 worst trades
2026.02.16 12:43:09,410038624,Magic_251101,CRITICAL_TRIM,127.53,122.97,3.58,0,Closed 0 worst trades
2026.02.16 12:43:09,410038624,Magic_251101,CRITICAL_TRIM,127.53,122.97,3.58,0,Closed 0 worst trades
2026.02.16 12:43:10,410038624,Magic_251101,CRITICAL_TRIM,127.53,122.97,3.58,0,Closed 0 worst trades
2026.02.16 12:43:10,410038624,Magic_251101,CRITICAL_TRIM,127.53,122.97,3.58,0,Closed 0 worst trades
2026.02.16 12:43:10,410038624,Magic_251101,CRITICAL_TRIM,127.53,122.97,3.58,0,Closed 0 worst trades
2026.02.16 12:43:11,410038624,Magic_251101,CRITICAL_TRIM,127.53,122.97,3.58,0,Closed 0 worst trades
2026.02.16 12:43:12,410038624,Magic_251101,CRITICAL_TRIM,127.53,122.97,3.58,0,Closed 0 worst trades
2026.02.16 12:43:12,410038624,Magic_251101,CRITICAL_TRIM,127.53,122.97,3.58,0,Closed 0 worst trades
2026.02.16 12:43:12,410038624,Magic_251101,CRITICAL_TRIM,127.53,122.97,3.58,0,Closed 0 worst trades
2026.02.16 12:43:12,410038624,Magic_251101,CRITICAL_TRIM,127.53,122.97,3.58,0,Closed 0 worst trades
2026.02.16 12:43:12,410038624,Magic_251101,CRITICAL_TRIM,127.53,122.97,3.58,0,Closed 0 worst trades
2026.02.16 12:43:12,410038624,Magic_251101,CRITICAL_TRIM,127.53,122.97,3.58,0,Closed 0 worst trades
2026.02.16 12:43:13,410038624,Magic_251101,CRITICAL_TRIM,127.53,122.97,3.58,0,Closed 0 worst trades
2026.02.16 12:43:13,410038624,Magic_251101,CRITICAL_TRIM,127.53,122.97,3.58,0,Closed 0 worst trades
2026.02.16 12:43:13,410038624,Magic_251101,CRITICAL_TRIM,127.53,122.97,3.58,0,Closed 0 worst trades
2026.02.16 12:43:13,410038624,Magic_251101,CRITICAL_TRIM,127.53,122.97,3.58,0,Closed 0 worst trades
2026.02.16 12:43:14,410038624,Magic_251101,CRITICAL_TRIM,127.53,122.97,3.58,0,Closed 0 worst trades
2026.02.16 12:43:15,410038624,Magic_251101,CRITICAL_TRIM,127.53,122.97,3.58,0,Closed 0 worst trades
2026.02.16 12:43:15,410038624,Magic_251101,CRITICAL_TRIM,127.53,122.97,3.58,0,Closed 0 worst trades
2026.02.16 12:43:15,410038624,Magic_251101,CRITICAL_TRIM,127.53,122.97,3.58,0,Closed 0 worst trades
2026.02.16 12:43:18,410038624,Magic_251101,CRITICAL_TRIM,127.53,122.97,3.58,0,Closed 0 worst trades
2026.02.16 12:43:19,410038624,Magic_251101,CRITICAL_TRIM,127.53,122.97,3.58,0,Closed 0 worst trades
2026.02.16 12:43:19,410038624,Magic_251101,CRITICAL_TRIM,127.53,122.97,3.58,0,Closed 0 worst trades
2026.02.16 12:43:19,410038624,Magic_251101,CRITICAL_TRIM,127.53,122.97,3.58,0,Closed 0 worst trades
2026.02.16 12:43:19,410038624,Magic_251101,CRITICAL_TRIM,127.53,122.97,3.58,0,Closed 0 worst trades
2026.02.16 12:43:19,410038624,Magic_251101,CRITICAL_TRIM,127.53,122.97,3.58,0,Closed 0 worst trades
2026.02.16 12:43:19,410038624,Magic_251101,CRITICAL_TRIM,127.53,122.97,3.58,0,Closed 0 worst trades
2026.02.16 12:43:21,410038624,Magic_251101,CRITICAL_TRIM,127.53,122.97,3.58,0,Closed 0 worst trades
2026.02.16 12:43:21,410038624,Magic_251101,CRITICAL_TRIM,127.53,122.97,3.58,0,Closed 0 worst trades
2026.02.16 12:43:26,410038624,Magic_251101,CRITICAL_TRIM,127.53,122.97,3.58,0,Closed 0 worst trades
2026.02.16 12:43:29,410038624,Magic_251101,CRITICAL_TRIM,127.53,122.97,3.58,0,Closed 0 worst trades
2026.02.16 12:43:30,410038624,Magic_251101,CRITICAL_TRIM,127.53,122.97,3.58,0,Closed 0 worst trades
2026.02.16 12:43:31,410038624,Magic_251101,CRITICAL_TRIM,127.53,122.97,3.58,0,Closed 0 worst trades
2026.02.16 12:43:33,410038624,Magic_251101,CRITICAL_TRIM,127.53,122.97,3.58,0,Closed 0 worst trades
2026.02.16 12:43:36,410038624,Magic_251101,CRITICAL_TRIM,127.53,122.97,3.58,0,Closed 0 worst trades
2026.02.16 12:43:38,410038624,Magic_251101,CRITICAL_TRIM,127.53,122.97,3.58,0,Closed 0 worst trades
2026.02.16 12:43:38,410038624,Magic_251101,CRITICAL_TRIM,127.53,122.97,3.58,0,Closed 0 worst trades
2026.02.16 12:43:39,410038624,Magic_251101,CRITICAL_TRIM,127.53,122.97,3.58,0,Closed 0 worst trades
2026.02.16 12:43:40,410038624,Magic_251101,CRITICAL_TRIM,127.53,122.97,3.58,0,Closed 0 worst trades
2026.02.16 12:43:40,410038624,Magic_251101,CRITICAL_TRIM,127.53,122.97,3.58,0,Closed 0 worst trades
2026.02.16 12:43:40,410038624,Magic_251101,CRITICAL_TRIM,127.53,122.97,3.58,0,Closed 0 worst trades
2026.02.16 12:43:40,410038624,Magic_251101,CRITICAL_TRIM,127.53,122.97,3.58,0,Closed 0 worst trades
2026.02.16 12:43:41,410038624,Magic_251101,CRITICAL_TRIM,127.53,122.97,3.58,0,Closed 0 worst trades
2026.02.16 12:43:41,410038624,Magic_251101,CRITICAL_TRIM,127.53,122.97,3.58,0,Closed 0 worst trades
2026.02.16 12:43:41,410038624,Magic_251101,CRITICAL_TRIM,127.53,122.97,3.58,0,Closed 0 worst trades
2026.02.16 12:43:42,410038624,Magic_251101,CRITICAL_TRIM,127.53,122.97,3.58,0,Closed 0 worst trades
2026.02.16 12:43:42,410038624,Magic_251101,CRITICAL_TRIM,127.53,122.97,3.58,0,Closed 0 worst trades
2026.02.16 12:43:42,410038624,Magic_251101,CRITICAL_TRIM,127.53,122.97,3.58,0,Closed 0 worst trades
2026.02.16 12:43:42,410038624,Magic_251101,CRITICAL_TRIM,127.53,122.97,3.58,0,Closed 0 worst trades
2026.02.16 12:43:43,410038624,Magic_251101,CRITICAL_TRIM,127.53,122.97,3.58,0,Closed 0 worst trades
2026.02.16 12:43:43,410038624,Magic_251101,CRITICAL_TRIM,127.53,122.97,3.58,0,Closed 0 worst trades
2026.02.16 12:43:43,410038624,Magic_251101,CRITICAL_TRIM,127.53,122.97,3.58,0,Closed 0 worst trades
2026.02.16 12:43:43,410038624,Magic_251101,CRITICAL_TRIM,127.53,122.97,3.58,0,Closed 0 worst trades
2026.02.16 12:43:43,410038624,Magic_251101,CRITICAL_TRIM,127.53,122.97,3.58,0,Closed 0 worst trades
2026.02.16 12:43:44,410038624,Magic_251101,CRITICAL_TRIM,127.53,122.97,3.58,0,Closed 0 worst trades
2026.02.16 12:43:44,410038624,Magic_251101,CRITICAL_TRIM,127.53,122.97,3.58,0,Closed 0 worst trades
2026.02.16 12:43:44,410038624,Magic_251101,CRITICAL_TRIM,127.53,122.97,3.58,0,Closed 0 worst trades
2026.02.16 12:43:44,410038624,Magic_251101,CRITICAL_TRIM,127.53,122.97,3.58,0,Closed 0 worst trades
2026.02.16 12:43:46,410038624,Magic_251101,CRITICAL_TRIM,127.53,122.97,3.58,0,Closed 0 worst trades
2026.02.16 12:43:46,410038624,Magic_251101,CRITICAL_TRIM,127.53,122.97,3.58,0,Closed 0 worst trades
2026.02.16 12:43:47,410038624,Magic_251101,CRITICAL_TRIM,127.53,122.97,3.58,0,Closed 0 worst trades
2026.02.16 12:43:47,410038624,Magic_251101,CRITICAL_TRIM,127.53,122.97,3.58,0,Closed 0 worst trades
2026.02.16 12:43:47,410038624,Magic_251101,CRITICAL_TRIM,127.53,122.97,3.58,0,Closed 0 worst trades
2026.02.16 12:43:47,410038624,Magic_251101,CRITICAL_TRIM,127.53,122.97,3.58,0,Closed 0 worst trades
2026.02.16 12:43:47,410038624,Magic_251101,CRITICAL_TRIM,127.53,122.97,3.58,0,Closed 0 worst trades
2026.02.16 12:43:47,410038624,Magic_251101,CRITICAL_TRIM,127.53,122.97,3.58,0,Closed 0 worst trades
2026.02.16 12:43:47,410038624,Magic_251101,CRITICAL_TRIM,127.53,122.97,3.58,0,Closed 0 worst trades
2026.02.16 12:43:47,410038624,Magic_251101,CRITICAL_TRIM,127.53,122.97,3.58,0,Closed 0 worst trades
2026.02.16 12:43:47,410038624,Magic_251101,CRITICAL_TRIM,127.53,122.97,3.58,0,Closed 0 worst trades
2026.02.16 12:43:48,410038624,Magic_251101,CRITICAL_TRIM,127.53,122.97,3.58,0,Closed 0 worst trades
2026.02.16 12:43:48,410038624,Magic_251101,CRITICAL_TRIM,127.53,122.97,3.58,0,Closed 0 worst trades
2026.02.16 12:43:48,410038624,Magic_251101,CRITICAL_TRIM,127.53,122.97,3.58,0,Closed 0 worst trades
2026.02.16 12:43:49,410038624,Magic_251101,CRITICAL_TRIM,127.53,122.97,3.58,0,Closed 0 worst trades
2026.02.16 12:43:49,410038624,Magic_251101,CRITICAL_TRIM,127.53,122.97,3.58,0,Closed 0 worst trades
2026.02.16 12:43:51,410038624,Magic_251101,CRITICAL_TRIM,127.53,122.97,3.58,0,Closed 0 worst trades
2026.02.16 12:43:51,410038624,Magic_251101,CRITICAL_TRIM,127.53,122.97,3.58,0,Closed 0 worst trades
2026.02.16 12:43:52,410038624,Magic_251101,CRITICAL_TRIM,127.53,122.97,3.58,0,Closed 0 worst trades
2026.02.16 12:43:52,410038624,Magic_251101,CRITICAL_TRIM,127.53,122.97,3.58,0,Closed 0 worst trades
2026.02.16 12:43:52,410038624,Magic_251101,CRITICAL_TRIM,127.53,122.97,3.58,0,Closed 0 worst trades
2026.02.16 12:43:52,410038624,Magic_251101,CRITICAL_TRIM,127.53,122.97,3.58,0,Closed 0 worst trades
2026.02.16 12:43:53,410038624,Magic_251101,CRITICAL_TRIM,127.53,122.97,3.58,0,Closed 0 worst trades
2026.02.16 12:43:54,410038624,Magic_251101,CRITICAL_TRIM,127.53,122.97,3.58,0,Closed 0 worst trades
2026.02.16 12:43:54,410038624,Magic_251101,CRITICAL_TRIM,127.53,122.97,3.58,0,Closed 0 worst trades
2026.02.16 12:43:55,410038624,Magic_251101,CRITICAL_TRIM,127.53,122.97,3.58,0,Closed 0 worst trades
2026.02.16 12:43:55,410038624,Magic_251101,CRITICAL_TRIM,127.53,122.97,3.58,0,Closed 0 worst trades
2026.02.16 12:43:55,410038624,Magic_251101,CRITICAL_TRIM,127.53,122.97,3.58,0,Closed 0 worst trades
2026.02.16 12:43:55,410038624,Magic_251101,CRITICAL_TRIM,127.53,122.97,3.58,0,Closed 0 worst trades
2026.02.16 12:43:55,410038624,Magic_251101,CRITICAL_TRIM,127.53,122.97,3.58,0,Closed 0 worst trades
2026.02.16 12:43:56,410038624,Magic_251101,CRITICAL_TRIM,127.53,122.97,3.58,0,Closed 0 worst trades
2026.02.16 12:43:56,410038624,Magic_251101,CRITICAL_TRIM,127.53,122.97,3.58,0,Closed 0 worst trades
2026.02.16 12:43:56,410038624,Magic_251101,CRITICAL_TRIM,127.53,122.97,3.58,0,Closed 0 worst trades
2026.02.16 12:43:56,410038624,Magic_251101,CRITICAL_TRIM,127.53,122.97,3.58,0,Closed 0 worst trades
2026.02.16 12:43:56,410038624,Magic_251101,CRITICAL_TRIM,127.53,122.97,3.58,0,Closed 0 worst trades
2026.02.16 12:43:56,410038624,Magic_251101,CRITICAL_TRIM,127.53,122.97,3.58,0,Closed 0 worst trades
2026.02.16 12:43:57,410038624,Magic_251101,CRITICAL_TRIM,127.53,122.97,3.58,0,Closed 0 worst trades
2026.02.16 12:43:57,410038624,Magic_251101,CRITICAL_TRIM,127.53,122.97,3.58,0,Closed 0 worst trades
2026.02.16 12:43:57,410038624,Magic_251101,CRITICAL_TRIM,127.53,122.97,3.58,0,Closed 0 worst trades
2026.02.16 12:43:58,410038624,Magic_251101,CRITICAL_TRIM,127.53,122.97,3.58,0,Closed 0 worst trades
2026.02.16 12:43:58,410038624,Magic_251101,CRITICAL_TRIM,127.53,122.97,3.58,0,Closed 0 worst trades
2026.02.16 12:43:58,410038624,Magic_251101,CRITICAL_TRIM,127.53,122.97,3.58,0,Closed 0 worst trades
2026.02.16 12:43:58,410038624,Magic_251101,CRITICAL_TRIM,127.53,122.97,3.58,0,Closed 0 worst trades
2026.02.16 12:43:59,410038624,Magic_251101,CRITICAL_TRIM,127.53,122.97,3.58,0,Closed 0 worst trades
2026.02.16 12:43:59,410038624,Magic_251101,CRITICAL_TRIM,127.53,122.97,3.58,0,Closed 0 worst trades
2026.02.16 12:43:59,410038624,Magic_251101,CRITICAL_TRIM,127.53,122.97,3.58,0,Closed 0 worst trades
2026.02.16 12:43:59,410038624,Magic_251101,CRITICAL_TRIM,127.53,122.97,3.58,0,Closed 0 worst trades
2026.02.16 12:44:00,410038624,Magic_251101,CRITICAL_TRIM,127.53,122.97,3.58,0,Closed 0 worst trades
2026.02.16 12:44:00,410038624,Magic_251101,CRITICAL_TRIM,127.53,122.97,3.58,0,Closed 0 worst trades
2026.02.16 12:44:00,410038624,Magic_251101,CRITICAL_TRIM,127.53,122.97,3.58,0,Closed 0 worst trades
2026.02.16 12:44:00,410038624,Magic_251101,CRITICAL_TRIM,127.53,122.97,3.58,0,Closed 0 worst trades
2026.02.16 12:44:00,410038624,Magic_251101,CRITICAL_TRIM,127.53,122.97,3.58,0,Closed 0 worst trades
2026.02.16 12:44:00,410038624,Magic_251101,CRITICAL_TRIM,127.53,122.97,3.58,0,Closed 0 worst trades
2026.02.16 12:44:00,410038624,Magic_251101,CRITICAL_TRIM,127.53,122.97,3.58,0,Closed 0 worst trades
2026.02.16 12:44:00,410038624,Magic_251101,CRITICAL_TRIM,127.53,122.97,3.58,0,Closed 0 worst trades
2026.02.16 12:44:00,410038624,Magic_251101,CRITICAL_TRIM,127.53,122.97,3.58,0,Closed 0 worst trades
2026.02.16 12:44:00,410038624,Magic_251101,CRITICAL_TRIM,127.53,122.97,3.58,0,Closed 0 worst trades
2026.02.16 12:44:00,410038624,Magic_251101,CRITICAL_TRIM,127.53,122.97,3.58,0,Closed 0 worst trades
2026.02.16 12:44:01,410038624,Magic_251101,CRITICAL_TRIM,127.53,122.97,3.58,0,Closed 0 worst trades
2026.02.16 12:44:01,410038624,Magic_251101,CRITICAL_TRIM,127.53,122.97,3.58,0,Closed 0 worst trades
2026.02.16 12:44:01,410038624,Magic_251101,CRITICAL_TRIM,127.53,122.97,3.58,0,Closed 0 worst trades
2026.02.16 12:44:01,410038624,Magic_251101,CRITICAL_TRIM,127.53,122.97,3.58,0,Closed 0 worst trades
2026.02.16 12:44:01,410038624,Magic_251101,CRITICAL_TRIM,127.53,122.97,3.58,0,Closed 0 worst trades
2026.02.16 12:44:01,410038624,Magic_251101,CRITICAL_TRIM,127.53,122.97,3.58,0,Closed 0 worst trades
2026.02.16 12:44:01,410038624,Magic_251101,CRITICAL_TRIM,127.53,122.97,3.58,0,Closed 0 worst trades
2026.02.16 12:44:01,410038624,Magic_251101,CRITICAL_TRIM,127.53,122.97,3.58,0,Closed 0 worst trades
2026.02.16 12:44:02,410038624,Magic_251101,CRITICAL_TRIM,127.53,122.97,3.58,0,Closed 0 worst trades
2026.02.16 12:44:02,410038624,Magic_251101,CRITICAL_TRIM,127.53,122.97,3.58,0,Closed 0 worst trades
2026.02.16 12:44:02,410038624,Magic_251101,CRITICAL_TRIM,127.53,122.97,3.58,0,Closed 0 worst trades
2026.02.16 12:44:02,410038624,Magic_251101,CRITICAL_TRIM,127.53,122.97,3.58,0,Closed 0 worst trades
2026.02.16 12:44:02,410038624,Magic_251101,CRITICAL_TRIM,127.53,122.97,3.58,0,Closed 0 worst trades
2026.02.16 12:44:03,410038624,Magic_251101,CRITICAL_TRIM,127.53,122.97,3.58,0,Closed 0 worst trades
2026.02.16 12:44:03,410038624,Magic_251101,CRITICAL_TRIM,127.53,122.97,3.58,0,Closed 0 worst trades
2026.02.16 12:44:03,410038624,Magic_251101,CRITICAL_TRIM,127.53,122.97,3.58,0,Closed 0 worst trades
2026.02.16 12:44:05,410038624,Magic_251101,CRITICAL_TRIM,127.53,122.97,3.58,0,Closed 0 worst trades
2026.02.16 12:44:05,410038624,Magic_251101,CRITICAL_TRIM,127.53,122.97,3.58,0,Closed 0 worst trades
2026.02.16 12:44:06,410038624,Magic_251101,CRITICAL_TRIM,127.53,122.97,3.58,0,Closed 0 worst trades
2026.02.16 12:44:06,410038624,Magic_251101,CRITICAL_TRIM,127.53,122.97,3.58,0,Closed 0 worst trades
2026.02.16 12:44:06,410038624,Magic_251101,CRITICAL_TRIM,127.53,122.97,3.58,0,Closed 0 worst trades
2026.02.16 12:44:07,410038624,Magic_251101,CRITICAL_TRIM,127.53,122.97,3.58,0,Closed 0 worst trades
2026.02.16 12:44:08,410038624,Magic_251101,CRITICAL_TRIM,127.53,122.97,3.58,0,Closed 0 worst trades
2026.02.16 12:44:08,410038624,Magic_251101,CRITICAL_TRIM,127.53,122.97,3.58,0,Closed 0 worst trades
2026.02.16 12:44:08,410038624,Magic_251101,CRITICAL_TRIM,127.53,122.97,3.58,0,Closed 0 worst trades
2026.02.16 12:44:09,410038624,Magic_251101,CRITICAL_TRIM,127.53,122.97,3.58,0,Closed 0 worst trades
2026.02.16 12:44:09,410038624,Magic_251101,CRITICAL_TRIM,127.53,122.97,3.58,0,Closed 0 worst trades
2026.02.16 12:44:10,410038624,Magic_251101,CRITICAL_TRIM,127.53,122.97,3.58,0,Closed 0 worst trades
2026.02.16 12:44:10,410038624,Magic_251101,CRITICAL_TRIM,127.53,122.97,3.58,0,Closed 0 worst trades
2026.02.16 12:44:10,410038624,Magic_251101,CRITICAL_TRIM,127.53,122.97,3.58,0,Closed 0 worst trades
2026.02.16 12:44:10,410038624,Magic_251101,CRITICAL_TRIM,127.53,122.97,3.58,0,Closed 0 worst trades
2026.02.16 12:44:10,410038624,Magic_251101,CRITICAL_TRIM,127.53,122.97,3.58,0,Closed 0 worst trades
2026.02.16 12:44:11,410038624,Magic_251101,CRITICAL_TRIM,127.53,122.97,3.58,0,Closed 0 worst trades
2026.02.16 12:44:11,410038624,Magic_251101,CRITICAL_TRIM,127.53,122.97,3.58,0,Closed 0 worst trades
2026.02.16 12:44:11,410038624,Magic_251101,CRITICAL_TRIM,127.53,122.97,3.58,0,Closed 0 worst trades
2026.02.16 12:44:12,410038624,Magic_251101,CRITICAL_TRIM,127.53,122.97,3.58,0,Closed 0 worst trades
2026.02.16 12:44:15,410038624,Magic_251101,CRITICAL_TRIM,127.53,122.97,3.58,0,Closed 0 worst trades
2026.02.16 12:44:16,410038624,Magic_251101,CRITICAL_TRIM,127.53,122.97,3.58,0,Closed 0 worst trades
2026.02.16 12:44:16,410038624,Magic_251101,CRITICAL_TRIM,127.53,122.97,3.58,0,Closed 0 worst trades
2026.02.16 12:44:21,410038624,Magic_251101,CRITICAL_TRIM,127.53,122.97,3.58,0,Closed 0 worst trades
2026.02.16 12:44:21,410038624,Magic_251101,CRITICAL_TRIM,127.53,122.97,3.58,0,Closed 0 worst trades
2026.02.16 12:44:21,410038624,Magic_251101,CRITICAL_TRIM,127.53,122.97,3.58,0,Closed 0 worst trades
2026.02.16 12:44:21,410038624,Magic_251101,CRITICAL_TRIM,127.53,122.97,3.58,0,Closed 0 worst trades
2026.02.16 12:44:21,410038624,Magic_251101,CRITICAL_TRIM,127.53,122.97,3.58,0,Closed 0 worst trades
2026.02.16 12:44:22,410038624,Magic_251101,CRITICAL_TRIM,127.53,122.97,3.58,0,Closed 0 worst trades
2026.02.16 12:44:25,410038624,Magic_251101,CRITICAL_TRIM,127.53,122.97,3.58,0,Closed 0 worst trades
2026.02.16 12:44:27,410038624,Magic_251101,CRITICAL_TRIM,127.53,122.97,3.58,0,Closed 0 worst trades
2026.02.16 12:44:27,410038624,Magic_251101,CRITICAL_TRIM,127.53,122.97,3.58,0,Closed 0 worst trades
2026.02.16 12:44:28,410038624,Magic_251101,CRITICAL_TRIM,127.53,122.97,3.58,0,Closed 0 worst trades
2026.02.16 12:44:28,410038624,Magic_251101,CRITICAL_TRIM,127.53,122.97,3.58,0,Closed 0 worst trades
